snapshot_time,ticker,expiration,option_type,strike,last,bid,ask,iv,volume,open_interest,in_the_money,underlying
2026-08-27T04:49:52Z,MSFT,2026-08-28,call,270.0,224.89,0.0,0.0,1.0000000000000003e-05,1.0,0,True,496.3699951171875
2026-08-27T04:49:52Z,MSFT,2026-08-28,call,290.0,205.43,0.0,0.0,1.0000000000000003e-05,24.0,0,True,496.3699951171875
2026-08-27T04:49:52Z,MSFT,2026-08-28,call,300.0,195.44,0.0,0.0,1.0000000000000003e-05,2.0,0,True,496.3699951171875
2026-08-27T04:49:52Z,MSFT,2026-08-28,call,305.0,78.55,181.35,184.55,1.0000000000000003e-05,1.0,0,True,496.3699951171875
2026-08-27T04:49:52Z,MSFT,2026-08-28,call,310.0,174.78,0.0,0.0,1.0000000000000003e-05,1.0,0,True,496.3699951171875
2026-08-27T04:49:52Z,MSFT,2026-08-28,call,315.0,168.7,0.0,0.0,1.0000000000000003e-05,60.0,0,True,496.3699951171875
2026-08-27T04:49:52Z,MSFT,2026-08-28,call,320.0,168.22,0.0,0.0,1.0000000000000003e-05,3.0,0,True,496.3699951171875
2026-08-27T04:49:52Z,MSFT,2026-08-28,call,325.0,126.62,0.0,0.0,1.0000000000000003e-05,1.0,0,True,496.3699951171875
2026-08-27T04:49:52Z,MSFT,2026-08-28,call,330.0,151.8,0.0,0.0,1.0000000000000003e-05,1.0,0,True,496.3699951171875
2026-08-27T04:49:52Z,MSFT,2026-08-28,call,335.0,148.47,0.0,0.0,1.0000000000000003e-05,10.0,0,True,496.3699951171875
2026-08-27T04:49:52Z,MSFT,2026-08-28,call,340.0,147.45,0.0,0.0,1.0000000000000003e-05,1.0,0,True,496.3699951171875
2026-08-27T04:49:52Z,MSFT,2026-08-28,call,345.0,109.46,0.0,0.0,1.0000000000000003e-05,2.0,0,True,496.3699951171875
2026-08-27T04:49:52Z,MSFT,2026-08-28,call,350.0,133.65,0.0,0.0,1.0000000000000003e-05,60.0,0,True,496.3699951171875
2026-08-27T04:49:52Z,MSFT,2026-08-28,call,355.0,128.32,0.0,0.0,1.0000000000000003e-05,10.0,0,True,496.3699951171875
2026-08-27T04:49:52Z,MSFT,2026-08-28,call,360.0,124.1,0.0,0.0,1.0000000000000003e-05,125.0,0,True,496.3699951171875
2026-08-27T04:49:52Z,MSFT,2026-08-28,call,365.0,118.87,0.0,0.0,1.0000000000000003e-05,10.0,0,True,496.3699951171875
2026-08-27T04:49:52Z,MSFT,2026-08-28,call,370.0,114.1,0.0,0.0,1.0000000000000003e-05,60.0,0,True,496.3699951171875
2026-08-27T04:49:52Z,MSFT,2026-08-28,call,375.0,108.6,0.0,0.0,1.0000000000000003e-05,50.0,0,True,496.3699951171875
2026-08-27T04:49:52Z,MSFT,2026-08-28,call,380.0,115.21,0.0,0.0,1.0000000000000003e-05,2.0,0,True,496.3699951171875
2026-08-27T04:49:52Z,MSFT,2026-08-28,call,385.0,110.24,0.0,0.0,1.0000000000000003e-05,2.0,0,True,496.3699951171875
2026-08-27T04:49:52Z,MSFT,2026-08-28,call,390.0,106.02,0.0,0.0,1.0000000000000003e-05,6.0,0,True,496.3699951171875
2026-08-27T04:49:52Z,MSFT,2026-08-28,call,395.0,86.4,0.0,0.0,1.0000000000000003e-05,1.0,0,True,496.3699951171875
2026-08-27T04:49:52Z,MSFT,2026-08-28,call,400.0,96.3,0.0,0.0,1.0000000000000003e-05,3.0,0,True,496.3699951171875
2026-08-27T04:49:52Z,MSFT,2026-08-28,call,405.0,83.89,0.0,0.0,1.0000000000000003e-05,5.0,0,True,496.3699951171875
2026-08-27T04:49:52Z,MSFT,2026-08-28,call,410.0,80.56,0.0,0.0,1.0000000000000003e-05,2.0,0,True,496.3699951171875
2026-08-27T04:49:52Z,MSFT,2026-08-28,call,415.0,68.37,0.0,0.0,1.0000000000000003e-05,1.0,0,True,496.3699951171875
2026-08-27T04:49:52Z,MSFT,2026-08-28,call,420.0,64.77,0.0,0.0,1.0000000000000003e-05,5.0,0,True,496.3699951171875
2026-08-27T04:49:52Z,MSFT,2026-08-28,call,425.0,63.4,0.0,0.0,1.0000000000000003e-05,2.0,0,True,496.3699951171875
2026-08-27T04:49:52Z,MSFT,2026-08-28,call,430.0,65.46,0.0,0.0,1.0000000000000003e-05,1.0,0,True,496.3699951171875
2026-08-27T04:49:52Z,MSFT,2026-08-28,call,435.0,62.3,0.0,0.0,1.0000000000000003e-05,1.0,0,True,496.3699951171875
2026-08-27T04:49:52Z,MSFT,2026-08-28,call,437.5,47.45,0.0,0.0,1.0000000000000003e-05,58.0,0,True,496.3699951171875
2026-08-27T04:49:52Z,MSFT,2026-08-28,call,440.0,54.25,0.0,0.0,1.0000000000000003e-05,3.0,0,True,496.3699951171875
2026-08-27T04:49:52Z,MSFT,2026-08-28,call,442.5,51.82,0.0,0.0,1.0000000000000003e-05,1.0,0,True,496.3699951171875
2026-08-27T04:49:52Z,MSFT,2026-08-28,call,445.0,49.82,0.0,0.0,1.0000000000000003e-05,3.0,0,True,496.3699951171875
2026-08-27T04:49:52Z,MSFT,2026-08-28,call,447.5,41.87,0.0,0.0,1.0000000000000003e-05,2.0,0,True,496.3699951171875
2026-08-27T04:49:52Z,MSFT,2026-08-28,call,450.0,44.25,0.0,0.0,1.0000000000000003e-05,25.0,0,True,496.3699951171875
2026-08-27T04:49:52Z,MSFT,2026-08-28,call,452.5,36.78,0.0,0.0,1.0000000000000003e-05,14.0,0,True,496.3699951171875
2026-08-27T04:49:52Z,MSFT,2026-08-28,call,455.0,41.95,0.0,0.0,1.0000000000000003e-05,40.0,0,True,496.3699951171875
2026-08-27T04:49:52Z,MSFT,2026-08-28,call,457.5,32.45,0.0,0.0,1.0000000000000003e-05,86.0,0,True,496.3699951171875
2026-08-27T04:49:52Z,MSFT,2026-08-28,call,460.0,37.01,0.0,0.0,1.0000000000000003e-05,41.0,0,True,496.3699951171875
2026-08-27T04:49:52Z,MSFT,2026-08-28,call,462.5,31.58,0.0,0.0,1.0000000000000003e-05,1.0,0,True,496.3699951171875
2026-08-27T04:49:52Z,MSFT,2026-08-28,call,465.0,31.64,0.0,0.0,1.0000000000000003e-05,22.0,0,True,496.3699951171875
2026-08-27T04:49:52Z,MSFT,2026-08-28,call,467.5,27.94,0.0,0.0,1.0000000000000003e-05,74.0,0,True,496.3699951171875
2026-08-27T04:49:52Z,MSFT,2026-08-28,call,470.0,26.31,0.0,0.0,1.0000000000000003e-05,159.0,0,True,496.3699951171875
2026-08-27T04:49:52Z,MSFT,2026-08-28,call,472.5,24.8,0.0,0.0,1.0000000000000003e-05,55.0,0,True,496.3699951171875
2026-08-27T04:49:52Z,MSFT,2026-08-28,call,475.0,21.6,0.0,0.0,1.0000000000000003e-05,71.0,0,True,496.3699951171875
2026-08-27T04:49:52Z,MSFT,2026-08-28,call,477.5,19.11,0.0,0.0,1.0000000000000003e-05,46.0,0,True,496.3699951171875
2026-08-27T04:49:52Z,MSFT,2026-08-28,call,480.0,17.37,0.0,0.0,1.0000000000000003e-05,240.0,0,True,496.3699951171875
2026-08-27T04:49:52Z,MSFT,2026-08-28,call,482.5,15.1,0.0,0.0,1.0000000000000003e-05,398.0,0,True,496.3699951171875
2026-08-27T04:49:52Z,MSFT,2026-08-28,call,485.0,12.57,0.0,0.0,1.0000000000000003e-05,488.0,0,True,496.3699951171875
2026-08-27T04:49:52Z,MSFT,2026-08-28,call,487.5,10.3,0.0,0.0,1.0000000000000003e-05,490.0,0,True,496.3699951171875
2026-08-27T04:49:52Z,MSFT,2026-08-28,call,490.0,8.63,0.0,0.0,1.0000000000000003e-05,1812.0,0,True,496.3699951171875
2026-08-27T04:49:52Z,MSFT,2026-08-28,call,492.5,6.8,0.0,0.0,1.0000000000000003e-05,1305.0,0,True,496.3699951171875
2026-08-27T04:49:52Z,MSFT,2026-08-28,call,495.0,5.08,0.0,0.0,1.0000000000000003e-05,9187.0,0,True,496.3699951171875
2026-08-27T04:49:52Z,MSFT,2026-08-28,call,497.5,3.85,0.0,0.0,0.007822421875,3581.0,0,False,496.3699951171875
2026-08-27T04:49:52Z,MSFT,2026-08-28,call,500.0,2.83,0.0,0.0,0.0312596875,13768.0,0,False,496.3699951171875
2026-08-27T04:49:52Z,MSFT,2026-08-28,call,502.5,2.05,0.0,0.0,0.0312596875,2589.0,0,False,496.3699951171875
2026-08-27T04:49:52Z,MSFT,2026-08-28,call,505.0,1.45,0.0,0.0,0.062509375,6612.0,0,False,496.3699951171875
2026-08-27T04:49:52Z,MSFT,2026-08-28,call,507.5,0.98,0.0,0.0,0.062509375,2101.0,0,False,496.3699951171875
2026-08-27T04:49:52Z,MSFT,2026-08-28,call,510.0,0.69,0.0,0.0,0.062509375,3482.0,0,False,496.3699951171875
2026-08-27T04:49:52Z,MSFT,2026-08-28,call,512.5,0.42,0.0,0.0,0.12500875,950.0,0,False,496.3699951171875
2026-08-27T04:49:52Z,MSFT,2026-08-28,call,515.0,0.29,0.0,0.0,0.12500875,1410.0,0,False,496.3699951171875
2026-08-27T04:49:52Z,MSFT,2026-08-28,call,517.5,0.21,0.0,0.0,0.12500875,379.0,0,False,496.3699951171875
2026-08-27T04:49:52Z,MSFT,2026-08-28,call,520.0,0.11,0.0,0.0,0.12500875,819.0,0,False,496.3699951171875
2026-08-27T04:49:52Z,MSFT,2026-08-28,call,522.5,0.13,0.0,0.0,0.12500875,226.0,0,False,496.3699951171875
2026-08-27T04:49:52Z,MSFT,2026-08-28,call,525.0,0.07,0.0,0.0,0.12500875,2605.0,0,False,496.3699951171875
2026-08-27T04:49:52Z,MSFT,2026-08-28,call,527.5,0.04,0.0,0.0,0.12500875,53.0,0,False,496.3699951171875
2026-08-27T04:49:52Z,MSFT,2026-08-28,call,530.0,0.02,0.0,0.0,0.2500075,97.0,0,False,496.3699951171875
2026-08-27T04:49:52Z,MSFT,2026-08-28,call,535.0,0.02,0.0,0.0,0.2500075,86.0,0,False,496.3699951171875
2026-08-27T04:49:52Z,MSFT,2026-08-28,call,540.0,0.02,0.0,0.0,0.2500075,181.0,0,False,496.3699951171875
2026-08-27T04:49:52Z,MSFT,2026-08-28,call,545.0,0.01,0.0,0.0,0.2500075,21.0,0,False,496.3699951171875
2026-08-27T04:49:52Z,MSFT,2026-08-28,call,550.0,0.01,0.0,0.0,0.2500075,21.0,0,False,496.3699951171875
2026-08-27T04:49:52Z,MSFT,2026-08-28,call,555.0,0.01,0.0,0.0,0.2500075,1.0,0,False,496.3699951171875
2026-08-27T04:49:52Z,MSFT,2026-08-28,call,560.0,0.01,0.0,0.0,0.2500075,37.0,0,False,496.3699951171875
2026-08-27T04:49:52Z,MSFT,2026-08-28,call,565.0,0.03,0.0,0.0,0.2500075,25.0,0,False,496.3699951171875
2026-08-27T04:49:52Z,MSFT,2026-08-28,call,570.0,0.01,0.0,0.0,0.500005,35.0,0,False,496.3699951171875
2026-08-27T04:49:52Z,MSFT,2026-08-28,call,575.0,0.04,0.0,0.0,0.500005,76.0,0,False,496.3699951171875
2026-08-27T04:49:52Z,MSFT,2026-08-28,call,580.0,0.01,0.0,0.0,0.500005,62.0,0,False,496.3699951171875
2026-08-27T04:49:52Z,MSFT,2026-08-28,call,585.0,0.04,0.0,0.0,0.500005,73.0,0,False,496.3699951171875
2026-08-27T04:49:52Z,MSFT,2026-08-28,call,590.0,0.03,0.0,0.0,0.500005,64.0,0,False,496.3699951171875
2026-08-27T04:49:52Z,MSFT,2026-08-28,call,600.0,0.15,0.0,0.0,0.500005,3.0,0,False,496.3699951171875
2026-08-27T04:49:52Z,MSFT,2026-08-28,call,610.0,0.01,0.0,0.0,0.500005,1.0,0,False,496.3699951171875
2026-08-27T04:49:52Z,MSFT,2026-08-28,call,620.0,0.01,0.0,0.0,0.500005,3.0,0,False,496.3699951171875
2026-08-27T04:49:52Z,MSFT,2026-08-28,call,630.0,0.02,0.0,0.0,0.500005,4.0,0,False,496.3699951171875
2026-08-27T04:49:52Z,MSFT,2026-08-28,call,640.0,0.01,0.0,0.0,0.500005,1.0,0,False,496.3699951171875
2026-08-27T04:49:52Z,MSFT,2026-08-28,call,650.0,0.01,0.0,0.0,0.500005,4.0,0,False,496.3699951171875
2026-08-27T04:49:52Z,MSFT,2026-08-28,call,660.0,0.01,0.0,0.0,0.500005,1.0,0,False,496.3699951171875
2026-08-27T04:49:52Z,MSFT,2026-08-28,call,670.0,0.01,0.0,0.0,0.500005,10.0,0,False,496.3699951171875
2026-08-27T04:49:52Z,MSFT,2026-08-28,call,680.0,0.01,0.0,0.0,0.500005,2.0,0,False,496.3699951171875
2026-08-27T04:49:52Z,MSFT,2026-08-28,put,270.0,0.01,0.0,0.0,0.500005,1.0,0,False,496.3699951171875
2026-08-27T04:49:52Z,MSFT,2026-08-28,put,280.0,0.01,0.0,0.0,0.500005,2.0,0,False,496.3699951171875
2026-08-27T04:49:52Z,MSFT,2026-08-28,put,290.0,0.01,0.0,0.0,0.500005,10.0,0,False,496.3699951171875
2026-08-27T04:49:52Z,MSFT,2026-08-28,put,300.0,0.01,0.0,0.0,0.500005,11.0,0,False,496.3699951171875
2026-08-27T04:49:52Z,MSFT,2026-08-28,put,305.0,0.01,0.0,0.0,0.500005,1.0,0,False,496.3699951171875
2026-08-27T04:49:52Z,MSFT,2026-08-28,put,310.0,0.01,0.0,0.0,0.500005,5.0,0,False,496.3699951171875
2026-08-27T04:49:52Z,MSFT,2026-08-28,put,315.0,0.01,0.0,0.0,0.500005,10.0,0,False,496.3699951171875
2026-08-27T04:49:52Z,MSFT,2026-08-28,put,320.0,0.03,0.0,0.0,0.500005,908.0,0,False,496.3699951171875
2026-08-27T04:49:52Z,MSFT,2026-08-28,put,325.0,0.02,0.0,0.0,0.500005,1.0,0,False,496.3699951171875
2026-08-27T04:49:52Z,MSFT,2026-08-28,put,330.0,0.01,0.0,0.0,0.500005,8.0,0,False,496.3699951171875
2026-08-27T04:49:52Z,MSFT,2026-08-28,put,335.0,0.01,0.0,0.0,0.500005,2.0,0,False,496.3699951171875
2026-08-27T04:49:52Z,MSFT,2026-08-28,put,340.0,0.01,0.0,0.0,0.500005,1.0,0,False,496.3699951171875
2026-08-27T04:49:52Z,MSFT,2026-08-28,put,345.0,0.01,0.0,0.0,0.500005,1.0,0,False,496.3699951171875
2026-08-27T04:49:52Z,MSFT,2026-08-28,put,350.0,0.01,0.0,0.0,0.500005,2.0,0,False,496.3699951171875
2026-08-27T04:49:52Z,MSFT,2026-08-28,put,355.0,0.01,0.0,0.0,0.500005,1.0,0,False,496.3699951171875
2026-08-27T04:49:52Z,MSFT,2026-08-28,put,360.0,0.01,0.0,0.0,0.500005,1.0,0,False,496.3699951171875
2026-08-27T04:49:52Z,MSFT,2026-08-28,put,365.0,0.01,0.0,0.0,0.500005,2.0,0,False,496.3699951171875
2026-08-27T04:49:52Z,MSFT,2026-08-28,put,370.0,0.02,0.0,0.0,0.500005,100.0,0,False,496.3699951171875
2026-08-27T04:49:52Z,MSFT,2026-08-28,put,375.0,0.01,0.0,0.0,0.500005,86.0,0,False,496.3699951171875
2026-08-27T04:49:52Z,MSFT,2026-08-28,put,380.0,0.01,0.0,0.0,0.500005,3.0,0,False,496.3699951171875
2026-08-27T04:49:52Z,MSFT,2026-08-28,put,385.0,0.03,0.0,0.0,0.500005,1.0,0,False,496.3699951171875
2026-08-27T04:49:52Z,MSFT,2026-08-28,put,390.0,0.01,0.0,0.0,0.500005,22.0,0,False,496.3699951171875
2026-08-27T04:49:52Z,MSFT,2026-08-28,put,395.0,0.01,0.0,0.0,0.500005,2.0,0,False,496.3699951171875
2026-08-27T04:49:52Z,MSFT,2026-08-28,put,400.0,0.02,0.0,0.0,0.500005,68.0,0,False,496.3699951171875
2026-08-27T04:49:52Z,MSFT,2026-08-28,put,405.0,0.01,0.0,0.0,0.500005,104.0,0,False,496.3699951171875
2026-08-27T04:49:52Z,MSFT,2026-08-28,put,410.0,0.01,0.0,0.0,0.500005,42.0,0,False,496.3699951171875
2026-08-27T04:49:52Z,MSFT,2026-08-28,put,415.0,0.01,0.0,0.0,0.500005,29.0,0,False,496.3699951171875
2026-08-27T04:49:52Z,MSFT,2026-08-28,put,420.0,0.01,0.0,0.0,0.500005,54.0,0,False,496.3699951171875
2026-08-27T04:49:52Z,MSFT,2026-08-28,put,425.0,0.01,0.0,0.0,0.500005,187.0,0,False,496.3699951171875
2026-08-27T04:49:52Z,MSFT,2026-08-28,put,430.0,0.02,0.0,0.0,0.500005,81.0,0,False,496.3699951171875
2026-08-27T04:49:52Z,MSFT,2026-08-28,put,435.0,0.02,0.0,0.0,0.500005,11.0,0,False,496.3699951171875
2026-08-27T04:49:52Z,MSFT,2026-08-28,put,437.5,0.08,0.0,0.0,0.2500075,4.0,0,False,496.3699951171875
2026-08-27T04:49:52Z,MSFT,2026-08-28,put,440.0,0.02,0.0,0.0,0.2500075,48.0,0,False,496.3699951171875
2026-08-27T04:49:52Z,MSFT,2026-08-28,put,442.5,0.04,0.0,0.0,0.2500075,3.0,0,False,496.3699951171875
2026-08-27T04:49:52Z,MSFT,2026-08-28,put,445.0,0.02,0.0,0.0,0.2500075,198.0,0,False,496.3699951171875
2026-08-27T04:49:52Z,MSFT,2026-08-28,put,447.5,0.05,0.0,0.0,0.2500075,13.0,0,False,496.3699951171875
2026-08-27T04:49:52Z,MSFT,2026-08-28,put,450.0,0.03,0.0,0.0,0.2500075,218.0,0,False,496.3699951171875
2026-08-27T04:49:52Z,MSFT,2026-08-28,put,452.5,0.08,0.0,0.0,0.2500075,50.0,0,False,496.3699951171875
2026-08-27T04:49:52Z,MSFT,2026-08-28,put,455.0,0.04,0.0,0.0,0.2500075,147.0,0,False,496.3699951171875
2026-08-27T04:49:52Z,MSFT,2026-08-28,put,457.5,0.04,0.0,0.0,0.2500075,548.0,0,False,496.3699951171875
2026-08-27T04:49:52Z,MSFT,2026-08-28,put,460.0,0.05,0.0,0.0,0.2500075,371.0,0,False,496.3699951171875
2026-08-27T04:49:52Z,MSFT,2026-08-28,put,462.5,0.06,0.0,0.0,0.2500075,42.0,0,False,496.3699951171875
2026-08-27T04:49:52Z,MSFT,2026-08-28,put,465.0,0.09,0.0,0.0,0.2500075,737.0,0,False,496.3699951171875
2026-08-27T04:49:52Z,MSFT,2026-08-28,put,467.5,0.09,0.0,0.0,0.12500875,195.0,0,False,496.3699951171875
2026-08-27T04:49:52Z,MSFT,2026-08-28,put,470.0,0.11,0.0,0.0,0.12500875,762.0,0,False,496.3699951171875
2026-08-27T04:49:52Z,MSFT,2026-08-28,put,472.5,0.15,0.0,0.0,0.12500875,193.0,0,False,496.3699951171875
2026-08-27T04:49:52Z,MSFT,2026-08-28,put,475.0,0.22,0.0,0.0,0.12500875,2175.0,0,False,496.3699951171875
2026-08-27T04:49:52Z,MSFT,2026-08-28,put,477.5,0.3,0.0,0.0,0.12500875,491.0,0,False,496.3699951171875
2026-08-27T04:49:52Z,MSFT,2026-08-28,put,480.0,0.45,0.0,0.0,0.12500875,1950.0,0,False,496.3699951171875
2026-08-27T04:49:52Z,MSFT,2026-08-28,put,482.5,0.63,0.0,0.0,0.062509375,2321.0,0,False,496.3699951171875
2026-08-27T04:49:52Z,MSFT,2026-08-28,put,485.0,0.93,0.0,0.0,0.062509375,1624.0,0,False,496.3699951171875
2026-08-27T04:49:52Z,MSFT,2026-08-28,put,487.5,1.35,0.0,0.0,0.062509375,1868.0,0,False,496.3699951171875
2026-08-27T04:49:52Z,MSFT,2026-08-28,put,490.0,1.91,0.0,0.0,0.0312596875,6275.0,0,False,496.3699951171875
2026-08-27T04:49:52Z,MSFT,2026-08-28,put,492.5,2.6,0.0,0.0,0.0312596875,1780.0,0,False,496.3699951171875
2026-08-27T04:49:52Z,MSFT,2026-08-28,put,495.0,3.6,0.0,0.0,0.007822421875,1530.0,0,False,496.3699951171875
2026-08-27T04:49:52Z,MSFT,2026-08-28,put,497.5,4.85,0.0,0.0,1.0000000000000003e-05,566.0,0,True,496.3699951171875
2026-08-27T04:49:52Z,MSFT,2026-08-28,put,500.0,6.0,0.0,0.0,1.0000000000000003e-05,155.0,0,True,496.3699951171875
2026-08-27T04:49:52Z,MSFT,2026-08-28,put,502.5,7.67,0.0,0.0,1.0000000000000003e-05,90.0,0,True,496.3699951171875
2026-08-27T04:49:52Z,MSFT,2026-08-28,put,505.0,9.84,0.0,0.0,1.0000000000000003e-05,46.0,0,True,496.3699951171875
2026-08-27T04:49:52Z,MSFT,2026-08-28,put,507.5,13.62,0.0,0.0,1.0000000000000003e-05,2.0,0,True,496.3699951171875
2026-08-27T04:49:52Z,MSFT,2026-08-28,put,510.0,13.59,0.0,0.0,1.0000000000000003e-05,13.0,0,True,496.3699951171875
2026-08-27T04:49:52Z,MSFT,2026-08-28,put,512.5,17.81,0.0,0.0,1.0000000000000003e-05,5.0,0,True,496.3699951171875
2026-08-27T04:49:52Z,MSFT,2026-08-28,put,515.0,18.42,0.0,0.0,1.0000000000000003e-05,64.0,0,True,496.3699951171875
2026-08-27T04:49:52Z,MSFT,2026-08-28,put,517.5,20.77,0.0,0.0,1.0000000000000003e-05,64.0,0,True,496.3699951171875
2026-08-27T04:49:52Z,MSFT,2026-08-28,put,520.0,33.27,0.0,0.0,1.0000000000000003e-05,2.0,0,True,496.3699951171875
2026-08-27T04:49:52Z,MSFT,2026-08-28,put,522.5,33.9,0.0,0.0,1.0000000000000003e-05,1.0,0,True,496.3699951171875
2026-08-27T04:49:52Z,MSFT,2026-08-28,put,525.0,31.5,0.0,0.0,1.0000000000000003e-05,2.0,0,True,496.3699951171875
2026-08-27T04:49:52Z,MSFT,2026-08-28,put,527.5,33.88,0.0,0.0,1.0000000000000003e-05,,0,True,496.3699951171875
2026-08-27T04:49:52Z,MSFT,2026-08-28,put,530.0,49.06,0.0,0.0,1.0000000000000003e-05,62.0,0,True,496.3699951171875
2026-08-27T04:49:52Z,MSFT,2026-08-28,put,535.0,51.55,0.0,0.0,1.0000000000000003e-05,15.0,0,True,496.3699951171875
2026-08-27T04:49:52Z,MSFT,2026-08-28,put,540.0,50.5,0.0,0.0,1.0000000000000003e-05,20.0,0,True,496.3699951171875
2026-08-27T04:49:52Z,MSFT,2026-08-28,put,545.0,61.9,0.0,0.0,1.0000000000000003e-05,18.0,0,True,496.3699951171875
2026-08-27T04:49:52Z,MSFT,2026-08-28,put,550.0,55.19,0.0,0.0,1.0000000000000003e-05,1.0,0,True,496.3699951171875
2026-08-27T04:49:52Z,MSFT,2026-08-28,put,555.0,71.14,0.0,0.0,1.0000000000000003e-05,1.0,0,True,496.3699951171875
2026-08-27T04:49:52Z,MSFT,2026-08-28,put,560.0,76.12,0.0,0.0,1.0000000000000003e-05,1.0,0,True,496.3699951171875
2026-08-27T04:49:52Z,MSFT,2026-08-28,put,570.0,75.2,0.0,0.0,1.0000000000000003e-05,,0,True,496.3699951171875
2026-08-27T04:49:52Z,MSFT,2026-08-28,put,585.0,101.2,0.0,0.0,1.0000000000000003e-05,2.0,0,True,496.3699951171875
2026-08-27T04:49:52Z,MSFT,2026-08-28,put,590.0,106.18,0.0,0.0,1.0000000000000003e-05,1.0,0,True,496.3699951171875
2026-08-27T04:49:52Z,MSFT,2026-08-28,put,600.0,116.21,0.0,0.0,1.0000000000000003e-05,1.0,0,True,496.3699951171875
2026-08-27T04:49:52Z,MSFT,2026-08-31,call,400.0,94.15,0.0,0.0,1.0000000000000003e-05,2.0,0,True,496.3699951171875
2026-08-27T04:49:52Z,MSFT,2026-08-31,call,410.0,73.1,0.0,0.0,1.0000000000000003e-05,,0,True,496.3699951171875
2026-08-27T04:49:52Z,MSFT,2026-08-31,call,425.0,57.21,0.0,0.0,1.0000000000000003e-05,,0,True,496.3699951171875
2026-08-27T04:49:52Z,MSFT,2026-08-31,call,430.0,52.3,0.0,0.0,1.0000000000000003e-05,,0,True,496.3699951171875
2026-08-27T04:49:52Z,MSFT,2026-08-31,call,435.0,46.14,0.0,0.0,1.0000000000000003e-05,,0,True,496.3699951171875
2026-08-27T04:49:52Z,MSFT,2026-08-31,call,437.5,57.54,0.0,0.0,1.0000000000000003e-05,1.0,0,True,496.3699951171875
2026-08-27T04:49:52Z,MSFT,2026-08-31,call,440.0,46.0,0.0,0.0,1.0000000000000003e-05,1.0,0,True,496.3699951171875
2026-08-27T04:49:52Z,MSFT,2026-08-31,call,442.5,39.68,0.0,0.0,1.0000000000000003e-05,,0,True,496.3699951171875
2026-08-27T04:49:52Z,MSFT,2026-08-31,call,445.0,45.8,0.0,0.0,1.0000000000000003e-05,8.0,0,True,496.3699951171875
2026-08-27T04:49:52Z,MSFT,2026-08-31,call,447.5,37.76,0.0,0.0,1.0000000000000003e-05,1.0,0,True,496.3699951171875
2026-08-27T04:49:52Z,MSFT,2026-08-31,call,450.0,37.48,0.0,0.0,1.0000000000000003e-05,1.0,0,True,496.3699951171875
2026-08-27T04:49:52Z,MSFT,2026-08-31,call,455.0,32.37,0.0,0.0,1.0000000000000003e-05,4.0,0,True,496.3699951171875
2026-08-27T04:49:52Z,MSFT,2026-08-31,call,457.5,31.24,0.0,0.0,1.0000000000000003e-05,60.0,0,True,496.3699951171875
2026-08-27T04:49:52Z,MSFT,2026-08-31,call,460.0,36.23,0.0,0.0,1.0000000000000003e-05,12.0,0,True,496.3699951171875
2026-08-27T04:49:52Z,MSFT,2026-08-31,call,462.5,27.22,0.0,0.0,1.0000000000000003e-05,1.0,0,True,496.3699951171875
2026-08-27T04:49:52Z,MSFT,2026-08-31,call,465.0,26.3,0.0,0.0,1.0000000000000003e-05,1.0,0,True,496.3699951171875
2026-08-27T04:49:52Z,MSFT,2026-08-31,call,467.5,19.45,0.0,0.0,1.0000000000000003e-05,2.0,0,True,496.3699951171875
2026-08-27T04:49:52Z,MSFT,2026-08-31,call,470.0,24.8,0.0,0.0,1.0000000000000003e-05,2.0,0,True,496.3699951171875
2026-08-27T04:49:52Z,MSFT,2026-08-31,call,472.5,22.7,0.0,0.0,1.0000000000000003e-05,1.0,0,True,496.3699951171875
2026-08-27T04:49:52Z,MSFT,2026-08-31,call,475.0,21.6,0.0,0.0,1.0000000000000003e-05,2.0,0,True,496.3699951171875
2026-08-27T04:49:52Z,MSFT,2026-08-31,call,477.5,19.11,0.0,0.0,1.0000000000000003e-05,1.0,0,True,496.3699951171875
2026-08-27T04:49:52Z,MSFT,2026-08-31,call,480.0,17.65,0.0,0.0,1.0000000000000003e-05,5.0,0,True,496.3699951171875
2026-08-27T04:49:52Z,MSFT,2026-08-31,call,482.5,15.2,0.0,0.0,1.0000000000000003e-05,20.0,0,True,496.3699951171875
2026-08-27T04:49:52Z,MSFT,2026-08-31,call,485.0,13.6,0.0,0.0,1.0000000000000003e-05,106.0,0,True,496.3699951171875
2026-08-27T04:49:52Z,MSFT,2026-08-31,call,487.5,10.4,0.0,0.0,1.0000000000000003e-05,32.0,0,True,496.3699951171875
2026-08-27T04:49:52Z,MSFT,2026-08-31,call,490.0,9.68,0.0,0.0,1.0000000000000003e-05,374.0,0,True,496.3699951171875
2026-08-27T04:49:52Z,MSFT,2026-08-31,call,492.5,7.75,0.0,0.0,1.0000000000000003e-05,229.0,0,True,496.3699951171875
2026-08-27T04:49:52Z,MSFT,2026-08-31,call,495.0,6.0,0.0,0.0,1.0000000000000003e-05,448.0,0,True,496.3699951171875
2026-08-27T04:49:52Z,MSFT,2026-08-31,call,497.5,5.1,0.0,0.0,0.007822421875,235.0,0,False,496.3699951171875
2026-08-27T04:49:52Z,MSFT,2026-08-31,call,500.0,3.6,0.0,0.0,0.015634843750000002,1225.0,0,False,496.3699951171875
2026-08-27T04:49:52Z,MSFT,2026-08-31,call,502.5,3.05,0.0,0.0,0.0312596875,327.0,0,False,496.3699951171875
2026-08-27T04:49:52Z,MSFT,2026-08-31,call,505.0,2.2,0.0,0.0,0.0312596875,400.0,0,False,496.3699951171875
2026-08-27T04:49:52Z,MSFT,2026-08-31,call,507.5,1.49,0.0,0.0,0.0312596875,188.0,0,False,496.3699951171875
2026-08-27T04:49:52Z,MSFT,2026-08-31,call,510.0,1.23,0.0,0.0,0.062509375,402.0,0,False,496.3699951171875
2026-08-27T04:49:52Z,MSFT,2026-08-31,call,512.5,0.98,0.0,0.0,0.062509375,153.0,0,False,496.3699951171875
2026-08-27T04:49:52Z,MSFT,2026-08-31,call,515.0,0.62,0.0,0.0,0.062509375,150.0,0,False,496.3699951171875
2026-08-27T04:49:52Z,MSFT,2026-08-31,call,517.5,0.43,0.0,0.0,0.062509375,54.0,0,False,496.3699951171875
2026-08-27T04:49:52Z,MSFT,2026-08-31,call,520.0,0.28,0.0,0.0,0.062509375,205.0,0,False,496.3699951171875
2026-08-27T04:49:52Z,MSFT,2026-08-31,call,522.5,0.19,0.0,0.0,0.12500875,13.0,0,False,496.3699951171875
2026-08-27T04:49:52Z,MSFT,2026-08-31,call,525.0,0.14,0.0,0.0,0.12500875,162.0,0,False,496.3699951171875
2026-08-27T04:49:52Z,MSFT,2026-08-31,call,527.5,0.16,0.0,0.0,0.12500875,,0,False,496.3699951171875
2026-08-27T04:49:52Z,MSFT,2026-08-31,call,530.0,0.07,0.0,0.0,0.12500875,15.0,0,False,496.3699951171875
2026-08-27T04:49:52Z,MSFT,2026-08-31,call,535.0,0.04,0.0,0.0,0.12500875,16.0,0,False,496.3699951171875
2026-08-27T04:49:52Z,MSFT,2026-08-31,call,540.0,0.02,0.0,0.0,0.12500875,1.0,0,False,496.3699951171875
2026-08-27T04:49:52Z,MSFT,2026-08-31,call,545.0,0.02,0.0,0.0,0.12500875,59.0,0,False,496.3699951171875
2026-08-27T04:49:52Z,MSFT,2026-08-31,call,550.0,0.02,0.0,0.0,0.2500075,1.0,0,False,496.3699951171875
2026-08-27T04:49:52Z,MSFT,2026-08-31,call,555.0,0.01,0.0,0.0,0.2500075,8.0,0,False,496.3699951171875
2026-08-27T04:49:52Z,MSFT,2026-08-31,call,560.0,0.01,0.0,0.0,0.2500075,,0,False,496.3699951171875
2026-08-27T04:49:52Z,MSFT,2026-08-31,call,565.0,0.11,0.0,0.0,0.2500075,6.0,0,False,496.3699951171875
2026-08-27T04:49:52Z,MSFT,2026-08-31,call,570.0,0.11,0.0,0.0,0.2500075,2.0,0,False,496.3699951171875
2026-08-27T04:49:52Z,MSFT,2026-08-31,put,300.0,0.59,0.0,0.0,0.500005,31.0,0,False,496.3699951171875
2026-08-27T04:49:52Z,MSFT,2026-08-31,put,330.0,0.02,0.0,0.0,0.500005,2.0,0,False,496.3699951171875
2026-08-27T04:49:52Z,MSFT,2026-08-31,put,335.0,1.11,0.0,0.0,0.500005,13.0,0,False,496.3699951171875
2026-08-27T04:49:52Z,MSFT,2026-08-31,put,345.0,0.06,0.0,0.0,0.500005,132.0,0,False,496.3699951171875
2026-08-27T04:49:52Z,MSFT,2026-08-31,put,375.0,0.05,0.0,0.0,0.500005,,0,False,496.3699951171875
2026-08-27T04:49:52Z,MSFT,2026-08-31,put,385.0,0.06,0.0,0.0,0.500005,7.0,0,False,496.3699951171875
2026-08-27T04:49:52Z,MSFT,2026-08-31,put,390.0,0.06,0.0,0.0,0.500005,6.0,0,False,496.3699951171875
2026-08-27T04:49:52Z,MSFT,2026-08-31,put,395.0,1.41,0.0,0.0,0.500005,4.0,0,False,496.3699951171875
2026-08-27T04:49:52Z,MSFT,2026-08-31,put,400.0,0.01,0.0,0.0,0.500005,20.0,0,False,496.3699951171875
2026-08-27T04:49:52Z,MSFT,2026-08-31,put,405.0,0.08,0.0,0.0,0.2500075,1.0,0,False,496.3699951171875
2026-08-27T04:49:52Z,MSFT,2026-08-31,put,410.0,0.03,0.0,0.0,0.2500075,3.0,0,False,496.3699951171875
2026-08-27T04:49:52Z,MSFT,2026-08-31,put,415.0,0.02,0.0,0.0,0.2500075,38.0,0,False,496.3699951171875
2026-08-27T04:49:52Z,MSFT,2026-08-31,put,420.0,0.03,0.0,0.0,0.2500075,11.0,0,False,496.3699951171875
2026-08-27T04:49:52Z,MSFT,2026-08-31,put,425.0,0.06,0.0,0.0,0.2500075,4.0,0,False,496.3699951171875
2026-08-27T04:49:52Z,MSFT,2026-08-31,put,430.0,0.05,0.0,0.0,0.2500075,20.0,0,False,496.3699951171875
2026-08-27T04:49:52Z,MSFT,2026-08-31,put,435.0,0.05,0.0,0.0,0.2500075,3.0,0,False,496.3699951171875
2026-08-27T04:49:52Z,MSFT,2026-08-31,put,437.5,0.05,0.0,0.0,0.2500075,2.0,0,False,496.3699951171875
2026-08-27T04:49:52Z,MSFT,2026-08-31,put,440.0,0.03,0.0,0.0,0.2500075,25.0,0,False,496.3699951171875
2026-08-27T04:49:52Z,MSFT,2026-08-31,put,442.5,0.09,0.0,0.0,0.2500075,17.0,0,False,496.3699951171875
2026-08-27T04:49:52Z,MSFT,2026-08-31,put,445.0,0.08,0.0,0.0,0.2500075,18.0,0,False,496.3699951171875
2026-08-27T04:49:52Z,MSFT,2026-08-31,put,447.5,0.16,0.0,0.0,0.2500075,21.0,0,False,496.3699951171875
2026-08-27T04:49:52Z,MSFT,2026-08-31,put,450.0,0.07,0.0,0.0,0.12500875,9.0,0,False,496.3699951171875
2026-08-27T04:49:52Z,MSFT,2026-08-31,put,452.5,0.22,0.0,0.0,0.12500875,3.0,0,False,496.3699951171875
2026-08-27T04:49:52Z,MSFT,2026-08-31,put,455.0,0.02,0.0,0.0,0.12500875,50.0,0,False,496.3699951171875
2026-08-27T04:49:52Z,MSFT,2026-08-31,put,457.5,0.11,0.0,0.0,0.12500875,8.0,0,False,496.3699951171875
2026-08-27T04:49:52Z,MSFT,2026-08-31,put,460.0,0.1,0.0,0.0,0.12500875,24.0,0,False,496.3699951171875
2026-08-27T04:49:52Z,MSFT,2026-08-31,put,462.5,0.12,0.0,0.0,0.12500875,44.0,0,False,496.3699951171875
2026-08-27T04:49:52Z,MSFT,2026-08-31,put,465.0,0.15,0.0,0.0,0.12500875,66.0,0,False,496.3699951171875
2026-08-27T04:49:52Z,MSFT,2026-08-31,put,467.5,0.2,0.0,0.0,0.12500875,69.0,0,False,496.3699951171875
2026-08-27T04:49:52Z,MSFT,2026-08-31,put,470.0,0.31,0.0,0.0,0.12500875,111.0,0,False,496.3699951171875
2026-08-27T04:49:52Z,MSFT,2026-08-31,put,472.5,0.32,0.0,0.0,0.12500875,44.0,0,False,496.3699951171875
2026-08-27T04:49:52Z,MSFT,2026-08-31,put,475.0,0.45,0.0,0.0,0.062509375,111.0,0,False,496.3699951171875
2026-08-27T04:49:52Z,MSFT,2026-08-31,put,477.5,0.44,0.0,0.0,0.062509375,133.0,0,False,496.3699951171875
2026-08-27T04:49:52Z,MSFT,2026-08-31,put,480.0,0.85,0.0,0.0,0.062509375,210.0,0,False,496.3699951171875
2026-08-27T04:49:52Z,MSFT,2026-08-31,put,482.5,1.12,0.0,0.0,0.062509375,133.0,0,False,496.3699951171875
2026-08-27T04:49:52Z,MSFT,2026-08-31,put,485.0,1.51,0.0,0.0,0.062509375,186.0,0,False,496.3699951171875
2026-08-27T04:49:52Z,MSFT,2026-08-31,put,487.5,2.04,0.0,0.0,0.0312596875,60.0,0,False,496.3699951171875
2026-08-27T04:49:52Z,MSFT,2026-08-31,put,490.0,2.55,0.0,0.0,0.0312596875,652.0,0,False,496.3699951171875
2026-08-27T04:49:52Z,MSFT,2026-08-31,put,492.5,3.4,0.0,0.0,0.015634843750000002,123.0,0,False,496.3699951171875
2026-08-27T04:49:52Z,MSFT,2026-08-31,put,495.0,4.6,0.0,0.0,0.007822421875,602.0,0,False,496.3699951171875
2026-08-27T04:49:52Z,MSFT,2026-08-31,put,497.5,5.55,0.0,0.0,1.0000000000000003e-05,64.0,0,True,496.3699951171875
2026-08-27T04:49:52Z,MSFT,2026-08-31,put,500.0,6.9,0.0,0.0,1.0000000000000003e-05,114.0,0,True,496.3699951171875
2026-08-27T04:49:52Z,MSFT,2026-08-31,put,502.5,19.0,0.0,0.0,1.0000000000000003e-05,1.0,0,True,496.3699951171875
2026-08-27T04:49:52Z,MSFT,2026-08-31,put,505.0,10.02,0.0,0.0,1.0000000000000003e-05,10.0,0,True,496.3699951171875
2026-08-27T04:49:52Z,MSFT,2026-08-31,put,510.0,21.74,0.0,0.0,1.0000000000000003e-05,1.0,0,True,496.3699951171875
2026-08-27T04:49:52Z,MSFT,2026-08-31,put,512.5,29.61,0.0,0.0,1.0000000000000003e-05,,0,True,496.3699951171875
2026-08-27T04:49:52Z,MSFT,2026-08-31,put,515.0,26.68,0.0,0.0,1.0000000000000003e-05,34.0,0,True,496.3699951171875
2026-08-27T04:49:52Z,MSFT,2026-08-31,put,517.5,29.03,0.0,0.0,1.0000000000000003e-05,34.0,0,True,496.3699951171875
2026-08-27T04:49:52Z,MSFT,2026-08-31,put,520.0,33.02,0.0,0.0,1.0000000000000003e-05,2.0,0,True,496.3699951171875
2026-08-27T04:49:52Z,MSFT,2026-08-31,put,550.0,71.55,0.0,0.0,1.0000000000000003e-05,,0,True,496.3699951171875
2026-08-27T04:49:52Z,MSFT,2026-09-02,call,320.0,167.4,0.0,0.0,1.0000000000000003e-05,1.0,0,True,496.3699951171875
2026-08-27T04:49:52Z,MSFT,2026-09-02,call,410.0,72.63,0.0,0.0,1.0000000000000003e-05,3.0,0,True,496.3699951171875
2026-08-27T04:49:52Z,MSFT,2026-09-02,call,430.0,59.34,0.0,0.0,1.0000000000000003e-05,144.0,0,True,496.3699951171875
2026-08-27T04:49:52Z,MSFT,2026-09-02,call,432.5,56.89,0.0,0.0,1.0000000000000003e-05,62.0,0,True,496.3699951171875
2026-08-27T04:49:52Z,MSFT,2026-09-02,call,435.0,56.03,0.0,0.0,1.0000000000000003e-05,1.0,0,True,496.3699951171875
2026-08-27T04:49:52Z,MSFT,2026-09-02,call,437.5,51.56,0.0,0.0,1.0000000000000003e-05,192.0,0,True,496.3699951171875
2026-08-27T04:49:52Z,MSFT,2026-09-02,call,440.0,55.21,0.0,0.0,1.0000000000000003e-05,1.0,0,True,496.3699951171875
2026-08-27T04:49:52Z,MSFT,2026-09-02,call,445.0,38.02,0.0,0.0,1.0000000000000003e-05,,0,True,496.3699951171875
2026-08-27T04:49:52Z,MSFT,2026-09-02,call,447.5,40.6,0.0,0.0,1.0000000000000003e-05,2.0,0,True,496.3699951171875
2026-08-27T04:49:52Z,MSFT,2026-09-02,call,450.0,44.92,0.0,0.0,1.0000000000000003e-05,2.0,0,True,496.3699951171875
2026-08-27T04:49:52Z,MSFT,2026-09-02,call,452.5,37.58,0.0,0.0,1.0000000000000003e-05,168.0,0,True,496.3699951171875
2026-08-27T04:49:52Z,MSFT,2026-09-02,call,455.0,35.18,0.0,0.0,1.0000000000000003e-05,168.0,0,True,496.3699951171875
2026-08-27T04:49:52Z,MSFT,2026-09-02,call,460.0,36.45,0.0,0.0,1.0000000000000003e-05,136.0,0,True,496.3699951171875
2026-08-27T04:49:52Z,MSFT,2026-09-02,call,462.5,33.37,0.0,0.0,1.0000000000000003e-05,134.0,0,True,496.3699951171875
2026-08-27T04:49:52Z,MSFT,2026-09-02,call,465.0,30.86,0.0,0.0,1.0000000000000003e-05,32.0,0,True,496.3699951171875
2026-08-27T04:49:52Z,MSFT,2026-09-02,call,467.5,28.5,0.0,0.0,1.0000000000000003e-05,33.0,0,True,496.3699951171875
2026-08-27T04:49:52Z,MSFT,2026-09-02,call,470.0,25.17,0.0,0.0,1.0000000000000003e-05,4.0,0,True,496.3699951171875
2026-08-27T04:49:52Z,MSFT,2026-09-02,call,472.5,15.3,0.0,0.0,1.0000000000000003e-05,2.0,0,True,496.3699951171875
2026-08-27T04:49:52Z,MSFT,2026-09-02,call,475.0,18.33,0.0,0.0,1.0000000000000003e-05,34.0,0,True,496.3699951171875
2026-08-27T04:49:52Z,MSFT,2026-09-02,call,477.5,13.09,0.0,0.0,1.0000000000000003e-05,1.0,0,True,496.3699951171875
2026-08-27T04:49:52Z,MSFT,2026-09-02,call,480.0,17.5,0.0,0.0,1.0000000000000003e-05,10.0,0,True,496.3699951171875
2026-08-27T04:49:52Z,MSFT,2026-09-02,call,482.5,11.51,0.0,0.0,1.0000000000000003e-05,9.0,0,True,496.3699951171875
2026-08-27T04:49:52Z,MSFT,2026-09-02,call,485.0,14.55,0.0,0.0,1.0000000000000003e-05,25.0,0,True,496.3699951171875
2026-08-27T04:49:52Z,MSFT,2026-09-02,call,487.5,12.18,0.0,0.0,1.0000000000000003e-05,24.0,0,True,496.3699951171875
2026-08-27T04:49:52Z,MSFT,2026-09-02,call,490.0,10.95,0.0,0.0,1.0000000000000003e-05,55.0,0,True,496.3699951171875
2026-08-27T04:49:52Z,MSFT,2026-09-02,call,492.5,8.95,0.0,0.0,1.0000000000000003e-05,88.0,0,True,496.3699951171875
2026-08-27T04:49:52Z,MSFT,2026-09-02,call,495.0,7.6,0.0,0.0,1.0000000000000003e-05,174.0,0,True,496.3699951171875
2026-08-27T04:49:52Z,MSFT,2026-09-02,call,497.5,6.13,0.0,0.0,0.0039162109375,56.0,0,False,496.3699951171875
2026-08-27T04:49:52Z,MSFT,2026-09-02,call,500.0,5.14,0.0,0.0,0.015634843750000002,230.0,0,False,496.3699951171875
2026-08-27T04:49:52Z,MSFT,2026-09-02,call,502.5,4.35,0.0,0.0,0.015634843750000002,151.0,0,False,496.3699951171875
2026-08-27T04:49:52Z,MSFT,2026-09-02,call,505.0,3.24,0.0,0.0,0.0312596875,77.0,0,False,496.3699951171875
2026-08-27T04:49:52Z,MSFT,2026-09-02,call,507.5,2.69,0.0,0.0,0.0312596875,27.0,0,False,496.3699951171875
2026-08-27T04:49:52Z,MSFT,2026-09-02,call,510.0,2.12,0.0,0.0,0.0312596875,145.0,0,False,496.3699951171875
2026-08-27T04:49:52Z,MSFT,2026-09-02,call,512.5,1.42,0.0,0.0,0.062509375,43.0,0,False,496.3699951171875
2026-08-27T04:49:52Z,MSFT,2026-09-02,call,515.0,1.26,0.0,0.0,0.062509375,81.0,0,False,496.3699951171875
2026-08-27T04:49:52Z,MSFT,2026-09-02,call,517.5,0.91,0.0,0.0,0.062509375,43.0,0,False,496.3699951171875
2026-08-27T04:49:52Z,MSFT,2026-09-02,call,520.0,0.72,0.0,0.0,0.062509375,84.0,0,False,496.3699951171875
2026-08-27T04:49:52Z,MSFT,2026-09-02,call,522.5,0.51,0.0,0.0,0.062509375,17.0,0,False,496.3699951171875
2026-08-27T04:49:52Z,MSFT,2026-09-02,call,525.0,0.41,0.0,0.0,0.062509375,10.0,0,False,496.3699951171875
2026-08-27T04:49:52Z,MSFT,2026-09-02,call,527.5,0.28,0.0,0.0,0.12500875,8.0,0,False,496.3699951171875
2026-08-27T04:49:52Z,MSFT,2026-09-02,call,530.0,0.21,0.0,0.0,0.12500875,8.0,0,False,496.3699951171875
2026-08-27T04:49:52Z,MSFT,2026-09-02,call,535.0,0.14,0.0,0.0,0.12500875,4.0,0,False,496.3699951171875
2026-08-27T04:49:52Z,MSFT,2026-09-02,call,540.0,0.19,0.0,0.0,0.12500875,1.0,0,False,496.3699951171875
2026-08-27T04:49:52Z,MSFT,2026-09-02,call,545.0,0.05,0.0,0.0,0.12500875,13.0,0,False,496.3699951171875
2026-08-27T04:49:52Z,MSFT,2026-09-02,call,550.0,0.13,0.0,0.0,0.12500875,16.0,0,False,496.3699951171875
2026-08-27T04:49:52Z,MSFT,2026-09-02,call,570.0,0.03,0.0,0.0,0.2500075,3.0,0,False,496.3699951171875
2026-08-27T04:49:52Z,MSFT,2026-09-02,call,575.0,0.04,0.0,0.0,0.2500075,1.0,0,False,496.3699951171875
2026-08-27T04:49:52Z,MSFT,2026-09-02,put,300.0,0.08,0.0,0.0,0.500005,67.0,0,False,496.3699951171875
2026-08-27T04:49:52Z,MSFT,2026-09-02,put,335.0,0.03,0.0,0.0,0.500005,12.0,0,False,496.3699951171875
2026-08-27T04:49:52Z,MSFT,2026-09-02,put,340.0,0.01,0.0,0.0,0.500005,11.0,0,False,496.3699951171875
2026-08-27T04:49:52Z,MSFT,2026-09-02,put,385.0,0.05,0.0,0.0,0.500005,6.0,0,False,496.3699951171875
2026-08-27T04:49:52Z,MSFT,2026-09-02,put,390.0,0.06,0.0,0.0,0.2500075,4.0,0,False,496.3699951171875
2026-08-27T04:49:52Z,MSFT,2026-09-02,put,395.0,0.13,0.0,0.0,0.2500075,1.0,0,False,496.3699951171875
2026-08-27T04:49:52Z,MSFT,2026-09-02,put,400.0,0.14,0.0,0.0,0.2500075,12.0,0,False,496.3699951171875
2026-08-27T04:49:52Z,MSFT,2026-09-02,put,405.0,0.12,0.0,0.0,0.2500075,3.0,0,False,496.3699951171875
2026-08-27T04:49:52Z,MSFT,2026-09-02,put,415.0,0.1,0.0,0.0,0.2500075,8.0,0,False,496.3699951171875
2026-08-27T04:49:52Z,MSFT,2026-09-02,put,420.0,0.1,0.0,0.0,0.2500075,7.0,0,False,496.3699951171875
2026-08-27T04:49:52Z,MSFT,2026-09-02,put,430.0,0.2,0.0,0.0,0.2500075,1.0,0,False,496.3699951171875
2026-08-27T04:49:52Z,MSFT,2026-09-02,put,432.5,0.16,0.0,0.0,0.2500075,2.0,0,False,496.3699951171875
2026-08-27T04:49:52Z,MSFT,2026-09-02,put,435.0,0.21,0.0,0.0,0.2500075,21.0,0,False,496.3699951171875
2026-08-27T04:49:52Z,MSFT,2026-09-02,put,437.5,0.21,0.0,0.0,0.2500075,1.0,0,False,496.3699951171875
2026-08-27T04:49:52Z,MSFT,2026-09-02,put,440.0,0.14,0.0,0.0,0.12500875,20.0,0,False,496.3699951171875
2026-08-27T04:49:52Z,MSFT,2026-09-02,put,442.5,0.08,0.0,0.0,0.12500875,9.0,0,False,496.3699951171875
2026-08-27T04:49:52Z,MSFT,2026-09-02,put,445.0,0.08,0.0,0.0,0.12500875,5.0,0,False,496.3699951171875
2026-08-27T04:49:52Z,MSFT,2026-09-02,put,447.5,0.13,0.0,0.0,0.12500875,22.0,0,False,496.3699951171875
2026-08-27T04:49:52Z,MSFT,2026-09-02,put,450.0,0.12,0.0,0.0,0.12500875,29.0,0,False,496.3699951171875
2026-08-27T04:49:52Z,MSFT,2026-09-02,put,452.5,0.18,0.0,0.0,0.12500875,10.0,0,False,496.3699951171875
2026-08-27T04:49:52Z,MSFT,2026-09-02,put,455.0,0.24,0.0,0.0,0.12500875,4.0,0,False,496.3699951171875
2026-08-27T04:49:52Z,MSFT,2026-09-02,put,457.5,0.33,0.0,0.0,0.12500875,3.0,0,False,496.3699951171875
2026-08-27T04:49:52Z,MSFT,2026-09-02,put,460.0,0.25,0.0,0.0,0.12500875,12.0,0,False,496.3699951171875
2026-08-27T04:49:52Z,MSFT,2026-09-02,put,462.5,0.3,0.0,0.0,0.12500875,22.0,0,False,496.3699951171875
2026-08-27T04:49:52Z,MSFT,2026-09-02,put,465.0,0.47,0.0,0.0,0.12500875,11.0,0,False,496.3699951171875
2026-08-27T04:49:52Z,MSFT,2026-09-02,put,467.5,0.6,0.0,0.0,0.12500875,11.0,0,False,496.3699951171875
2026-08-27T04:49:52Z,MSFT,2026-09-02,put,470.0,0.75,0.0,0.0,0.062509375,77.0,0,False,496.3699951171875
2026-08-27T04:49:52Z,MSFT,2026-09-02,put,472.5,0.95,0.0,0.0,0.062509375,52.0,0,False,496.3699951171875
2026-08-27T04:49:52Z,MSFT,2026-09-02,put,475.0,0.99,0.0,0.0,0.062509375,22.0,0,False,496.3699951171875
2026-08-27T04:49:52Z,MSFT,2026-09-02,put,477.5,1.6,0.0,0.0,0.062509375,24.0,0,False,496.3699951171875
2026-08-27T04:49:52Z,MSFT,2026-09-02,put,480.0,1.6,0.0,0.0,0.062509375,91.0,0,False,496.3699951171875
2026-08-27T04:49:52Z,MSFT,2026-09-02,put,482.5,2.0,0.0,0.0,0.062509375,49.0,0,False,496.3699951171875
2026-08-27T04:49:52Z,MSFT,2026-09-02,put,485.0,2.51,0.0,0.0,0.0312596875,61.0,0,False,496.3699951171875
2026-08-27T04:49:52Z,MSFT,2026-09-02,put,487.5,3.13,0.0,0.0,0.0312596875,27.0,0,False,496.3699951171875
2026-08-27T04:49:52Z,MSFT,2026-09-02,put,490.0,3.9,0.0,0.0,0.0312596875,47.0,0,False,496.3699951171875
2026-08-27T04:49:52Z,MSFT,2026-09-02,put,500.0,8.17,0.0,0.0,1.0000000000000003e-05,56.0,0,True,496.3699951171875
2026-08-27T04:49:52Z,MSFT,2026-09-02,put,502.5,12.38,0.0,0.0,1.0000000000000003e-05,1.0,0,True,496.3699951171875
2026-08-27T04:49:52Z,MSFT,2026-09-02,put,535.0,55.65,0.0,0.0,1.0000000000000003e-05,,0,True,496.3699951171875
2026-08-27T04:49:52Z,MSFT,2026-09-04,call,300.0,199.01,0.0,0.0,1.0000000000000003e-05,1.0,0,True,496.3699951171875
2026-08-27T04:49:52Z,MSFT,2026-09-04,call,310.0,193.37,0.0,0.0,1.0000000000000003e-05,,0,True,496.3699951171875
2026-08-27T04:49:52Z,MSFT,2026-09-04,call,315.0,167.67,0.0,0.0,1.0000000000000003e-05,1.0,0,True,496.3699951171875
2026-08-27T04:49:52Z,MSFT,2026-09-04,call,320.0,159.47,0.0,0.0,1.0000000000000003e-05,,0,True,496.3699951171875
2026-08-27T04:49:52Z,MSFT,2026-09-04,call,325.0,154.53,0.0,0.0,1.0000000000000003e-05,,0,True,496.3699951171875
2026-08-27T04:49:52Z,MSFT,2026-09-04,call,330.0,128.69,0.0,0.0,1.0000000000000003e-05,8.0,0,True,496.3699951171875
2026-08-27T04:49:52Z,MSFT,2026-09-04,call,335.0,148.05,0.0,0.0,1.0000000000000003e-05,10.0,0,True,496.3699951171875
2026-08-27T04:49:52Z,MSFT,2026-09-04,call,340.0,118.26,0.0,0.0,1.0000000000000003e-05,11.0,0,True,496.3699951171875
2026-08-27T04:49:52Z,MSFT,2026-09-04,call,345.0,144.3,0.0,0.0,1.0000000000000003e-05,2.0,0,True,496.3699951171875
2026-08-27T04:49:52Z,MSFT,2026-09-04,call,350.0,133.58,0.0,0.0,1.0000000000000003e-05,1.0,0,True,496.3699951171875
2026-08-27T04:49:52Z,MSFT,2026-09-04,call,355.0,128.2,0.0,0.0,1.0000000000000003e-05,20.0,0,True,496.3699951171875
2026-08-27T04:49:52Z,MSFT,2026-09-04,call,360.0,123.4,0.0,0.0,1.0000000000000003e-05,10.0,0,True,496.3699951171875
2026-08-27T04:49:52Z,MSFT,2026-09-04,call,365.0,132.42,0.0,0.0,1.0000000000000003e-05,20.0,0,True,496.3699951171875
2026-08-27T04:49:52Z,MSFT,2026-09-04,call,370.0,124.95,0.0,0.0,1.0000000000000003e-05,7.0,0,True,496.3699951171875
2026-08-27T04:49:52Z,MSFT,2026-09-04,call,375.0,111.1,0.0,0.0,1.0000000000000003e-05,10.0,0,True,496.3699951171875
2026-08-27T04:49:52Z,MSFT,2026-09-04,call,380.0,104.94,0.0,0.0,1.0000000000000003e-05,1.0,0,True,496.3699951171875
2026-08-27T04:49:52Z,MSFT,2026-09-04,call,385.0,101.49,0.0,0.0,1.0000000000000003e-05,25.0,0,True,496.3699951171875
2026-08-27T04:49:52Z,MSFT,2026-09-04,call,390.0,96.41,0.0,0.0,1.0000000000000003e-05,17.0,0,True,496.3699951171875
2026-08-27T04:49:52Z,MSFT,2026-09-04,call,395.0,86.4,0.0,0.0,1.0000000000000003e-05,52.0,0,True,496.3699951171875
2026-08-27T04:49:52Z,MSFT,2026-09-04,call,400.0,94.78,0.0,0.0,1.0000000000000003e-05,1.0,0,True,496.3699951171875
2026-08-27T04:49:52Z,MSFT,2026-09-04,call,405.0,80.67,0.0,0.0,1.0000000000000003e-05,1.0,0,True,496.3699951171875
2026-08-27T04:49:52Z,MSFT,2026-09-04,call,410.0,75.25,0.0,0.0,1.0000000000000003e-05,5.0,0,True,496.3699951171875
2026-08-27T04:49:52Z,MSFT,2026-09-04,call,415.0,73.0,0.0,0.0,1.0000000000000003e-05,5.0,0,True,496.3699951171875
2026-08-27T04:49:52Z,MSFT,2026-09-04,call,420.0,69.58,0.0,0.0,1.0000000000000003e-05,1.0,0,True,496.3699951171875
2026-08-27T04:49:52Z,MSFT,2026-09-04,call,425.0,71.0,0.0,0.0,1.0000000000000003e-05,1.0,0,True,496.3699951171875
2026-08-27T04:49:52Z,MSFT,2026-09-04,call,427.5,62.38,0.0,0.0,1.0000000000000003e-05,241.0,0,True,496.3699951171875
2026-08-27T04:49:52Z,MSFT,2026-09-04,call,430.0,65.5,0.0,0.0,1.0000000000000003e-05,2.0,0,True,496.3699951171875
2026-08-27T04:49:52Z,MSFT,2026-09-04,call,432.5,57.47,0.0,0.0,1.0000000000000003e-05,238.0,0,True,496.3699951171875
2026-08-27T04:49:52Z,MSFT,2026-09-04,call,435.0,55.26,0.0,0.0,1.0000000000000003e-05,1.0,0,True,496.3699951171875
2026-08-27T04:49:52Z,MSFT,2026-09-04,call,440.0,50.46,0.0,0.0,1.0000000000000003e-05,1.0,0,True,496.3699951171875
2026-08-27T04:49:52Z,MSFT,2026-09-04,call,445.0,45.89,0.0,0.0,1.0000000000000003e-05,10.0,0,True,496.3699951171875
2026-08-27T04:49:52Z,MSFT,2026-09-04,call,447.5,41.54,0.0,0.0,1.0000000000000003e-05,60.0,0,True,496.3699951171875
2026-08-27T04:49:52Z,MSFT,2026-09-04,call,450.0,45.18,0.0,0.0,1.0000000000000003e-05,2.0,0,True,496.3699951171875
2026-08-27T04:49:52Z,MSFT,2026-09-04,call,452.5,42.81,0.0,0.0,1.0000000000000003e-05,2.0,0,True,496.3699951171875
2026-08-27T04:49:52Z,MSFT,2026-09-04,call,455.0,41.27,0.0,0.0,1.0000000000000003e-05,96.0,0,True,496.3699951171875
2026-08-27T04:49:52Z,MSFT,2026-09-04,call,460.0,35.66,0.0,0.0,1.0000000000000003e-05,92.0,0,True,496.3699951171875
2026-08-27T04:49:52Z,MSFT,2026-09-04,call,462.5,33.11,0.0,0.0,1.0000000000000003e-05,91.0,0,True,496.3699951171875
2026-08-27T04:49:52Z,MSFT,2026-09-04,call,465.0,30.96,0.0,0.0,1.0000000000000003e-05,26.0,0,True,496.3699951171875
2026-08-27T04:49:52Z,MSFT,2026-09-04,call,467.5,22.83,0.0,0.0,1.0000000000000003e-05,12.0,0,True,496.3699951171875
2026-08-27T04:49:52Z,MSFT,2026-09-04,call,470.0,28.57,0.0,0.0,1.0000000000000003e-05,18.0,0,True,496.3699951171875
2026-08-27T04:49:52Z,MSFT,2026-09-04,call,472.5,20.68,0.0,0.0,1.0000000000000003e-05,10.0,0,True,496.3699951171875
2026-08-27T04:49:52Z,MSFT,2026-09-04,call,475.0,23.6,0.0,0.0,1.0000000000000003e-05,9.0,0,True,496.3699951171875
2026-08-27T04:49:52Z,MSFT,2026-09-04,call,477.5,19.7,0.0,0.0,1.0000000000000003e-05,2.0,0,True,496.3699951171875
2026-08-27T04:49:52Z,MSFT,2026-09-04,call,480.0,19.95,0.0,0.0,1.0000000000000003e-05,563.0,0,True,496.3699951171875
2026-08-27T04:49:52Z,MSFT,2026-09-04,call,482.5,17.34,0.0,0.0,1.0000000000000003e-05,35.0,0,True,496.3699951171875
2026-08-27T04:49:52Z,MSFT,2026-09-04,call,485.0,15.75,0.0,0.0,1.0000000000000003e-05,41.0,0,True,496.3699951171875
2026-08-27T04:49:52Z,MSFT,2026-09-04,call,487.5,14.0,0.0,0.0,1.0000000000000003e-05,248.0,0,True,496.3699951171875
2026-08-27T04:49:52Z,MSFT,2026-09-04,call,490.0,12.0,0.0,0.0,1.0000000000000003e-05,950.0,0,True,496.3699951171875
2026-08-27T04:49:52Z,MSFT,2026-09-04,call,492.5,10.59,0.0,0.0,1.0000000000000003e-05,70.0,0,True,496.3699951171875
2026-08-27T04:49:52Z,MSFT,2026-09-04,call,495.0,8.9,0.0,0.0,1.0000000000000003e-05,546.0,0,True,496.3699951171875
2026-08-27T04:49:52Z,MSFT,2026-09-04,call,497.5,7.86,0.0,0.0,0.0039162109375,159.0,0,False,496.3699951171875
2026-08-27T04:49:52Z,MSFT,2026-09-04,call,500.0,6.5,0.0,0.0,0.015634843750000002,963.0,0,False,496.3699951171875
2026-08-27T04:49:52Z,MSFT,2026-09-04,call,502.5,5.7,0.0,0.0,0.015634843750000002,81.0,0,False,496.3699951171875
2026-08-27T04:49:52Z,MSFT,2026-09-04,call,505.0,4.55,0.0,0.0,0.0312596875,866.0,0,False,496.3699951171875
2026-08-27T04:49:52Z,MSFT,2026-09-04,call,507.5,3.75,0.0,0.0,0.0312596875,748.0,0,False,496.3699951171875
2026-08-27T04:49:52Z,MSFT,2026-09-04,call,510.0,3.2,0.0,0.0,0.0312596875,632.0,0,False,496.3699951171875
2026-08-27T04:49:52Z,MSFT,2026-09-04,call,512.5,2.44,0.0,0.0,0.062509375,137.0,0,False,496.3699951171875
2026-08-27T04:49:52Z,MSFT,2026-09-04,call,515.0,1.96,0.0,0.0,0.062509375,225.0,0,False,496.3699951171875
2026-08-27T04:49:52Z,MSFT,2026-09-04,call,517.5,1.65,0.0,0.0,0.062509375,175.0,0,False,496.3699951171875
2026-08-27T04:49:52Z,MSFT,2026-09-04,call,520.0,1.28,0.0,0.0,0.062509375,480.0,0,False,496.3699951171875
2026-08-27T04:49:52Z,MSFT,2026-09-04,call,522.5,0.94,0.0,0.0,0.062509375,49.0,0,False,496.3699951171875
2026-08-27T04:49:52Z,MSFT,2026-09-04,call,525.0,0.82,0.0,0.0,0.062509375,183.0,0,False,496.3699951171875
2026-08-27T04:49:52Z,MSFT,2026-09-04,call,527.5,0.72,0.0,0.0,0.062509375,125.0,0,False,496.3699951171875
2026-08-27T04:49:52Z,MSFT,2026-09-04,call,530.0,0.53,0.0,0.0,0.062509375,36.0,0,False,496.3699951171875
2026-08-27T04:49:52Z,MSFT,2026-09-04,call,532.5,0.44,0.0,0.0,0.12500875,57.0,0,False,496.3699951171875
2026-08-27T04:49:52Z,MSFT,2026-09-04,call,535.0,0.31,0.0,0.0,0.12500875,53.0,0,False,496.3699951171875
2026-08-27T04:49:52Z,MSFT,2026-09-04,call,537.5,0.23,0.0,0.0,0.12500875,6.0,0,False,496.3699951171875
2026-08-27T04:49:52Z,MSFT,2026-09-04,call,540.0,0.24,0.0,0.0,0.12500875,237.0,0,False,496.3699951171875
2026-08-27T04:49:52Z,MSFT,2026-09-04,call,545.0,0.09,0.0,0.0,0.12500875,2.0,0,False,496.3699951171875
2026-08-27T04:49:52Z,MSFT,2026-09-04,call,550.0,0.07,0.0,0.0,0.12500875,4.0,0,False,496.3699951171875
2026-08-27T04:49:52Z,MSFT,2026-09-04,call,555.0,0.06,0.0,0.0,0.12500875,7.0,0,False,496.3699951171875
2026-08-27T04:49:52Z,MSFT,2026-09-04,call,560.0,0.04,0.0,0.0,0.12500875,48.0,0,False,496.3699951171875
2026-08-27T04:49:52Z,MSFT,2026-09-04,call,565.0,0.05,0.0,0.0,0.12500875,7.0,0,False,496.3699951171875
2026-08-27T04:49:52Z,MSFT,2026-09-04,call,570.0,0.03,0.0,0.0,0.12500875,19.0,0,False,496.3699951171875
2026-08-27T04:49:52Z,MSFT,2026-09-04,call,575.0,0.02,0.0,0.0,0.2500075,138.0,0,False,496.3699951171875
2026-08-27T04:49:52Z,MSFT,2026-09-04,call,580.0,0.01,0.0,0.0,0.2500075,22.0,0,False,496.3699951171875
2026-08-27T04:49:52Z,MSFT,2026-09-04,call,590.0,0.01,0.0,0.0,0.2500075,50.0,0,False,496.3699951171875
2026-08-27T04:49:52Z,MSFT,2026-09-04,call,600.0,0.01,0.0,0.0,0.2500075,7.0,0,False,496.3699951171875
2026-08-27T04:49:52Z,MSFT,2026-09-04,call,610.0,0.03,0.0,0.0,0.2500075,6.0,0,False,496.3699951171875
2026-08-27T04:49:52Z,MSFT,2026-09-04,call,620.0,0.07,0.0,0.0,0.2500075,10.0,0,False,496.3699951171875
2026-08-27T04:49:52Z,MSFT,2026-09-04,call,630.0,0.13,0.0,0.0,0.2500075,10.0,0,False,496.3699951171875
2026-08-27T04:49:52Z,MSFT,2026-09-04,call,640.0,0.12,0.0,0.0,0.2500075,3.0,0,False,496.3699951171875
2026-08-27T04:49:52Z,MSFT,2026-09-04,call,650.0,0.01,0.0,0.0,0.2500075,28.0,0,False,496.3699951171875
2026-08-27T04:49:52Z,MSFT,2026-09-04,call,660.0,0.04,0.0,0.0,0.2500075,5.0,0,False,496.3699951171875
2026-08-27T04:49:52Z,MSFT,2026-09-04,call,670.0,0.25,0.0,0.0,0.500005,1.0,0,False,496.3699951171875
2026-08-27T04:49:52Z,MSFT,2026-09-04,call,680.0,0.04,0.0,0.0,0.500005,1.0,0,False,496.3699951171875
2026-08-27T04:49:52Z,MSFT,2026-09-04,put,270.0,0.11,0.0,0.0,0.500005,1.0,0,False,496.3699951171875
2026-08-27T04:49:52Z,MSFT,2026-09-04,put,280.0,0.05,0.0,0.0,0.500005,1.0,0,False,496.3699951171875
2026-08-27T04:49:52Z,MSFT,2026-09-04,put,290.0,0.02,0.0,0.0,0.500005,3.0,0,False,496.3699951171875
2026-08-27T04:49:52Z,MSFT,2026-09-04,put,300.0,0.01,0.0,0.0,0.500005,7.0,0,False,496.3699951171875
2026-08-27T04:49:52Z,MSFT,2026-09-04,put,305.0,0.08,0.0,0.0,0.500005,5.0,0,False,496.3699951171875
2026-08-27T04:49:52Z,MSFT,2026-09-04,put,310.0,0.01,0.0,0.0,0.500005,5.0,0,False,496.3699951171875
2026-08-27T04:49:52Z,MSFT,2026-09-04,put,315.0,0.13,0.0,0.0,0.500005,2.0,0,False,496.3699951171875
2026-08-27T04:49:52Z,MSFT,2026-09-04,put,320.0,0.01,0.0,0.0,0.500005,1.0,0,False,496.3699951171875
2026-08-27T04:49:52Z,MSFT,2026-09-04,put,325.0,0.07,0.0,0.0,0.500005,30.0,0,False,496.3699951171875
2026-08-27T04:49:52Z,MSFT,2026-09-04,put,330.0,0.05,0.0,0.0,0.500005,15.0,0,False,496.3699951171875
2026-08-27T04:49:52Z,MSFT,2026-09-04,put,335.0,0.1,0.0,0.0,0.500005,18.0,0,False,496.3699951171875
2026-08-27T04:49:52Z,MSFT,2026-09-04,put,340.0,0.04,0.0,0.0,0.500005,38.0,0,False,496.3699951171875
2026-08-27T04:49:52Z,MSFT,2026-09-04,put,345.0,0.03,0.0,0.0,0.500005,34.0,0,False,496.3699951171875
2026-08-27T04:49:52Z,MSFT,2026-09-04,put,350.0,0.02,0.0,0.0,0.500005,10.0,0,False,496.3699951171875
2026-08-27T04:49:52Z,MSFT,2026-09-04,put,355.0,0.03,0.0,0.0,0.500005,2.0,0,False,496.3699951171875
2026-08-27T04:49:52Z,MSFT,2026-09-04,put,360.0,0.01,0.0,0.0,0.500005,3.0,0,False,496.3699951171875
2026-08-27T04:49:52Z,MSFT,2026-09-04,put,365.0,0.06,0.0,0.0,0.500005,6.0,0,False,496.3699951171875
2026-08-27T04:49:52Z,MSFT,2026-09-04,put,370.0,0.01,0.0,0.0,0.500005,20.0,0,False,496.3699951171875
2026-08-27T04:49:52Z,MSFT,2026-09-04,put,375.0,0.02,0.0,0.0,0.2500075,12.0,0,False,496.3699951171875
2026-08-27T04:49:52Z,MSFT,2026-09-04,put,380.0,0.04,0.0,0.0,0.2500075,6.0,0,False,496.3699951171875
2026-08-27T04:49:52Z,MSFT,2026-09-04,put,385.0,0.01,0.0,0.0,0.2500075,1.0,0,False,496.3699951171875
2026-08-27T04:49:52Z,MSFT,2026-09-04,put,390.0,0.05,0.0,0.0,0.2500075,362.0,0,False,496.3699951171875
2026-08-27T04:49:52Z,MSFT,2026-09-04,put,395.0,0.02,0.0,0.0,0.2500075,8.0,0,False,496.3699951171875
2026-08-27T04:49:52Z,MSFT,2026-09-04,put,400.0,0.04,0.0,0.0,0.2500075,4.0,0,False,496.3699951171875
2026-08-27T04:49:52Z,MSFT,2026-09-04,put,405.0,0.07,0.0,0.0,0.2500075,5.0,0,False,496.3699951171875
2026-08-27T04:49:52Z,MSFT,2026-09-04,put,410.0,0.06,0.0,0.0,0.2500075,2.0,0,False,496.3699951171875
2026-08-27T04:49:52Z,MSFT,2026-09-04,put,415.0,0.16,0.0,0.0,0.2500075,2.0,0,False,496.3699951171875
2026-08-27T04:49:52Z,MSFT,2026-09-04,put,420.0,0.09,0.0,0.0,0.2500075,2.0,0,False,496.3699951171875
2026-08-27T04:49:52Z,MSFT,2026-09-04,put,425.0,0.09,0.0,0.0,0.2500075,89.0,0,False,496.3699951171875
2026-08-27T04:49:52Z,MSFT,2026-09-04,put,430.0,0.1,0.0,0.0,0.2500075,20.0,0,False,496.3699951171875
2026-08-27T04:49:52Z,MSFT,2026-09-04,put,432.5,0.09,0.0,0.0,0.12500875,12.0,0,False,496.3699951171875
2026-08-27T04:49:52Z,MSFT,2026-09-04,put,435.0,0.1,0.0,0.0,0.12500875,35.0,0,False,496.3699951171875
2026-08-27T04:49:52Z,MSFT,2026-09-04,put,437.5,0.36,0.0,0.0,0.12500875,5.0,0,False,496.3699951171875
2026-08-27T04:49:52Z,MSFT,2026-09-04,put,440.0,0.13,0.0,0.0,0.12500875,140.0,0,False,496.3699951171875
2026-08-27T04:49:52Z,MSFT,2026-09-04,put,442.5,0.17,0.0,0.0,0.12500875,21.0,0,False,496.3699951171875
2026-08-27T04:49:52Z,MSFT,2026-09-04,put,445.0,0.16,0.0,0.0,0.12500875,33.0,0,False,496.3699951171875
2026-08-27T04:49:52Z,MSFT,2026-09-04,put,447.5,0.2,0.0,0.0,0.12500875,28.0,0,False,496.3699951171875
2026-08-27T04:49:52Z,MSFT,2026-09-04,put,450.0,0.22,0.0,0.0,0.12500875,144.0,0,False,496.3699951171875
2026-08-27T04:49:52Z,MSFT,2026-09-04,put,452.5,0.37,0.0,0.0,0.12500875,2.0,0,False,496.3699951171875
2026-08-27T04:49:52Z,MSFT,2026-09-04,put,455.0,0.3,0.0,0.0,0.12500875,59.0,0,False,496.3699951171875
2026-08-27T04:49:52Z,MSFT,2026-09-04,put,457.5,0.47,0.0,0.0,0.12500875,38.0,0,False,496.3699951171875
2026-08-27T04:49:52Z,MSFT,2026-09-04,put,460.0,0.44,0.0,0.0,0.12500875,540.0,0,False,496.3699951171875
2026-08-27T04:49:52Z,MSFT,2026-09-04,put,462.5,0.6,0.0,0.0,0.12500875,100.0,0,False,496.3699951171875
2026-08-27T04:49:52Z,MSFT,2026-09-04,put,465.0,0.66,0.0,0.0,0.062509375,297.0,0,False,496.3699951171875
2026-08-27T04:49:52Z,MSFT,2026-09-04,put,467.5,0.84,0.0,0.0,0.062509375,57.0,0,False,496.3699951171875
2026-08-27T04:49:52Z,MSFT,2026-09-04,put,470.0,0.98,0.0,0.0,0.062509375,291.0,0,False,496.3699951171875
2026-08-27T04:49:52Z,MSFT,2026-09-04,put,472.5,1.25,0.0,0.0,0.062509375,39.0,0,False,496.3699951171875
2026-08-27T04:49:52Z,MSFT,2026-09-04,put,475.0,1.46,0.0,0.0,0.062509375,599.0,0,False,496.3699951171875
2026-08-27T04:49:52Z,MSFT,2026-09-04,put,477.5,1.86,0.0,0.0,0.062509375,46.0,0,False,496.3699951171875
2026-08-27T04:49:52Z,MSFT,2026-09-04,put,480.0,2.35,0.0,0.0,0.062509375,221.0,0,False,496.3699951171875
2026-08-27T04:49:52Z,MSFT,2026-09-04,put,482.5,2.67,0.0,0.0,0.0312596875,59.0,0,False,496.3699951171875
2026-08-27T04:49:52Z,MSFT,2026-09-04,put,485.0,3.4,0.0,0.0,0.0312596875,121.0,0,False,496.3699951171875
2026-08-27T04:49:52Z,MSFT,2026-09-04,put,487.5,4.1,0.0,0.0,0.0312596875,174.0,0,False,496.3699951171875
2026-08-27T04:49:52Z,MSFT,2026-09-04,put,490.0,4.62,0.0,0.0,0.015634843750000002,173.0,0,False,496.3699951171875
2026-08-27T04:49:52Z,MSFT,2026-09-04,put,492.5,5.7,0.0,0.0,0.015634843750000002,149.0,0,False,496.3699951171875
2026-08-27T04:49:52Z,MSFT,2026-09-04,put,495.0,6.77,0.0,0.0,0.0039162109375,328.0,0,False,496.3699951171875
2026-08-27T04:49:52Z,MSFT,2026-09-04,put,497.5,8.25,0.0,0.0,1.0000000000000003e-05,34.0,0,True,496.3699951171875
2026-08-27T04:49:52Z,MSFT,2026-09-04,put,500.0,9.55,0.0,0.0,1.0000000000000003e-05,115.0,0,True,496.3699951171875
2026-08-27T04:49:52Z,MSFT,2026-09-04,put,502.5,11.66,0.0,0.0,1.0000000000000003e-05,2.0,0,True,496.3699951171875
2026-08-27T04:49:52Z,MSFT,2026-09-04,put,505.0,12.62,0.0,0.0,1.0000000000000003e-05,58.0,0,True,496.3699951171875
2026-08-27T04:49:52Z,MSFT,2026-09-04,put,507.5,15.4,0.0,0.0,1.0000000000000003e-05,8.0,0,True,496.3699951171875
2026-08-27T04:49:52Z,MSFT,2026-09-04,put,510.0,17.1,0.0,0.0,1.0000000000000003e-05,2.0,0,True,496.3699951171875
2026-08-27T04:49:52Z,MSFT,2026-09-04,put,512.5,19.8,0.0,0.0,1.0000000000000003e-05,2.0,0,True,496.3699951171875
2026-08-27T04:49:52Z,MSFT,2026-09-04,put,515.0,21.11,0.0,0.0,1.0000000000000003e-05,2.0,0,True,496.3699951171875
2026-08-27T04:49:52Z,MSFT,2026-09-04,put,520.0,24.4,0.0,0.0,1.0000000000000003e-05,2.0,0,True,496.3699951171875
2026-08-27T04:49:52Z,MSFT,2026-09-04,put,525.0,44.0,0.0,0.0,1.0000000000000003e-05,1.0,0,True,496.3699951171875
2026-08-27T04:49:52Z,MSFT,2026-09-04,put,530.0,33.0,0.0,0.0,1.0000000000000003e-05,2.0,0,True,496.3699951171875
2026-08-27T04:49:52Z,MSFT,2026-09-04,put,535.0,56.0,0.0,0.0,1.0000000000000003e-05,1.0,0,True,496.3699951171875
2026-08-27T04:49:52Z,MSFT,2026-09-04,put,540.0,58.24,0.0,0.0,1.0000000000000003e-05,3.0,0,True,496.3699951171875
2026-08-27T04:49:52Z,MSFT,2026-09-04,put,570.0,73.6,0.0,0.0,1.0000000000000003e-05,,0,True,496.3699951171875
2026-08-27T04:49:52Z,MSFT,2026-09-11,call,290.0,209.5,0.0,0.0,1.0000000000000003e-05,,0,True,496.3699951171875
2026-08-27T04:49:52Z,MSFT,2026-09-11,call,300.0,196.65,0.0,0.0,1.0000000000000003e-05,,0,True,496.3699951171875
2026-08-27T04:49:52Z,MSFT,2026-09-11,call,305.0,184.25,0.0,0.0,1.0000000000000003e-05,,0,True,496.3699951171875
2026-08-27T04:49:52Z,MSFT,2026-09-11,call,310.0,193.45,0.0,0.0,1.0000000000000003e-05,10.0,0,True,496.3699951171875
2026-08-27T04:49:52Z,MSFT,2026-09-11,call,325.0,164.45,0.0,0.0,1.0000000000000003e-05,,0,True,496.3699951171875
2026-08-27T04:49:52Z,MSFT,2026-09-11,call,330.0,155.15,0.0,0.0,1.0000000000000003e-05,2.0,0,True,496.3699951171875
2026-08-27T04:49:52Z,MSFT,2026-09-11,call,335.0,154.5,0.0,0.0,1.0000000000000003e-05,,0,True,496.3699951171875
2026-08-27T04:49:52Z,MSFT,2026-09-11,call,345.0,143.8,0.0,0.0,1.0000000000000003e-05,,0,True,496.3699951171875
2026-08-27T04:49:52Z,MSFT,2026-09-11,call,350.0,139.0,0.0,0.0,1.0000000000000003e-05,,0,True,496.3699951171875
2026-08-27T04:49:52Z,MSFT,2026-09-11,call,355.0,149.0,0.0,0.0,1.0000000000000003e-05,2.0,0,True,496.3699951171875
2026-08-27T04:49:52Z,MSFT,2026-09-11,call,360.0,129.75,0.0,0.0,1.0000000000000003e-05,,0,True,496.3699951171875
2026-08-27T04:49:52Z,MSFT,2026-09-11,call,370.0,125.12,0.0,0.0,1.0000000000000003e-05,7.0,0,True,496.3699951171875
2026-08-27T04:49:52Z,MSFT,2026-09-11,call,375.0,110.75,0.0,0.0,1.0000000000000003e-05,4.0,0,True,496.3699951171875
2026-08-27T04:49:52Z,MSFT,2026-09-11,call,380.0,99.01,0.0,0.0,1.0000000000000003e-05,12.0,0,True,496.3699951171875
2026-08-27T04:49:52Z,MSFT,2026-09-11,call,390.0,106.72,0.0,0.0,1.0000000000000003e-05,6.0,0,True,496.3699951171875
2026-08-27T04:49:52Z,MSFT,2026-09-11,call,395.0,91.52,0.0,0.0,1.0000000000000003e-05,60.0,0,True,496.3699951171875
2026-08-27T04:49:52Z,MSFT,2026-09-11,call,400.0,82.15,0.0,0.0,1.0000000000000003e-05,12.0,0,True,496.3699951171875
2026-08-27T04:49:52Z,MSFT,2026-09-11,call,405.0,77.06,0.0,0.0,1.0000000000000003e-05,10.0,0,True,496.3699951171875
2026-08-27T04:49:52Z,MSFT,2026-09-11,call,410.0,76.4,0.0,0.0,1.0000000000000003e-05,1.0,0,True,496.3699951171875
2026-08-27T04:49:52Z,MSFT,2026-09-11,call,415.0,82.4,0.0,0.0,1.0000000000000003e-05,1.0,0,True,496.3699951171875
2026-08-27T04:49:52Z,MSFT,2026-09-11,call,420.0,75.22,0.0,0.0,1.0000000000000003e-05,5.0,0,True,496.3699951171875
2026-08-27T04:49:52Z,MSFT,2026-09-11,call,425.0,65.84,0.0,0.0,1.0000000000000003e-05,42.0,0,True,496.3699951171875
2026-08-27T04:49:52Z,MSFT,2026-09-11,call,430.0,66.45,0.0,0.0,1.0000000000000003e-05,2.0,0,True,496.3699951171875
2026-08-27T04:49:52Z,MSFT,2026-09-11,call,435.0,61.01,0.0,0.0,1.0000000000000003e-05,1.0,0,True,496.3699951171875
2026-08-27T04:49:52Z,MSFT,2026-09-11,call,440.0,55.74,0.0,0.0,1.0000000000000003e-05,3.0,0,True,496.3699951171875
2026-08-27T04:49:52Z,MSFT,2026-09-11,call,445.0,46.8,0.0,0.0,1.0000000000000003e-05,11.0,0,True,496.3699951171875
2026-08-27T04:49:52Z,MSFT,2026-09-11,call,450.0,48.25,0.0,0.0,1.0000000000000003e-05,7.0,0,True,496.3699951171875
2026-08-27T04:49:52Z,MSFT,2026-09-11,call,455.0,40.82,0.0,0.0,1.0000000000000003e-05,8.0,0,True,496.3699951171875
2026-08-27T04:49:52Z,MSFT,2026-09-11,call,460.0,38.39,0.0,0.0,1.0000000000000003e-05,4.0,0,True,496.3699951171875
2026-08-27T04:49:52Z,MSFT,2026-09-11,call,462.5,34.43,0.0,0.0,1.0000000000000003e-05,2.0,0,True,496.3699951171875
2026-08-27T04:49:52Z,MSFT,2026-09-11,call,465.0,28.43,0.0,0.0,1.0000000000000003e-05,6.0,0,True,496.3699951171875
2026-08-27T04:49:52Z,MSFT,2026-09-11,call,467.5,29.53,0.0,0.0,1.0000000000000003e-05,1.0,0,True,496.3699951171875
2026-08-27T04:49:52Z,MSFT,2026-09-11,call,470.0,27.5,0.0,0.0,1.0000000000000003e-05,2.0,0,True,496.3699951171875
2026-08-27T04:49:52Z,MSFT,2026-09-11,call,472.5,20.2,0.0,0.0,1.0000000000000003e-05,2.0,0,True,496.3699951171875
2026-08-27T04:49:52Z,MSFT,2026-09-11,call,475.0,25.2,0.0,0.0,1.0000000000000003e-05,8.0,0,True,496.3699951171875
2026-08-27T04:49:52Z,MSFT,2026-09-11,call,477.5,21.96,0.0,0.0,1.0000000000000003e-05,1.0,0,True,496.3699951171875
2026-08-27T04:49:52Z,MSFT,2026-09-11,call,480.0,21.5,0.0,0.0,1.0000000000000003e-05,28.0,0,True,496.3699951171875
2026-08-27T04:49:52Z,MSFT,2026-09-11,call,482.5,16.1,0.0,0.0,1.0000000000000003e-05,7.0,0,True,496.3699951171875
2026-08-27T04:49:52Z,MSFT,2026-09-11,call,485.0,17.62,0.0,0.0,1.0000000000000003e-05,13.0,0,True,496.3699951171875
2026-08-27T04:49:52Z,MSFT,2026-09-11,call,487.5,15.0,0.0,0.0,1.0000000000000003e-05,11.0,0,True,496.3699951171875
2026-08-27T04:49:52Z,MSFT,2026-09-11,call,490.0,14.65,0.0,0.0,1.0000000000000003e-05,53.0,0,True,496.3699951171875
2026-08-27T04:49:52Z,MSFT,2026-09-11,call,492.5,12.55,0.0,0.0,1.0000000000000003e-05,118.0,0,True,496.3699951171875
2026-08-27T04:49:52Z,MSFT,2026-09-11,call,495.0,11.49,0.0,0.0,1.0000000000000003e-05,72.0,0,True,496.3699951171875
2026-08-27T04:49:52Z,MSFT,2026-09-11,call,497.5,10.05,0.0,0.0,0.0039162109375,65.0,0,False,496.3699951171875
2026-08-27T04:49:52Z,MSFT,2026-09-11,call,500.0,8.75,0.0,0.0,0.007822421875,614.0,0,False,496.3699951171875
2026-08-27T04:49:52Z,MSFT,2026-09-11,call,502.5,7.51,0.0,0.0,0.015634843750000002,20.0,0,False,496.3699951171875
2026-08-27T04:49:52Z,MSFT,2026-09-11,call,505.0,6.7,0.0,0.0,0.015634843750000002,308.0,0,False,496.3699951171875
2026-08-27T04:49:52Z,MSFT,2026-09-11,call,507.5,6.05,0.0,0.0,0.0312596875,174.0,0,False,496.3699951171875
2026-08-27T04:49:52Z,MSFT,2026-09-11,call,510.0,5.11,0.0,0.0,0.0312596875,90.0,0,False,496.3699951171875
2026-08-27T04:49:52Z,MSFT,2026-09-11,call,515.0,3.59,0.0,0.0,0.0312596875,74.0,0,False,496.3699951171875
2026-08-27T04:49:52Z,MSFT,2026-09-11,call,520.0,2.67,0.0,0.0,0.062509375,1075.0,0,False,496.3699951171875
2026-08-27T04:49:52Z,MSFT,2026-09-11,call,525.0,1.87,0.0,0.0,0.062509375,85.0,0,False,496.3699951171875
2026-08-27T04:49:52Z,MSFT,2026-09-11,call,530.0,1.3,0.0,0.0,0.062509375,75.0,0,False,496.3699951171875
2026-08-27T04:49:52Z,MSFT,2026-09-11,call,535.0,0.92,0.0,0.0,0.062509375,92.0,0,False,496.3699951171875
2026-08-27T04:49:52Z,MSFT,2026-09-11,call,540.0,0.61,0.0,0.0,0.062509375,41.0,0,False,496.3699951171875
2026-08-27T04:49:52Z,MSFT,2026-09-11,call,545.0,0.43,0.0,0.0,0.12500875,66.0,0,False,496.3699951171875
2026-08-27T04:49:52Z,MSFT,2026-09-11,call,550.0,0.28,0.0,0.0,0.12500875,40.0,0,False,496.3699951171875
2026-08-27T04:49:52Z,MSFT,2026-09-11,call,555.0,0.29,0.0,0.0,0.12500875,2.0,0,False,496.3699951171875
2026-08-27T04:49:52Z,MSFT,2026-09-11,call,560.0,0.1,0.0,0.0,0.12500875,2.0,0,False,496.3699951171875
2026-08-27T04:49:52Z,MSFT,2026-09-11,call,570.0,0.08,0.0,0.0,0.12500875,18.0,0,False,496.3699951171875
2026-08-27T04:49:52Z,MSFT,2026-09-11,call,580.0,0.06,0.0,0.0,0.12500875,802.0,0,False,496.3699951171875
2026-08-27T04:49:52Z,MSFT,2026-09-11,call,590.0,0.05,0.0,0.0,0.12500875,4.0,0,False,496.3699951171875
2026-08-27T04:49:52Z,MSFT,2026-09-11,call,600.0,0.12,0.0,0.0,0.12500875,1.0,0,False,496.3699951171875
2026-08-27T04:49:52Z,MSFT,2026-09-11,call,610.0,0.11,0.0,0.0,0.2500075,3.0,0,False,496.3699951171875
2026-08-27T04:49:52Z,MSFT,2026-09-11,call,620.0,0.14,0.0,0.0,0.2500075,5.0,0,False,496.3699951171875
2026-08-27T04:49:52Z,MSFT,2026-09-11,call,630.0,0.13,0.0,0.0,0.2500075,6.0,0,False,496.3699951171875
2026-08-27T04:49:52Z,MSFT,2026-09-11,call,640.0,0.01,0.0,0.0,0.2500075,5.0,0,False,496.3699951171875
2026-08-27T04:49:52Z,MSFT,2026-09-11,call,650.0,0.02,0.0,0.0,0.2500075,1.0,0,False,496.3699951171875
2026-08-27T04:49:52Z,MSFT,2026-09-11,call,660.0,0.01,0.0,0.0,0.2500075,21.0,0,False,496.3699951171875
2026-08-27T04:49:52Z,MSFT,2026-09-11,call,670.0,0.02,0.0,0.0,0.2500075,4.0,0,False,496.3699951171875
2026-08-27T04:49:52Z,MSFT,2026-09-11,call,680.0,0.01,0.0,0.0,0.2500075,11.0,0,False,496.3699951171875
2026-08-27T04:49:52Z,MSFT,2026-09-11,put,280.0,0.01,0.0,0.0,0.500005,41.0,0,False,496.3699951171875
2026-08-27T04:49:52Z,MSFT,2026-09-11,put,300.0,0.08,0.0,0.0,0.500005,3.0,0,False,496.3699951171875
2026-08-27T04:49:52Z,MSFT,2026-09-11,put,305.0,0.01,0.0,0.0,0.500005,39.0,0,False,496.3699951171875
2026-08-27T04:49:52Z,MSFT,2026-09-11,put,310.0,0.02,0.0,0.0,0.500005,7.0,0,False,496.3699951171875
2026-08-27T04:49:52Z,MSFT,2026-09-11,put,315.0,0.16,0.0,0.0,0.500005,3.0,0,False,496.3699951171875
2026-08-27T04:49:52Z,MSFT,2026-09-11,put,320.0,0.02,0.0,0.0,0.500005,5.0,0,False,496.3699951171875
2026-08-27T04:49:52Z,MSFT,2026-09-11,put,325.0,0.03,0.0,0.0,0.500005,10.0,0,False,496.3699951171875
2026-08-27T04:49:52Z,MSFT,2026-09-11,put,330.0,0.14,0.0,0.0,0.500005,12.0,0,False,496.3699951171875
2026-08-27T04:49:52Z,MSFT,2026-09-11,put,335.0,0.13,0.0,0.0,0.500005,2.0,0,False,496.3699951171875
2026-08-27T04:49:52Z,MSFT,2026-09-11,put,340.0,0.02,0.0,0.0,0.2500075,2.0,0,False,496.3699951171875
2026-08-27T04:49:52Z,MSFT,2026-09-11,put,345.0,0.04,0.0,0.0,0.2500075,19.0,0,False,496.3699951171875
2026-08-27T04:49:52Z,MSFT,2026-09-11,put,350.0,0.05,0.0,0.0,0.2500075,2.0,0,False,496.3699951171875
2026-08-27T04:49:52Z,MSFT,2026-09-11,put,355.0,0.14,0.0,0.0,0.2500075,5.0,0,False,496.3699951171875
2026-08-27T04:49:52Z,MSFT,2026-09-11,put,360.0,0.05,0.0,0.0,0.2500075,10.0,0,False,496.3699951171875
2026-08-27T04:49:52Z,MSFT,2026-09-11,put,365.0,0.04,0.0,0.0,0.2500075,11.0,0,False,496.3699951171875
2026-08-27T04:49:52Z,MSFT,2026-09-11,put,370.0,0.05,0.0,0.0,0.2500075,14.0,0,False,496.3699951171875
2026-08-27T04:49:52Z,MSFT,2026-09-11,put,375.0,0.07,0.0,0.0,0.2500075,2.0,0,False,496.3699951171875
2026-08-27T04:49:52Z,MSFT,2026-09-11,put,380.0,0.05,0.0,0.0,0.2500075,30.0,0,False,496.3699951171875
2026-08-27T04:49:52Z,MSFT,2026-09-11,put,385.0,0.07,0.0,0.0,0.2500075,16.0,0,False,496.3699951171875
2026-08-27T04:49:52Z,MSFT,2026-09-11,put,390.0,0.08,0.0,0.0,0.2500075,4.0,0,False,496.3699951171875
2026-08-27T04:49:52Z,MSFT,2026-09-11,put,395.0,0.15,0.0,0.0,0.2500075,1.0,0,False,496.3699951171875
2026-08-27T04:49:52Z,MSFT,2026-09-11,put,400.0,0.13,0.0,0.0,0.2500075,3.0,0,False,496.3699951171875
2026-08-27T04:49:52Z,MSFT,2026-09-11,put,405.0,0.13,0.0,0.0,0.2500075,76.0,0,False,496.3699951171875
2026-08-27T04:49:52Z,MSFT,2026-09-11,put,410.0,0.14,0.0,0.0,0.2500075,2.0,0,False,496.3699951171875
2026-08-27T04:49:52Z,MSFT,2026-09-11,put,415.0,0.16,0.0,0.0,0.12500875,91.0,0,False,496.3699951171875
2026-08-27T04:49:52Z,MSFT,2026-09-11,put,420.0,0.17,0.0,0.0,0.12500875,91.0,0,False,496.3699951171875
2026-08-27T04:49:52Z,MSFT,2026-09-11,put,425.0,0.22,0.0,0.0,0.12500875,15.0,0,False,496.3699951171875
2026-08-27T04:49:52Z,MSFT,2026-09-11,put,430.0,0.22,0.0,0.0,0.12500875,32.0,0,False,496.3699951171875
2026-08-27T04:49:52Z,MSFT,2026-09-11,put,435.0,0.29,0.0,0.0,0.12500875,47.0,0,False,496.3699951171875
2026-08-27T04:49:52Z,MSFT,2026-09-11,put,440.0,0.37,0.0,0.0,0.12500875,61.0,0,False,496.3699951171875
2026-08-27T04:49:52Z,MSFT,2026-09-11,put,445.0,0.47,0.0,0.0,0.12500875,17.0,0,False,496.3699951171875
2026-08-27T04:49:52Z,MSFT,2026-09-11,put,450.0,0.65,0.0,0.0,0.12500875,234.0,0,False,496.3699951171875
2026-08-27T04:49:52Z,MSFT,2026-09-11,put,455.0,0.85,0.0,0.0,0.062509375,216.0,0,False,496.3699951171875
2026-08-27T04:49:52Z,MSFT,2026-09-11,put,460.0,1.14,0.0,0.0,0.062509375,83.0,0,False,496.3699951171875
2026-08-27T04:49:52Z,MSFT,2026-09-11,put,462.5,1.56,0.0,0.0,0.062509375,30.0,0,False,496.3699951171875
2026-08-27T04:49:52Z,MSFT,2026-09-11,put,465.0,1.5,0.0,0.0,0.062509375,70.0,0,False,496.3699951171875
2026-08-27T04:49:52Z,MSFT,2026-09-11,put,467.5,2.12,0.0,0.0,0.062509375,6.0,0,False,496.3699951171875
2026-08-27T04:49:52Z,MSFT,2026-09-11,put,470.0,2.0,0.0,0.0,0.062509375,103.0,0,False,496.3699951171875
2026-08-27T04:49:52Z,MSFT,2026-09-11,put,472.5,2.71,0.0,0.0,0.062509375,7.0,0,False,496.3699951171875
2026-08-27T04:49:52Z,MSFT,2026-09-11,put,475.0,2.83,0.0,0.0,0.062509375,41.0,0,False,496.3699951171875
2026-08-27T04:49:52Z,MSFT,2026-09-11,put,477.5,3.79,0.0,0.0,0.0312596875,5.0,0,False,496.3699951171875
2026-08-27T04:49:52Z,MSFT,2026-09-11,put,480.0,3.8,0.0,0.0,0.0312596875,35.0,0,False,496.3699951171875
2026-08-27T04:49:52Z,MSFT,2026-09-11,put,482.5,5.0,0.0,0.0,0.0312596875,16.0,0,False,496.3699951171875
2026-08-27T04:49:52Z,MSFT,2026-09-11,put,485.0,5.05,0.0,0.0,0.0312596875,79.0,0,False,496.3699951171875
2026-08-27T04:49:52Z,MSFT,2026-09-11,put,487.5,6.7,0.0,0.0,0.015634843750000002,161.0,0,False,496.3699951171875
2026-08-27T04:49:52Z,MSFT,2026-09-11,put,490.0,6.8,0.0,0.0,0.015634843750000002,69.0,0,False,496.3699951171875
2026-08-27T04:49:52Z,MSFT,2026-09-11,put,492.5,8.0,0.0,0.0,0.007822421875,11.0,0,False,496.3699951171875
2026-08-27T04:49:52Z,MSFT,2026-09-11,put,495.0,9.1,0.0,0.0,0.0039162109375,45.0,0,False,496.3699951171875
2026-08-27T04:49:52Z,MSFT,2026-09-11,put,497.5,11.1,0.0,0.0,1.0000000000000003e-05,1.0,0,True,496.3699951171875
2026-08-27T04:49:52Z,MSFT,2026-09-11,put,500.0,11.5,0.0,0.0,1.0000000000000003e-05,20.0,0,True,496.3699951171875
2026-08-27T04:49:52Z,MSFT,2026-09-11,put,505.0,16.4,0.0,0.0,1.0000000000000003e-05,4.0,0,True,496.3699951171875
2026-08-27T04:49:52Z,MSFT,2026-09-11,put,510.0,32.5,0.0,0.0,1.0000000000000003e-05,9.0,0,True,496.3699951171875
2026-08-27T04:49:52Z,MSFT,2026-09-11,put,515.0,22.4,0.0,0.0,1.0000000000000003e-05,2.0,0,True,496.3699951171875
2026-08-27T04:49:52Z,MSFT,2026-09-11,put,520.0,38.53,0.0,0.0,1.0000000000000003e-05,8.0,0,True,496.3699951171875
2026-08-27T04:49:52Z,MSFT,2026-09-11,put,525.0,42.1,0.0,0.0,1.0000000000000003e-05,2.0,0,True,496.3699951171875
2026-08-27T04:49:52Z,MSFT,2026-09-11,put,530.0,50.0,0.0,0.0,1.0000000000000003e-05,1.0,0,True,496.3699951171875
2026-08-27T04:49:52Z,MSFT,2026-09-11,put,535.0,51.21,0.0,0.0,1.0000000000000003e-05,2.0,0,True,496.3699951171875
2026-08-27T04:49:52Z,MSFT,2026-09-11,put,540.0,59.65,0.0,0.0,1.0000000000000003e-05,1.0,0,True,496.3699951171875
2026-08-27T04:49:52Z,MSFT,2026-09-11,put,545.0,43.75,0.0,0.0,1.0000000000000003e-05,,0,True,496.3699951171875
2026-08-27T04:49:52Z,MSFT,2026-09-11,put,550.0,51.88,0.0,0.0,1.0000000000000003e-05,2.0,0,True,496.3699951171875
2026-08-27T04:49:52Z,MSFT,2026-09-11,put,555.0,54.8,0.0,0.0,1.0000000000000003e-05,3.0,0,True,496.3699951171875
2026-08-27T04:49:52Z,MSFT,2026-09-11,put,560.0,55.0,0.0,0.0,1.0000000000000003e-05,1.0,0,True,496.3699951171875
2026-08-27T04:49:52Z,MSFT,2026-09-11,put,570.0,68.15,0.0,0.0,1.0000000000000003e-05,2.0,0,True,496.3699951171875
2026-08-27T04:49:52Z,MSFT,2026-09-11,put,600.0,103.3,0.0,0.0,1.0000000000000003e-05,,0,True,496.3699951171875
2026-08-27T04:49:52Z,MSFT,2026-09-18,call,215.0,273.65,0.0,0.0,1.0000000000000003e-05,4.0,0,True,496.3699951171875
2026-08-27T04:49:52Z,MSFT,2026-09-18,call,220.0,265.0,0.0,0.0,1.0000000000000003e-05,38.0,0,True,496.3699951171875
2026-08-27T04:49:52Z,MSFT,2026-09-18,call,225.0,150.91,196.95,200.35,1.0000000000000003e-05,6.0,6,True,496.3699951171875
2026-08-27T04:49:52Z,MSFT,2026-09-18,call,230.0,280.36,0.0,0.0,1.0000000000000003e-05,5.0,0,True,496.3699951171875
2026-08-27T04:49:52Z,MSFT,2026-09-18,call,235.0,271.6,0.0,0.0,1.0000000000000003e-05,13.0,0,True,496.3699951171875
2026-08-27T04:49:52Z,MSFT,2026-09-18,call,240.0,266.71,0.0,0.0,1.0000000000000003e-05,16.0,0,True,496.3699951171875
2026-08-27T04:49:52Z,MSFT,2026-09-18,call,245.0,261.78,0.0,0.0,1.0000000000000003e-05,10.0,0,True,496.3699951171875
2026-08-27T04:49:52Z,MSFT,2026-09-18,call,250.0,232.02,0.0,0.0,1.0000000000000003e-05,1.0,0,True,496.3699951171875
2026-08-27T04:49:52Z,MSFT,2026-09-18,call,255.0,179.8,0.0,0.0,1.0000000000000003e-05,1.0,0,True,496.3699951171875
2026-08-27T04:49:52Z,MSFT,2026-09-18,call,260.0,229.8,0.0,0.0,1.0000000000000003e-05,2.0,0,True,496.3699951171875
2026-08-27T04:49:52Z,MSFT,2026-09-18,call,265.0,225.0,0.0,0.0,1.0000000000000003e-05,1.0,0,True,496.3699951171875
2026-08-27T04:49:52Z,MSFT,2026-09-18,call,270.0,231.85,0.0,0.0,1.0000000000000003e-05,1.0,0,True,496.3699951171875
2026-08-27T04:49:52Z,MSFT,2026-09-18,call,275.0,218.31,0.0,0.0,1.0000000000000003e-05,1.0,0,True,496.3699951171875
2026-08-27T04:49:52Z,MSFT,2026-09-18,call,280.0,202.26,0.0,0.0,1.0000000000000003e-05,8.0,0,True,496.3699951171875
2026-08-27T04:49:52Z,MSFT,2026-09-18,call,285.0,196.87,0.0,0.0,1.0000000000000003e-05,1.0,0,True,496.3699951171875
2026-08-27T04:49:52Z,MSFT,2026-09-18,call,290.0,204.1,0.0,0.0,1.0000000000000003e-05,1.0,0,True,496.3699951171875
2026-08-27T04:49:52Z,MSFT,2026-09-18,call,295.0,154.45,0.0,0.0,1.0000000000000003e-05,5.0,0,True,496.3699951171875
2026-08-27T04:49:52Z,MSFT,2026-09-18,call,300.0,196.81,0.0,0.0,1.0000000000000003e-05,3.0,0,True,496.3699951171875
2026-08-27T04:49:52Z,MSFT,2026-09-18,call,305.0,160.05,0.0,0.0,1.0000000000000003e-05,2.0,0,True,496.3699951171875
2026-08-27T04:49:52Z,MSFT,2026-09-18,call,310.0,175.42,0.0,0.0,1.0000000000000003e-05,1.0,0,True,496.3699951171875
2026-08-27T04:49:52Z,MSFT,2026-09-18,call,315.0,138.1,0.0,0.0,1.0000000000000003e-05,2.0,0,True,496.3699951171875
2026-08-27T04:49:52Z,MSFT,2026-09-18,call,320.0,175.05,0.0,0.0,1.0000000000000003e-05,1.0,0,True,496.3699951171875
2026-08-27T04:49:52Z,MSFT,2026-09-18,call,325.0,159.29,0.0,0.0,1.0000000000000003e-05,2.0,0,True,496.3699951171875
2026-08-27T04:49:52Z,MSFT,2026-09-18,call,330.0,160.27,0.0,0.0,1.0000000000000003e-05,3.0,0,True,496.3699951171875
2026-08-27T04:49:52Z,MSFT,2026-09-18,call,335.0,154.2,0.0,0.0,1.0000000000000003e-05,2.0,0,True,496.3699951171875
2026-08-27T04:49:52Z,MSFT,2026-09-18,call,340.0,155.26,0.0,0.0,1.0000000000000003e-05,6.0,0,True,496.3699951171875
2026-08-27T04:49:52Z,MSFT,2026-09-18,call,345.0,150.32,0.0,0.0,1.0000000000000003e-05,6.0,0,True,496.3699951171875
2026-08-27T04:49:52Z,MSFT,2026-09-18,call,350.0,145.6,0.0,0.0,1.0000000000000003e-05,40.0,0,True,496.3699951171875
2026-08-27T04:49:52Z,MSFT,2026-09-18,call,355.0,134.67,0.0,0.0,1.0000000000000003e-05,2.0,0,True,496.3699951171875
2026-08-27T04:49:52Z,MSFT,2026-09-18,call,360.0,128.15,0.0,0.0,1.0000000000000003e-05,33.0,0,True,496.3699951171875
2026-08-27T04:49:52Z,MSFT,2026-09-18,call,365.0,124.0,0.0,0.0,1.0000000000000003e-05,12.0,0,True,496.3699951171875
2026-08-27T04:49:52Z,MSFT,2026-09-18,call,370.0,127.55,0.0,0.0,1.0000000000000003e-05,2.0,0,True,496.3699951171875
2026-08-27T04:49:52Z,MSFT,2026-09-18,call,375.0,107.5,0.0,0.0,1.0000000000000003e-05,80.0,0,True,496.3699951171875
2026-08-27T04:49:52Z,MSFT,2026-09-18,call,380.0,117.0,0.0,0.0,1.0000000000000003e-05,6.0,0,True,496.3699951171875
2026-08-27T04:49:52Z,MSFT,2026-09-18,call,385.0,112.38,0.0,0.0,1.0000000000000003e-05,1.0,0,True,496.3699951171875
2026-08-27T04:49:52Z,MSFT,2026-09-18,call,390.0,104.17,0.0,0.0,1.0000000000000003e-05,3.0,0,True,496.3699951171875
2026-08-27T04:49:52Z,MSFT,2026-09-18,call,395.0,94.92,0.0,0.0,1.0000000000000003e-05,2.0,0,True,496.3699951171875
2026-08-27T04:49:52Z,MSFT,2026-09-18,call,400.0,98.0,0.0,0.0,1.0000000000000003e-05,33.0,0,True,496.3699951171875
2026-08-27T04:49:52Z,MSFT,2026-09-18,call,405.0,78.45,0.0,0.0,1.0000000000000003e-05,15.0,0,True,496.3699951171875
2026-08-27T04:49:52Z,MSFT,2026-09-18,call,410.0,87.0,0.0,0.0,1.0000000000000003e-05,10.0,0,True,496.3699951171875
2026-08-27T04:49:52Z,MSFT,2026-09-18,call,415.0,77.0,0.0,0.0,1.0000000000000003e-05,3.0,0,True,496.3699951171875
2026-08-27T04:49:52Z,MSFT,2026-09-18,call,420.0,78.7,0.0,0.0,1.0000000000000003e-05,52.0,0,True,496.3699951171875
2026-08-27T04:49:52Z,MSFT,2026-09-18,call,425.0,73.0,0.0,0.0,1.0000000000000003e-05,6.0,0,True,496.3699951171875
2026-08-27T04:49:52Z,MSFT,2026-09-18,call,430.0,68.9,0.0,0.0,1.0000000000000003e-05,46.0,0,True,496.3699951171875
2026-08-27T04:49:52Z,MSFT,2026-09-18,call,435.0,61.42,0.0,0.0,1.0000000000000003e-05,3.0,0,True,496.3699951171875
2026-08-27T04:49:52Z,MSFT,2026-09-18,call,440.0,58.49,0.0,0.0,1.0000000000000003e-05,25.0,0,True,496.3699951171875
2026-08-27T04:49:52Z,MSFT,2026-09-18,call,445.0,51.8,0.0,0.0,1.0000000000000003e-05,20.0,0,True,496.3699951171875
2026-08-27T04:49:52Z,MSFT,2026-09-18,call,450.0,48.95,0.0,0.0,1.0000000000000003e-05,157.0,0,True,496.3699951171875
2026-08-27T04:49:52Z,MSFT,2026-09-18,call,455.0,44.58,0.0,0.0,1.0000000000000003e-05,17.0,0,True,496.3699951171875
2026-08-27T04:49:52Z,MSFT,2026-09-18,call,460.0,40.35,0.0,0.0,1.0000000000000003e-05,88.0,0,True,496.3699951171875
2026-08-27T04:49:52Z,MSFT,2026-09-18,call,462.5,31.95,0.0,0.0,1.0000000000000003e-05,10.0,0,True,496.3699951171875
2026-08-27T04:49:52Z,MSFT,2026-09-18,call,465.0,34.35,0.0,0.0,1.0000000000000003e-05,7.0,0,True,496.3699951171875
2026-08-27T04:49:52Z,MSFT,2026-09-18,call,470.0,31.1,0.0,0.0,1.0000000000000003e-05,68.0,0,True,496.3699951171875
2026-08-27T04:49:52Z,MSFT,2026-09-18,call,472.5,27.0,0.0,0.0,1.0000000000000003e-05,1.0,0,True,496.3699951171875
2026-08-27T04:49:52Z,MSFT,2026-09-18,call,475.0,27.3,0.0,0.0,1.0000000000000003e-05,55.0,0,True,496.3699951171875
2026-08-27T04:49:52Z,MSFT,2026-09-18,call,477.5,19.95,0.0,0.0,1.0000000000000003e-05,6.0,0,True,496.3699951171875
2026-08-27T04:49:52Z,MSFT,2026-09-18,call,480.0,23.35,0.0,0.0,1.0000000000000003e-05,166.0,0,True,496.3699951171875
2026-08-27T04:49:52Z,MSFT,2026-09-18,call,482.5,22.0,0.0,0.0,1.0000000000000003e-05,15.0,0,True,496.3699951171875
2026-08-27T04:49:52Z,MSFT,2026-09-18,call,485.0,19.7,0.0,0.0,1.0000000000000003e-05,296.0,0,True,496.3699951171875
2026-08-27T04:49:52Z,MSFT,2026-09-18,call,487.5,18.1,0.0,0.0,1.0000000000000003e-05,35.0,0,True,496.3699951171875
2026-08-27T04:49:52Z,MSFT,2026-09-18,call,490.0,16.36,0.0,0.0,1.0000000000000003e-05,394.0,0,True,496.3699951171875
2026-08-27T04:49:52Z,MSFT,2026-09-18,call,492.5,13.8,0.0,0.0,1.0000000000000003e-05,198.0,0,True,496.3699951171875
2026-08-27T04:49:52Z,MSFT,2026-09-18,call,495.0,13.45,0.0,0.0,1.0000000000000003e-05,662.0,0,True,496.3699951171875
2026-08-27T04:49:52Z,MSFT,2026-09-18,call,497.5,12.7,0.0,0.0,0.00196310546875,250.0,0,False,496.3699951171875
2026-08-27T04:49:52Z,MSFT,2026-09-18,call,500.0,10.97,0.0,0.0,0.007822421875,2453.0,0,False,496.3699951171875
2026-08-27T04:49:52Z,MSFT,2026-09-18,call,502.5,10.28,0.0,0.0,0.015634843750000002,160.0,0,False,496.3699951171875
2026-08-27T04:49:52Z,MSFT,2026-09-18,call,505.0,8.7,0.0,0.0,0.015634843750000002,1184.0,0,False,496.3699951171875
2026-08-27T04:49:52Z,MSFT,2026-09-18,call,507.5,7.7,0.0,0.0,0.015634843750000002,69.0,0,False,496.3699951171875
2026-08-27T04:49:52Z,MSFT,2026-09-18,call,510.0,6.9,0.0,0.0,0.0312596875,927.0,0,False,496.3699951171875
2026-08-27T04:49:52Z,MSFT,2026-09-18,call,515.0,5.42,0.0,0.0,0.0312596875,257.0,0,False,496.3699951171875
2026-08-27T04:49:52Z,MSFT,2026-09-18,call,520.0,4.0,0.0,0.0,0.0312596875,571.0,0,False,496.3699951171875
2026-08-27T04:49:52Z,MSFT,2026-09-18,call,525.0,3.1,0.0,0.0,0.062509375,421.0,0,False,496.3699951171875
2026-08-27T04:49:52Z,MSFT,2026-09-18,call,530.0,2.23,0.0,0.0,0.062509375,512.0,0,False,496.3699951171875
2026-08-27T04:49:52Z,MSFT,2026-09-18,call,535.0,1.82,0.0,0.0,0.062509375,250.0,0,False,496.3699951171875
2026-08-27T04:49:52Z,MSFT,2026-09-18,call,540.0,1.29,0.0,0.0,0.062509375,304.0,0,False,496.3699951171875
2026-08-27T04:49:52Z,MSFT,2026-09-18,call,545.0,1.0,0.0,0.0,0.062509375,57.0,0,False,496.3699951171875
2026-08-27T04:49:52Z,MSFT,2026-09-18,call,550.0,0.74,0.0,0.0,0.062509375,290.0,0,False,496.3699951171875
2026-08-27T04:49:52Z,MSFT,2026-09-18,call,555.0,0.5,0.0,0.0,0.12500875,63.0,0,False,496.3699951171875
2026-08-27T04:49:52Z,MSFT,2026-09-18,call,560.0,0.4,0.0,0.0,0.12500875,133.0,0,False,496.3699951171875
2026-08-27T04:49:52Z,MSFT,2026-09-18,call,565.0,0.29,0.0,0.0,0.12500875,11.0,0,False,496.3699951171875
2026-08-27T04:49:52Z,MSFT,2026-09-18,call,570.0,0.25,0.0,0.0,0.12500875,724.0,0,False,496.3699951171875
2026-08-27T04:49:52Z,MSFT,2026-09-18,call,575.0,0.2,0.0,0.0,0.12500875,44.0,0,False,496.3699951171875
2026-08-27T04:49:52Z,MSFT,2026-09-18,call,580.0,0.1,0.0,0.0,0.12500875,13.0,0,False,496.3699951171875
2026-08-27T04:49:52Z,MSFT,2026-09-18,call,585.0,0.11,0.0,0.0,0.12500875,6.0,0,False,496.3699951171875
2026-08-27T04:49:52Z,MSFT,2026-09-18,call,590.0,0.08,0.0,0.0,0.12500875,18.0,0,False,496.3699951171875
2026-08-27T04:49:52Z,MSFT,2026-09-18,call,595.0,0.1,0.0,0.0,0.12500875,3.0,0,False,496.3699951171875
2026-08-27T04:49:52Z,MSFT,2026-09-18,call,600.0,0.05,0.0,0.0,0.12500875,19.0,0,False,496.3699951171875
2026-08-27T04:49:52Z,MSFT,2026-09-18,call,605.0,0.07,0.0,0.0,0.12500875,3.0,0,False,496.3699951171875
2026-08-27T04:49:52Z,MSFT,2026-09-18,call,610.0,0.05,0.0,0.0,0.12500875,5.0,0,False,496.3699951171875
2026-08-27T04:49:52Z,MSFT,2026-09-18,call,620.0,0.05,0.0,0.0,0.12500875,81.0,0,False,496.3699951171875
2026-08-27T04:49:52Z,MSFT,2026-09-18,call,630.0,0.03,0.0,0.0,0.2500075,6.0,0,False,496.3699951171875
2026-08-27T04:49:52Z,MSFT,2026-09-18,call,640.0,0.03,0.0,0.0,0.2500075,15.0,0,False,496.3699951171875
2026-08-27T04:49:52Z,MSFT,2026-09-18,call,650.0,0.01,0.0,0.0,0.2500075,115.0,0,False,496.3699951171875
2026-08-27T04:49:52Z,MSFT,2026-09-18,call,660.0,0.02,0.0,0.0,0.2500075,21.0,0,False,496.3699951171875
2026-08-27T04:49:52Z,MSFT,2026-09-18,call,670.0,0.01,0.0,0.0,0.2500075,1.0,0,False,496.3699951171875
2026-08-27T04:49:52Z,MSFT,2026-09-18,call,680.0,0.02,0.0,0.0,0.2500075,1.0,0,False,496.3699951171875
2026-08-27T04:49:52Z,MSFT,2026-09-18,call,700.0,0.02,0.0,0.0,0.2500075,204.0,0,False,496.3699951171875
2026-08-27T04:49:52Z,MSFT,2026-09-18,call,720.0,0.03,0.0,0.0,0.2500075,94.0,0,False,496.3699951171875
2026-08-27T04:49:52Z,MSFT,2026-09-18,call,740.0,0.04,0.0,0.0,0.2500075,24.0,0,False,496.3699951171875
2026-08-27T04:49:52Z,MSFT,2026-09-18,call,760.0,0.01,0.0,0.0,0.2500075,20.0,0,False,496.3699951171875
2026-08-27T04:49:52Z,MSFT,2026-09-18,call,780.0,0.01,0.0,0.0,0.2500075,1.0,0,False,496.3699951171875
2026-08-27T04:49:52Z,MSFT,2026-09-18,call,800.0,0.01,0.0,0.0,0.2500075,1.0,0,False,496.3699951171875
2026-08-27T04:49:52Z,MSFT,2026-09-18,put,215.0,0.01,0.0,0.0,0.500005,4.0,0,False,496.3699951171875
2026-08-27T04:49:52Z,MSFT,2026-09-18,put,220.0,0.01,0.0,0.0,0.500005,2.0,0,False,496.3699951171875
2026-08-27T04:49:52Z,MSFT,2026-09-18,put,225.0,0.01,0.0,0.0,0.500005,1.0,0,False,496.3699951171875
2026-08-27T04:49:52Z,MSFT,2026-09-18,put,230.0,0.02,0.0,0.0,0.500005,1.0,0,False,496.3699951171875
2026-08-27T04:49:52Z,MSFT,2026-09-18,put,235.0,0.02,0.0,0.0,0.500005,20.0,0,False,496.3699951171875
2026-08-27T04:49:52Z,MSFT,2026-09-18,put,240.0,0.02,0.0,0.0,0.500005,1.0,0,False,496.3699951171875
2026-08-27T04:49:52Z,MSFT,2026-09-18,put,245.0,0.02,0.0,0.0,0.500005,45.0,0,False,496.3699951171875
2026-08-27T04:49:52Z,MSFT,2026-09-18,put,250.0,0.01,0.0,0.0,0.500005,99.0,0,False,496.3699951171875
2026-08-27T04:49:52Z,MSFT,2026-09-18,put,255.0,0.02,0.0,0.0,0.500005,20.0,0,False,496.3699951171875
2026-08-27T04:49:52Z,MSFT,2026-09-18,put,260.0,0.01,0.0,0.0,0.500005,2.0,0,False,496.3699951171875
2026-08-27T04:49:52Z,MSFT,2026-09-18,put,265.0,0.02,0.0,0.0,0.500005,67.0,0,False,496.3699951171875
2026-08-27T04:49:52Z,MSFT,2026-09-18,put,270.0,0.02,0.0,0.0,0.500005,30.0,0,False,496.3699951171875
2026-08-27T04:49:52Z,MSFT,2026-09-18,put,275.0,0.02,0.0,0.0,0.500005,132.0,0,False,496.3699951171875
2026-08-27T04:49:52Z,MSFT,2026-09-18,put,280.0,0.02,0.0,0.0,0.500005,48.0,0,False,496.3699951171875
2026-08-27T04:49:52Z,MSFT,2026-09-18,put,285.0,0.03,0.0,0.0,0.500005,242.0,0,False,496.3699951171875
2026-08-27T04:49:52Z,MSFT,2026-09-18,put,290.0,0.05,0.0,0.0,0.500005,50.0,0,False,496.3699951171875
2026-08-27T04:49:52Z,MSFT,2026-09-18,put,295.0,0.05,0.0,0.0,0.500005,1.0,0,False,496.3699951171875
2026-08-27T04:49:52Z,MSFT,2026-09-18,put,300.0,0.04,0.0,0.0,0.500005,6.0,0,False,496.3699951171875
2026-08-27T04:49:52Z,MSFT,2026-09-18,put,305.0,0.11,0.0,0.0,0.500005,48.0,0,False,496.3699951171875
2026-08-27T04:49:52Z,MSFT,2026-09-18,put,310.0,0.04,0.0,0.0,0.2500075,47.0,0,False,496.3699951171875
2026-08-27T04:49:52Z,MSFT,2026-09-18,put,315.0,0.13,0.0,0.0,0.2500075,1.0,0,False,496.3699951171875
2026-08-27T04:49:52Z,MSFT,2026-09-18,put,320.0,0.05,0.0,0.0,0.2500075,6.0,0,False,496.3699951171875
2026-08-27T04:49:52Z,MSFT,2026-09-18,put,325.0,0.04,0.0,0.0,0.2500075,9.0,0,False,496.3699951171875
2026-08-27T04:49:52Z,MSFT,2026-09-18,put,330.0,0.06,0.0,0.0,0.2500075,3.0,0,False,496.3699951171875
2026-08-27T04:49:52Z,MSFT,2026-09-18,put,335.0,0.04,0.0,0.0,0.2500075,30.0,0,False,496.3699951171875
2026-08-27T04:49:52Z,MSFT,2026-09-18,put,340.0,0.07,0.0,0.0,0.2500075,25.0,0,False,496.3699951171875
2026-08-27T04:49:52Z,MSFT,2026-09-18,put,345.0,0.09,0.0,0.0,0.2500075,403.0,0,False,496.3699951171875
2026-08-27T04:49:52Z,MSFT,2026-09-18,put,350.0,0.07,0.0,0.0,0.2500075,27.0,0,False,496.3699951171875
2026-08-27T04:49:52Z,MSFT,2026-09-18,put,355.0,0.07,0.0,0.0,0.2500075,1.0,0,False,496.3699951171875
2026-08-27T04:49:52Z,MSFT,2026-09-18,put,360.0,0.12,0.0,0.0,0.2500075,29.0,0,False,496.3699951171875
2026-08-27T04:49:52Z,MSFT,2026-09-18,put,365.0,0.13,0.0,0.0,0.2500075,4.0,0,False,496.3699951171875
2026-08-27T04:49:52Z,MSFT,2026-09-18,put,370.0,0.13,0.0,0.0,0.2500075,3.0,0,False,496.3699951171875
2026-08-27T04:49:52Z,MSFT,2026-09-18,put,375.0,0.15,0.0,0.0,0.2500075,280.0,0,False,496.3699951171875
2026-08-27T04:49:52Z,MSFT,2026-09-18,put,380.0,0.21,0.0,0.0,0.2500075,40.0,0,False,496.3699951171875
2026-08-27T04:49:52Z,MSFT,2026-09-18,put,385.0,0.17,0.0,0.0,0.2500075,240.0,0,False,496.3699951171875
2026-08-27T04:49:52Z,MSFT,2026-09-18,put,390.0,0.2,0.0,0.0,0.2500075,17.0,0,False,496.3699951171875
2026-08-27T04:49:52Z,MSFT,2026-09-18,put,395.0,0.22,0.0,0.0,0.2500075,4.0,0,False,496.3699951171875
2026-08-27T04:49:52Z,MSFT,2026-09-18,put,400.0,0.26,0.0,0.0,0.12500875,99.0,0,False,496.3699951171875
2026-08-27T04:49:52Z,MSFT,2026-09-18,put,405.0,0.22,0.0,0.0,0.12500875,54.0,0,False,496.3699951171875
2026-08-27T04:49:52Z,MSFT,2026-09-18,put,410.0,0.22,0.0,0.0,0.12500875,30.0,0,False,496.3699951171875
2026-08-27T04:49:52Z,MSFT,2026-09-18,put,415.0,0.35,0.0,0.0,0.12500875,15.0,0,False,496.3699951171875
2026-08-27T04:49:52Z,MSFT,2026-09-18,put,420.0,0.4,0.0,0.0,0.12500875,71.0,0,False,496.3699951171875
2026-08-27T04:49:52Z,MSFT,2026-09-18,put,425.0,0.45,0.0,0.0,0.12500875,65.0,0,False,496.3699951171875
2026-08-27T04:49:52Z,MSFT,2026-09-18,put,430.0,0.54,0.0,0.0,0.12500875,82.0,0,False,496.3699951171875
2026-08-27T04:49:52Z,MSFT,2026-09-18,put,435.0,0.67,0.0,0.0,0.12500875,126.0,0,False,496.3699951171875
2026-08-27T04:49:52Z,MSFT,2026-09-18,put,440.0,0.8,0.0,0.0,0.12500875,272.0,0,False,496.3699951171875
2026-08-27T04:49:52Z,MSFT,2026-09-18,put,445.0,0.99,0.0,0.0,0.12500875,219.0,0,False,496.3699951171875
2026-08-27T04:49:52Z,MSFT,2026-09-18,put,450.0,1.22,0.0,0.0,0.062509375,434.0,0,False,496.3699951171875
2026-08-27T04:49:52Z,MSFT,2026-09-18,put,455.0,1.54,0.0,0.0,0.062509375,248.0,0,False,496.3699951171875
2026-08-27T04:49:52Z,MSFT,2026-09-18,put,460.0,2.0,0.0,0.0,0.062509375,1481.0,0,False,496.3699951171875
2026-08-27T04:49:52Z,MSFT,2026-09-18,put,462.5,2.25,0.0,0.0,0.062509375,94.0,0,False,496.3699951171875
2026-08-27T04:49:52Z,MSFT,2026-09-18,put,465.0,2.57,0.0,0.0,0.062509375,286.0,0,False,496.3699951171875
2026-08-27T04:49:52Z,MSFT,2026-09-18,put,467.5,3.05,0.0,0.0,0.062509375,71.0,0,False,496.3699951171875
2026-08-27T04:49:52Z,MSFT,2026-09-18,put,470.0,3.25,0.0,0.0,0.062509375,346.0,0,False,496.3699951171875
2026-08-27T04:49:52Z,MSFT,2026-09-18,put,472.5,3.76,0.0,0.0,0.0312596875,92.0,0,False,496.3699951171875
2026-08-27T04:49:52Z,MSFT,2026-09-18,put,475.0,4.22,0.0,0.0,0.0312596875,225.0,0,False,496.3699951171875
2026-08-27T04:49:52Z,MSFT,2026-09-18,put,477.5,4.98,0.0,0.0,0.0312596875,133.0,0,False,496.3699951171875
2026-08-27T04:49:52Z,MSFT,2026-09-18,put,480.0,5.49,0.0,0.0,0.0312596875,543.0,0,False,496.3699951171875
2026-08-27T04:49:52Z,MSFT,2026-09-18,put,482.5,6.2,0.0,0.0,0.0312596875,28.0,0,False,496.3699951171875
2026-08-27T04:49:52Z,MSFT,2026-09-18,put,485.0,6.87,0.0,0.0,0.015634843750000002,191.0,0,False,496.3699951171875
2026-08-27T04:49:52Z,MSFT,2026-09-18,put,487.5,8.55,0.0,0.0,0.015634843750000002,35.0,0,False,496.3699951171875
2026-08-27T04:49:52Z,MSFT,2026-09-18,put,490.0,9.05,0.0,0.0,0.015634843750000002,422.0,0,False,496.3699951171875
2026-08-27T04:49:52Z,MSFT,2026-09-18,put,492.5,10.0,0.0,0.0,0.007822421875,83.0,0,False,496.3699951171875
2026-08-27T04:49:52Z,MSFT,2026-09-18,put,495.0,11.06,0.0,0.0,0.0039162109375,843.0,0,False,496.3699951171875
2026-08-27T04:49:52Z,MSFT,2026-09-18,put,500.0,13.15,0.0,0.0,1.0000000000000003e-05,276.0,0,True,496.3699951171875
2026-08-27T04:49:52Z,MSFT,2026-09-18,put,505.0,17.5,0.0,0.0,1.0000000000000003e-05,43.0,0,True,496.3699951171875
2026-08-27T04:49:52Z,MSFT,2026-09-18,put,510.0,19.5,0.0,0.0,1.0000000000000003e-05,4.0,0,True,496.3699951171875
2026-08-27T04:49:52Z,MSFT,2026-09-18,put,515.0,32.75,0.0,0.0,1.0000000000000003e-05,2.0,0,True,496.3699951171875
2026-08-27T04:49:52Z,MSFT,2026-09-18,put,520.0,26.71,0.0,0.0,1.0000000000000003e-05,19.0,0,True,496.3699951171875
2026-08-27T04:49:52Z,MSFT,2026-09-18,put,525.0,43.31,0.0,0.0,1.0000000000000003e-05,6.0,0,True,496.3699951171875
2026-08-27T04:49:52Z,MSFT,2026-09-18,put,530.0,36.1,0.0,0.0,1.0000000000000003e-05,1.0,0,True,496.3699951171875
2026-08-27T04:49:52Z,MSFT,2026-09-18,put,535.0,39.3,0.0,0.0,1.0000000000000003e-05,2.0,0,True,496.3699951171875
2026-08-27T04:49:52Z,MSFT,2026-09-18,put,540.0,57.99,0.0,0.0,1.0000000000000003e-05,20.0,0,True,496.3699951171875
2026-08-27T04:49:52Z,MSFT,2026-09-18,put,545.0,64.02,0.0,0.0,1.0000000000000003e-05,100.0,0,True,496.3699951171875
2026-08-27T04:49:52Z,MSFT,2026-09-18,put,550.0,60.7,0.0,0.0,1.0000000000000003e-05,1.0,0,True,496.3699951171875
2026-08-27T04:49:52Z,MSFT,2026-09-18,put,560.0,78.53,0.0,0.0,1.0000000000000003e-05,15.0,0,True,496.3699951171875
2026-08-27T04:49:52Z,MSFT,2026-09-18,put,570.0,199.45,0.0,0.0,1.0000000000000003e-05,1.0,0,True,496.3699951171875
2026-08-27T04:49:52Z,MSFT,2026-09-18,put,575.0,91.15,0.0,0.0,1.0000000000000003e-05,22.0,0,True,496.3699951171875
2026-08-27T04:49:52Z,MSFT,2026-09-18,put,580.0,96.15,0.0,0.0,1.0000000000000003e-05,22.0,0,True,496.3699951171875
2026-08-27T04:49:52Z,MSFT,2026-09-18,put,585.0,101.35,0.0,0.0,1.0000000000000003e-05,38.0,0,True,496.3699951171875
2026-08-27T04:49:52Z,MSFT,2026-09-18,put,590.0,108.53,0.0,0.0,1.0000000000000003e-05,25.0,0,True,496.3699951171875
2026-08-27T04:49:52Z,MSFT,2026-09-18,put,595.0,111.14,0.0,0.0,1.0000000000000003e-05,3.0,0,True,496.3699951171875
2026-08-27T04:49:52Z,MSFT,2026-09-18,put,600.0,103.74,0.0,0.0,1.0000000000000003e-05,1.0,0,True,496.3699951171875
2026-08-27T04:49:52Z,MSFT,2026-09-18,put,605.0,108.76,0.0,0.0,1.0000000000000003e-05,1.0,0,True,496.3699951171875
2026-08-27T04:49:52Z,MSFT,2026-09-18,put,610.0,111.4,0.0,0.0,1.0000000000000003e-05,1.0,0,True,496.3699951171875
2026-08-27T04:49:52Z,MSFT,2026-09-18,put,620.0,121.0,0.0,0.0,1.0000000000000003e-05,12.0,0,True,496.3699951171875
2026-08-27T04:49:52Z,MSFT,2026-09-18,put,630.0,171.1,0.0,0.0,1.0000000000000003e-05,130.0,0,True,496.3699951171875
2026-08-27T04:49:52Z,MSFT,2026-09-18,put,640.0,140.7,0.0,0.0,1.0000000000000003e-05,2.0,0,True,496.3699951171875
2026-08-27T04:49:52Z,MSFT,2026-09-18,put,650.0,166.35,0.0,0.0,1.0000000000000003e-05,15.0,0,True,496.3699951171875
2026-08-27T04:49:52Z,MSFT,2026-09-18,put,660.0,157.42,180.6,184.45,1.2832067089843748,2.0,0,True,496.3699951171875
2026-08-27T04:49:52Z,MSFT,2026-09-18,put,670.0,153.07,178.75,181.45,0.9368902795410157,1.0,0,True,496.3699951171875
2026-08-27T04:49:52Z,MSFT,2026-09-18,put,680.0,157.89,200.45,204.55,1.35779129699707,5.0,0,True,496.3699951171875
2026-08-27T04:49:52Z,MSFT,2026-09-18,put,700.0,200.5,0.0,0.0,1.0000000000000003e-05,2.0,0,True,496.3699951171875
2026-08-27T04:49:52Z,MSFT,2026-09-18,put,720.0,220.55,0.0,0.0,1.0000000000000003e-05,,0,True,496.3699951171875
2026-08-27T04:49:52Z,MSFT,2026-09-18,put,740.0,202.9,226.65,230.3,1.0000000000000003e-05,,0,True,496.3699951171875
2026-08-27T04:49:52Z,MSFT,2026-09-18,put,800.0,393.9,375.2,378.9,3.0116296681976316,,0,True,496.3699951171875
2026-08-27T04:49:52Z,MSFT,2026-09-25,call,320.0,163.92,0.0,0.0,1.0000000000000003e-05,,0,True,496.3699951171875
2026-08-27T04:49:52Z,MSFT,2026-09-25,call,355.0,129.53,0.0,0.0,1.0000000000000003e-05,1.0,0,True,496.3699951171875
2026-08-27T04:49:52Z,MSFT,2026-09-25,call,360.0,124.5,0.0,0.0,1.0000000000000003e-05,1.0,0,True,496.3699951171875
2026-08-27T04:49:52Z,MSFT,2026-09-25,call,365.0,119.7,0.0,0.0,1.0000000000000003e-05,,0,True,496.3699951171875
2026-08-27T04:49:52Z,MSFT,2026-09-25,call,370.0,132.17,0.0,0.0,1.0000000000000003e-05,3.0,0,True,496.3699951171875
2026-08-27T04:49:52Z,MSFT,2026-09-25,call,375.0,109.0,0.0,0.0,1.0000000000000003e-05,3.0,0,True,496.3699951171875
2026-08-27T04:49:52Z,MSFT,2026-09-25,call,380.0,105.15,0.0,0.0,1.0000000000000003e-05,5.0,0,True,496.3699951171875
2026-08-27T04:49:52Z,MSFT,2026-09-25,call,385.0,100.1,0.0,0.0,1.0000000000000003e-05,2.0,0,True,496.3699951171875
2026-08-27T04:49:52Z,MSFT,2026-09-25,call,390.0,100.3,0.0,0.0,1.0000000000000003e-05,2.0,0,True,496.3699951171875
2026-08-27T04:49:52Z,MSFT,2026-09-25,call,395.0,96.73,0.0,0.0,1.0000000000000003e-05,1.0,0,True,496.3699951171875
2026-08-27T04:49:52Z,MSFT,2026-09-25,call,400.0,91.17,0.0,0.0,1.0000000000000003e-05,1.0,0,True,496.3699951171875
2026-08-27T04:49:52Z,MSFT,2026-09-25,call,405.0,84.15,0.0,0.0,1.0000000000000003e-05,1.0,0,True,496.3699951171875
2026-08-27T04:49:52Z,MSFT,2026-09-25,call,410.0,74.12,0.0,0.0,1.0000000000000003e-05,,0,True,496.3699951171875
2026-08-27T04:49:52Z,MSFT,2026-09-25,call,415.0,67.62,0.0,0.0,1.0000000000000003e-05,3.0,0,True,496.3699951171875
2026-08-27T04:49:52Z,MSFT,2026-09-25,call,420.0,76.57,0.0,0.0,1.0000000000000003e-05,5.0,0,True,496.3699951171875
2026-08-27T04:49:52Z,MSFT,2026-09-25,call,425.0,71.73,0.0,0.0,1.0000000000000003e-05,40.0,0,True,496.3699951171875
2026-08-27T04:49:52Z,MSFT,2026-09-25,call,430.0,66.93,0.0,0.0,1.0000000000000003e-05,40.0,0,True,496.3699951171875
2026-08-27T04:49:52Z,MSFT,2026-09-25,call,435.0,62.81,0.0,0.0,1.0000000000000003e-05,38.0,0,True,496.3699951171875
2026-08-27T04:49:52Z,MSFT,2026-09-25,call,440.0,58.09,0.0,0.0,1.0000000000000003e-05,40.0,0,True,496.3699951171875
2026-08-27T04:49:52Z,MSFT,2026-09-25,call,445.0,45.35,0.0,0.0,1.0000000000000003e-05,1.0,0,True,496.3699951171875
2026-08-27T04:49:52Z,MSFT,2026-09-25,call,450.0,48.12,0.0,0.0,1.0000000000000003e-05,2.0,0,True,496.3699951171875
2026-08-27T04:49:52Z,MSFT,2026-09-25,call,455.0,39.44,0.0,0.0,1.0000000000000003e-05,7.0,0,True,496.3699951171875
2026-08-27T04:49:52Z,MSFT,2026-09-25,call,460.0,38.65,0.0,0.0,1.0000000000000003e-05,2.0,0,True,496.3699951171875
2026-08-27T04:49:52Z,MSFT,2026-09-25,call,465.0,36.51,0.0,0.0,1.0000000000000003e-05,1.0,0,True,496.3699951171875
2026-08-27T04:49:52Z,MSFT,2026-09-25,call,470.0,33.11,0.0,0.0,1.0000000000000003e-05,8.0,0,True,496.3699951171875
2026-08-27T04:49:52Z,MSFT,2026-09-25,call,475.0,29.21,0.0,0.0,1.0000000000000003e-05,6.0,0,True,496.3699951171875
2026-08-27T04:49:52Z,MSFT,2026-09-25,call,480.0,24.83,0.0,0.0,1.0000000000000003e-05,59.0,0,True,496.3699951171875
2026-08-27T04:49:52Z,MSFT,2026-09-25,call,485.0,22.0,0.0,0.0,1.0000000000000003e-05,12.0,0,True,496.3699951171875
2026-08-27T04:49:52Z,MSFT,2026-09-25,call,490.0,18.9,0.0,0.0,1.0000000000000003e-05,197.0,0,True,496.3699951171875
2026-08-27T04:49:52Z,MSFT,2026-09-25,call,495.0,15.8,0.0,0.0,1.0000000000000003e-05,100.0,0,True,496.3699951171875
2026-08-27T04:49:52Z,MSFT,2026-09-25,call,500.0,13.5,0.0,0.0,0.007822421875,96.0,0,False,496.3699951171875
2026-08-27T04:49:52Z,MSFT,2026-09-25,call,505.0,10.85,0.0,0.0,0.015634843750000002,23.0,0,False,496.3699951171875
2026-08-27T04:49:52Z,MSFT,2026-09-25,call,510.0,8.93,0.0,0.0,0.015634843750000002,66.0,0,False,496.3699951171875
2026-08-27T04:49:52Z,MSFT,2026-09-25,call,515.0,7.23,0.0,0.0,0.0312596875,38.0,0,False,496.3699951171875
2026-08-27T04:49:52Z,MSFT,2026-09-25,call,520.0,6.0,0.0,0.0,0.0312596875,235.0,0,False,496.3699951171875
2026-08-27T04:49:52Z,MSFT,2026-09-25,call,525.0,4.7,0.0,0.0,0.0312596875,92.0,0,False,496.3699951171875
2026-08-27T04:49:52Z,MSFT,2026-09-25,call,530.0,3.65,0.0,0.0,0.062509375,150.0,0,False,496.3699951171875
2026-08-27T04:49:52Z,MSFT,2026-09-25,call,535.0,2.62,0.0,0.0,0.062509375,19.0,0,False,496.3699951171875
2026-08-27T04:49:52Z,MSFT,2026-09-25,call,540.0,2.23,0.0,0.0,0.062509375,142.0,0,False,496.3699951171875
2026-08-27T04:49:52Z,MSFT,2026-09-25,call,545.0,1.65,0.0,0.0,0.062509375,27.0,0,False,496.3699951171875
2026-08-27T04:49:52Z,MSFT,2026-09-25,call,550.0,1.36,0.0,0.0,0.062509375,212.0,0,False,496.3699951171875
2026-08-27T04:49:52Z,MSFT,2026-09-25,call,555.0,1.01,0.0,0.0,0.062509375,10.0,0,False,496.3699951171875
2026-08-27T04:49:52Z,MSFT,2026-09-25,call,560.0,0.78,0.0,0.0,0.062509375,21.0,0,False,496.3699951171875
2026-08-27T04:49:52Z,MSFT,2026-09-25,call,570.0,0.45,0.0,0.0,0.12500875,14.0,0,False,496.3699951171875
2026-08-27T04:49:52Z,MSFT,2026-09-25,call,580.0,0.28,0.0,0.0,0.12500875,8.0,0,False,496.3699951171875
2026-08-27T04:49:52Z,MSFT,2026-09-25,call,590.0,0.15,0.0,0.0,0.12500875,1.0,0,False,496.3699951171875
2026-08-27T04:49:52Z,MSFT,2026-09-25,call,600.0,0.1,0.0,0.0,0.12500875,9.0,0,False,496.3699951171875
2026-08-27T04:49:52Z,MSFT,2026-09-25,call,610.0,0.22,0.0,0.0,0.12500875,1.0,0,False,496.3699951171875
2026-08-27T04:49:52Z,MSFT,2026-09-25,call,620.0,0.2,0.0,0.0,0.12500875,7.0,0,False,496.3699951171875
2026-08-27T04:49:52Z,MSFT,2026-09-25,call,630.0,0.19,0.0,0.0,0.12500875,1.0,0,False,496.3699951171875
2026-08-27T04:49:52Z,MSFT,2026-09-25,call,640.0,0.19,0.0,0.0,0.12500875,1.0,0,False,496.3699951171875
2026-08-27T04:49:52Z,MSFT,2026-09-25,call,650.0,0.04,0.0,0.0,0.2500075,2.0,0,False,496.3699951171875
2026-08-27T04:49:52Z,MSFT,2026-09-25,call,660.0,0.18,0.0,0.0,0.2500075,1.0,0,False,496.3699951171875
2026-08-27T04:49:52Z,MSFT,2026-09-25,call,670.0,0.2,0.0,0.0,0.2500075,4.0,0,False,496.3699951171875
2026-08-27T04:49:52Z,MSFT,2026-09-25,call,680.0,0.05,0.0,0.0,0.2500075,33.0,0,False,496.3699951171875
2026-08-27T04:49:52Z,MSFT,2026-09-25,put,270.0,0.01,0.0,0.0,0.500005,5.0,0,False,496.3699951171875
2026-08-27T04:49:52Z,MSFT,2026-09-25,put,280.0,0.04,0.0,0.0,0.500005,10.0,0,False,496.3699951171875
2026-08-27T04:49:52Z,MSFT,2026-09-25,put,290.0,0.06,0.0,0.0,0.2500075,10.0,0,False,496.3699951171875
2026-08-27T04:49:52Z,MSFT,2026-09-25,put,300.0,0.2,0.0,0.0,0.2500075,3.0,0,False,496.3699951171875
2026-08-27T04:49:52Z,MSFT,2026-09-25,put,305.0,0.07,0.0,0.0,0.2500075,3.0,0,False,496.3699951171875
2026-08-27T04:49:52Z,MSFT,2026-09-25,put,310.0,0.07,0.0,0.0,0.2500075,4.0,0,False,496.3699951171875
2026-08-27T04:49:52Z,MSFT,2026-09-25,put,315.0,0.06,0.0,0.0,0.2500075,21.0,0,False,496.3699951171875
2026-08-27T04:49:52Z,MSFT,2026-09-25,put,320.0,0.12,0.0,0.0,0.2500075,10.0,0,False,496.3699951171875
2026-08-27T04:49:52Z,MSFT,2026-09-25,put,325.0,0.05,0.0,0.0,0.2500075,1.0,0,False,496.3699951171875
2026-08-27T04:49:52Z,MSFT,2026-09-25,put,330.0,0.2,0.0,0.0,0.2500075,1.0,0,False,496.3699951171875
2026-08-27T04:49:52Z,MSFT,2026-09-25,put,335.0,0.13,0.0,0.0,0.2500075,6.0,0,False,496.3699951171875
2026-08-27T04:49:52Z,MSFT,2026-09-25,put,340.0,0.11,0.0,0.0,0.2500075,4.0,0,False,496.3699951171875
2026-08-27T04:49:52Z,MSFT,2026-09-25,put,345.0,0.1,0.0,0.0,0.2500075,23.0,0,False,496.3699951171875
2026-08-27T04:49:52Z,MSFT,2026-09-25,put,350.0,0.23,0.0,0.0,0.2500075,2.0,0,False,496.3699951171875
2026-08-27T04:49:52Z,MSFT,2026-09-25,put,355.0,0.22,0.0,0.0,0.2500075,4.0,0,False,496.3699951171875
2026-08-27T04:49:52Z,MSFT,2026-09-25,put,360.0,0.17,0.0,0.0,0.2500075,1.0,0,False,496.3699951171875
2026-08-27T04:49:52Z,MSFT,2026-09-25,put,365.0,0.13,0.0,0.0,0.2500075,3.0,0,False,496.3699951171875
2026-08-27T04:49:52Z,MSFT,2026-09-25,put,370.0,0.15,0.0,0.0,0.2500075,4.0,0,False,496.3699951171875
2026-08-27T04:49:52Z,MSFT,2026-09-25,put,375.0,0.18,0.0,0.0,0.2500075,5.0,0,False,496.3699951171875
2026-08-27T04:49:52Z,MSFT,2026-09-25,put,380.0,0.27,0.0,0.0,0.2500075,1.0,0,False,496.3699951171875
2026-08-27T04:49:52Z,MSFT,2026-09-25,put,385.0,0.23,0.0,0.0,0.12500875,1.0,0,False,496.3699951171875
2026-08-27T04:49:52Z,MSFT,2026-09-25,put,390.0,0.31,0.0,0.0,0.12500875,10.0,0,False,496.3699951171875
2026-08-27T04:49:52Z,MSFT,2026-09-25,put,395.0,0.43,0.0,0.0,0.12500875,2.0,0,False,496.3699951171875
2026-08-27T04:49:52Z,MSFT,2026-09-25,put,400.0,0.33,0.0,0.0,0.12500875,7.0,0,False,496.3699951171875
2026-08-27T04:49:52Z,MSFT,2026-09-25,put,405.0,0.44,0.0,0.0,0.12500875,1.0,0,False,496.3699951171875
2026-08-27T04:49:52Z,MSFT,2026-09-25,put,410.0,0.43,0.0,0.0,0.12500875,1.0,0,False,496.3699951171875
2026-08-27T04:49:52Z,MSFT,2026-09-25,put,415.0,0.55,0.0,0.0,0.12500875,2.0,0,False,496.3699951171875
2026-08-27T04:49:52Z,MSFT,2026-09-25,put,420.0,0.6,0.0,0.0,0.12500875,11.0,0,False,496.3699951171875
2026-08-27T04:49:52Z,MSFT,2026-09-25,put,425.0,0.7,0.0,0.0,0.12500875,5.0,0,False,496.3699951171875
2026-08-27T04:49:52Z,MSFT,2026-09-25,put,430.0,0.86,0.0,0.0,0.12500875,36.0,0,False,496.3699951171875
2026-08-27T04:49:52Z,MSFT,2026-09-25,put,435.0,0.93,0.0,0.0,0.12500875,16.0,0,False,496.3699951171875
2026-08-27T04:49:52Z,MSFT,2026-09-25,put,440.0,1.22,0.0,0.0,0.062509375,77.0,0,False,496.3699951171875
2026-08-27T04:49:52Z,MSFT,2026-09-25,put,445.0,1.55,0.0,0.0,0.062509375,14.0,0,False,496.3699951171875
2026-08-27T04:49:52Z,MSFT,2026-09-25,put,450.0,1.91,0.0,0.0,0.062509375,202.0,0,False,496.3699951171875
2026-08-27T04:49:52Z,MSFT,2026-09-25,put,455.0,2.25,0.0,0.0,0.062509375,78.0,0,False,496.3699951171875
2026-08-27T04:49:52Z,MSFT,2026-09-25,put,460.0,2.94,0.0,0.0,0.062509375,214.0,0,False,496.3699951171875
2026-08-27T04:49:52Z,MSFT,2026-09-25,put,465.0,3.67,0.0,0.0,0.062509375,178.0,0,False,496.3699951171875
2026-08-27T04:49:52Z,MSFT,2026-09-25,put,470.0,4.57,0.0,0.0,0.0312596875,267.0,0,False,496.3699951171875
2026-08-27T04:49:52Z,MSFT,2026-09-25,put,475.0,6.15,0.0,0.0,0.0312596875,64.0,0,False,496.3699951171875
2026-08-27T04:49:52Z,MSFT,2026-09-25,put,480.0,6.85,0.0,0.0,0.0312596875,857.0,0,False,496.3699951171875
2026-08-27T04:49:52Z,MSFT,2026-09-25,put,485.0,8.5,0.0,0.0,0.015634843750000002,73.0,0,False,496.3699951171875
2026-08-27T04:49:52Z,MSFT,2026-09-25,put,490.0,10.52,0.0,0.0,0.007822421875,90.0,0,False,496.3699951171875
2026-08-27T04:49:52Z,MSFT,2026-09-25,put,495.0,12.62,0.0,0.0,0.00196310546875,72.0,0,False,496.3699951171875
2026-08-27T04:49:52Z,MSFT,2026-09-25,put,500.0,15.3,0.0,0.0,1.0000000000000003e-05,68.0,0,True,496.3699951171875
2026-08-27T04:49:52Z,MSFT,2026-09-25,put,505.0,18.54,0.0,0.0,1.0000000000000003e-05,5.0,0,True,496.3699951171875
2026-08-27T04:49:52Z,MSFT,2026-09-25,put,510.0,22.59,0.0,0.0,1.0000000000000003e-05,1.0,0,True,496.3699951171875
2026-08-27T04:49:52Z,MSFT,2026-09-25,put,515.0,26.01,0.0,0.0,1.0000000000000003e-05,1.0,0,True,496.3699951171875
2026-08-27T04:49:52Z,MSFT,2026-09-25,put,520.0,29.1,0.0,0.0,1.0000000000000003e-05,2.0,0,True,496.3699951171875
2026-08-27T04:49:52Z,MSFT,2026-09-25,put,525.0,31.45,0.0,0.0,1.0000000000000003e-05,1.0,0,True,496.3699951171875
2026-08-27T04:49:52Z,MSFT,2026-09-25,put,530.0,38.0,0.0,0.0,1.0000000000000003e-05,2.0,0,True,496.3699951171875
2026-08-27T04:49:52Z,MSFT,2026-09-25,put,535.0,42.0,0.0,0.0,1.0000000000000003e-05,2.0,0,True,496.3699951171875
2026-08-27T04:49:52Z,MSFT,2026-09-25,put,540.0,42.79,0.0,0.0,1.0000000000000003e-05,1.0,0,True,496.3699951171875
2026-08-27T04:49:52Z,MSFT,2026-09-25,put,550.0,70.0,0.0,0.0,1.0000000000000003e-05,,0,True,496.3699951171875
2026-08-27T04:49:52Z,MSFT,2026-09-25,put,555.0,61.4,0.0,0.0,1.0000000000000003e-05,,0,True,496.3699951171875
2026-08-27T04:49:52Z,MSFT,2026-09-25,put,560.0,60.95,0.0,0.0,1.0000000000000003e-05,2.0,0,True,496.3699951171875
2026-08-27T04:49:52Z,MSFT,2026-10-02,call,355.0,127.36,0.0,0.0,1.0000000000000003e-05,,0,True,496.3699951171875
2026-08-27T04:49:52Z,MSFT,2026-10-02,call,375.0,110.68,0.0,0.0,1.0000000000000003e-05,,0,True,496.3699951171875
2026-08-27T04:49:52Z,MSFT,2026-10-02,call,385.0,100.0,0.0,0.0,1.0000000000000003e-05,,0,True,496.3699951171875
2026-08-27T04:49:52Z,MSFT,2026-10-02,call,400.0,92.38,0.0,0.0,1.0000000000000003e-05,1.0,0,True,496.3699951171875
2026-08-27T04:49:52Z,MSFT,2026-10-02,call,405.0,78.13,0.0,0.0,1.0000000000000003e-05,,0,True,496.3699951171875
2026-08-27T04:49:52Z,MSFT,2026-10-02,call,410.0,75.47,0.0,0.0,1.0000000000000003e-05,,0,True,496.3699951171875
2026-08-27T04:49:52Z,MSFT,2026-10-02,call,415.0,82.53,0.0,0.0,1.0000000000000003e-05,1.0,0,True,496.3699951171875
2026-08-27T04:49:52Z,MSFT,2026-10-02,call,425.0,73.18,0.0,0.0,1.0000000000000003e-05,2.0,0,True,496.3699951171875
2026-08-27T04:49:52Z,MSFT,2026-10-02,call,430.0,57.35,0.0,0.0,1.0000000000000003e-05,5.0,0,True,496.3699951171875
2026-08-27T04:49:52Z,MSFT,2026-10-02,call,435.0,52.46,0.0,0.0,1.0000000000000003e-05,1.0,0,True,496.3699951171875
2026-08-27T04:49:52Z,MSFT,2026-10-02,call,440.0,54.5,0.0,0.0,1.0000000000000003e-05,2.0,0,True,496.3699951171875
2026-08-27T04:49:52Z,MSFT,2026-10-02,call,445.0,50.15,0.0,0.0,1.0000000000000003e-05,3.0,0,True,496.3699951171875
2026-08-27T04:49:52Z,MSFT,2026-10-02,call,450.0,49.35,0.0,0.0,1.0000000000000003e-05,6.0,0,True,496.3699951171875
2026-08-27T04:49:52Z,MSFT,2026-10-02,call,455.0,47.0,0.0,0.0,1.0000000000000003e-05,,0,True,496.3699951171875
2026-08-27T04:49:52Z,MSFT,2026-10-02,call,460.0,41.34,0.0,0.0,1.0000000000000003e-05,1.0,0,True,496.3699951171875
2026-08-27T04:49:52Z,MSFT,2026-10-02,call,465.0,36.52,0.0,0.0,1.0000000000000003e-05,2.0,0,True,496.3699951171875
2026-08-27T04:49:52Z,MSFT,2026-10-02,call,470.0,29.55,0.0,0.0,1.0000000000000003e-05,3.0,0,True,496.3699951171875
2026-08-27T04:49:52Z,MSFT,2026-10-02,call,475.0,29.42,0.0,0.0,1.0000000000000003e-05,4.0,0,True,496.3699951171875
2026-08-27T04:49:52Z,MSFT,2026-10-02,call,480.0,26.6,0.0,0.0,1.0000000000000003e-05,7.0,0,True,496.3699951171875
2026-08-27T04:49:52Z,MSFT,2026-10-02,call,485.0,23.83,0.0,0.0,1.0000000000000003e-05,40.0,0,True,496.3699951171875
2026-08-27T04:49:52Z,MSFT,2026-10-02,call,490.0,18.99,0.0,0.0,1.0000000000000003e-05,28.0,0,True,496.3699951171875
2026-08-27T04:49:52Z,MSFT,2026-10-02,call,495.0,17.5,0.0,0.0,1.0000000000000003e-05,14.0,0,True,496.3699951171875
2026-08-27T04:49:52Z,MSFT,2026-10-02,call,500.0,15.14,0.0,0.0,0.007822421875,45.0,0,False,496.3699951171875
2026-08-27T04:49:52Z,MSFT,2026-10-02,call,505.0,13.1,0.0,0.0,0.015634843750000002,14948.0,0,False,496.3699951171875
2026-08-27T04:49:52Z,MSFT,2026-10-02,call,510.0,10.99,0.0,0.0,0.015634843750000002,75.0,0,False,496.3699951171875
2026-08-27T04:49:52Z,MSFT,2026-10-02,call,515.0,9.07,0.0,0.0,0.0312596875,64.0,0,False,496.3699951171875
2026-08-27T04:49:52Z,MSFT,2026-10-02,call,520.0,7.41,0.0,0.0,0.0312596875,375.0,0,False,496.3699951171875
2026-08-27T04:49:52Z,MSFT,2026-10-02,call,525.0,6.64,0.0,0.0,0.0312596875,50.0,0,False,496.3699951171875
2026-08-27T04:49:52Z,MSFT,2026-10-02,call,530.0,5.0,0.0,0.0,0.0312596875,70.0,0,False,496.3699951171875
2026-08-27T04:49:52Z,MSFT,2026-10-02,call,535.0,4.0,0.0,0.0,0.062509375,26.0,0,False,496.3699951171875
2026-08-27T04:49:52Z,MSFT,2026-10-02,call,540.0,3.3,0.0,0.0,0.062509375,58.0,0,False,496.3699951171875
2026-08-27T04:49:52Z,MSFT,2026-10-02,call,545.0,2.46,0.0,0.0,0.062509375,79.0,0,False,496.3699951171875
2026-08-27T04:49:52Z,MSFT,2026-10-02,call,550.0,2.15,0.0,0.0,0.062509375,15104.0,0,False,496.3699951171875
2026-08-27T04:49:52Z,MSFT,2026-10-02,call,555.0,1.64,0.0,0.0,0.062509375,18.0,0,False,496.3699951171875
2026-08-27T04:49:52Z,MSFT,2026-10-02,call,560.0,1.36,0.0,0.0,0.062509375,11.0,0,False,496.3699951171875
2026-08-27T04:49:52Z,MSFT,2026-10-02,call,570.0,0.88,0.0,0.0,0.062509375,12.0,0,False,496.3699951171875
2026-08-27T04:49:52Z,MSFT,2026-10-02,call,580.0,0.53,0.0,0.0,0.12500875,1.0,0,False,496.3699951171875
2026-08-27T04:49:52Z,MSFT,2026-10-02,call,590.0,0.23,0.0,0.0,0.12500875,2.0,0,False,496.3699951171875
2026-08-27T04:49:52Z,MSFT,2026-10-02,call,600.0,0.25,0.0,0.0,0.12500875,6.0,0,False,496.3699951171875
2026-08-27T04:49:52Z,MSFT,2026-10-02,call,610.0,0.13,0.0,0.0,0.12500875,5.0,0,False,496.3699951171875
2026-08-27T04:49:52Z,MSFT,2026-10-02,call,620.0,0.09,0.0,0.0,0.12500875,5.0,0,False,496.3699951171875
2026-08-27T04:49:52Z,MSFT,2026-10-02,call,630.0,0.2,0.0,0.0,0.12500875,1.0,0,False,496.3699951171875
2026-08-27T04:49:52Z,MSFT,2026-10-02,call,640.0,0.12,0.0,0.0,0.12500875,2.0,0,False,496.3699951171875
2026-08-27T04:49:52Z,MSFT,2026-10-02,call,650.0,0.11,0.0,0.0,0.12500875,2.0,0,False,496.3699951171875
2026-08-27T04:49:52Z,MSFT,2026-10-02,call,660.0,0.22,0.0,0.0,0.12500875,1.0,0,False,496.3699951171875
2026-08-27T04:49:52Z,MSFT,2026-10-02,call,670.0,0.21,0.0,0.0,0.2500075,1.0,0,False,496.3699951171875
2026-08-27T04:49:52Z,MSFT,2026-10-02,call,680.0,0.06,0.0,0.0,0.2500075,4.0,0,False,496.3699951171875
2026-08-27T04:49:52Z,MSFT,2026-10-02,put,270.0,0.05,0.0,0.0,0.500005,,0,False,496.3699951171875
2026-08-27T04:49:52Z,MSFT,2026-10-02,put,280.0,0.05,0.0,0.0,0.2500075,,0,False,496.3699951171875
2026-08-27T04:49:52Z,MSFT,2026-10-02,put,290.0,0.07,0.0,0.0,0.2500075,10.0,0,False,496.3699951171875
2026-08-27T04:49:52Z,MSFT,2026-10-02,put,300.0,0.07,0.0,0.0,0.2500075,2.0,0,False,496.3699951171875
2026-08-27T04:49:52Z,MSFT,2026-10-02,put,305.0,0.16,0.0,0.0,0.2500075,5.0,0,False,496.3699951171875
2026-08-27T04:49:52Z,MSFT,2026-10-02,put,310.0,0.06,0.0,0.0,0.2500075,5.0,0,False,496.3699951171875
2026-08-27T04:49:52Z,MSFT,2026-10-02,put,315.0,0.05,0.0,0.0,0.2500075,23.0,0,False,496.3699951171875
2026-08-27T04:49:52Z,MSFT,2026-10-02,put,320.0,0.05,0.0,0.0,0.2500075,3.0,0,False,496.3699951171875
2026-08-27T04:49:52Z,MSFT,2026-10-02,put,325.0,0.06,0.0,0.0,0.2500075,1.0,0,False,496.3699951171875
2026-08-27T04:49:52Z,MSFT,2026-10-02,put,330.0,0.09,0.0,0.0,0.2500075,6.0,0,False,496.3699951171875
2026-08-27T04:49:52Z,MSFT,2026-10-02,put,335.0,0.06,0.0,0.0,0.2500075,4.0,0,False,496.3699951171875
2026-08-27T04:49:52Z,MSFT,2026-10-02,put,340.0,0.09,0.0,0.0,0.2500075,63.0,0,False,496.3699951171875
2026-08-27T04:49:52Z,MSFT,2026-10-02,put,345.0,0.14,0.0,0.0,0.2500075,2.0,0,False,496.3699951171875
2026-08-27T04:49:52Z,MSFT,2026-10-02,put,350.0,0.1,0.0,0.0,0.2500075,1.0,0,False,496.3699951171875
2026-08-27T04:49:52Z,MSFT,2026-10-02,put,355.0,0.16,0.0,0.0,0.2500075,4.0,0,False,496.3699951171875
2026-08-27T04:49:52Z,MSFT,2026-10-02,put,360.0,0.15,0.0,0.0,0.2500075,1.0,0,False,496.3699951171875
2026-08-27T04:49:52Z,MSFT,2026-10-02,put,365.0,0.15,0.0,0.0,0.2500075,2.0,0,False,496.3699951171875
2026-08-27T04:49:52Z,MSFT,2026-10-02,put,370.0,0.24,0.0,0.0,0.2500075,1.0,0,False,496.3699951171875
2026-08-27T04:49:52Z,MSFT,2026-10-02,put,375.0,0.32,0.0,0.0,0.12500875,1.0,0,False,496.3699951171875
2026-08-27T04:49:52Z,MSFT,2026-10-02,put,380.0,0.24,0.0,0.0,0.12500875,1.0,0,False,496.3699951171875
2026-08-27T04:49:52Z,MSFT,2026-10-02,put,385.0,0.31,0.0,0.0,0.12500875,4.0,0,False,496.3699951171875
2026-08-27T04:49:52Z,MSFT,2026-10-02,put,390.0,0.55,0.0,0.0,0.12500875,20.0,0,False,496.3699951171875
2026-08-27T04:49:52Z,MSFT,2026-10-02,put,395.0,0.86,0.0,0.0,0.12500875,,0,False,496.3699951171875
2026-08-27T04:49:52Z,MSFT,2026-10-02,put,400.0,0.55,0.0,0.0,0.12500875,2.0,0,False,496.3699951171875
2026-08-27T04:49:52Z,MSFT,2026-10-02,put,405.0,0.56,0.0,0.0,0.12500875,2.0,0,False,496.3699951171875
2026-08-27T04:49:52Z,MSFT,2026-10-02,put,410.0,0.67,0.0,0.0,0.12500875,1.0,0,False,496.3699951171875
2026-08-27T04:49:52Z,MSFT,2026-10-02,put,415.0,0.83,0.0,0.0,0.12500875,7.0,0,False,496.3699951171875
2026-08-27T04:49:52Z,MSFT,2026-10-02,put,420.0,0.9,0.0,0.0,0.12500875,13.0,0,False,496.3699951171875
2026-08-27T04:49:52Z,MSFT,2026-10-02,put,425.0,1.12,0.0,0.0,0.12500875,11.0,0,False,496.3699951171875
2026-08-27T04:49:52Z,MSFT,2026-10-02,put,430.0,1.3,0.0,0.0,0.12500875,24.0,0,False,496.3699951171875
2026-08-27T04:49:52Z,MSFT,2026-10-02,put,435.0,1.55,0.0,0.0,0.062509375,16.0,0,False,496.3699951171875
2026-08-27T04:49:52Z,MSFT,2026-10-02,put,440.0,2.0,0.0,0.0,0.062509375,19.0,0,False,496.3699951171875
2026-08-27T04:49:52Z,MSFT,2026-10-02,put,445.0,2.25,0.0,0.0,0.062509375,21.0,0,False,496.3699951171875
2026-08-27T04:49:52Z,MSFT,2026-10-02,put,450.0,2.74,0.0,0.0,0.062509375,46.0,0,False,496.3699951171875
2026-08-27T04:49:52Z,MSFT,2026-10-02,put,455.0,3.32,0.0,0.0,0.062509375,29.0,0,False,496.3699951171875
2026-08-27T04:49:52Z,MSFT,2026-10-02,put,460.0,3.89,0.0,0.0,0.062509375,41.0,0,False,496.3699951171875
2026-08-27T04:49:52Z,MSFT,2026-10-02,put,465.0,4.85,0.0,0.0,0.0312596875,156.0,0,False,496.3699951171875
2026-08-27T04:49:52Z,MSFT,2026-10-02,put,470.0,5.77,0.0,0.0,0.0312596875,15.0,0,False,496.3699951171875
2026-08-27T04:49:52Z,MSFT,2026-10-02,put,475.0,7.52,0.0,0.0,0.0312596875,35.0,0,False,496.3699951171875
2026-08-27T04:49:52Z,MSFT,2026-10-02,put,480.0,8.47,0.0,0.0,0.0312596875,37.0,0,False,496.3699951171875
2026-08-27T04:49:52Z,MSFT,2026-10-02,put,485.0,10.2,0.0,0.0,0.015634843750000002,26.0,0,False,496.3699951171875
2026-08-27T04:49:52Z,MSFT,2026-10-02,put,490.0,12.1,0.0,0.0,0.007822421875,326.0,0,False,496.3699951171875
2026-08-27T04:49:52Z,MSFT,2026-10-02,put,495.0,14.05,0.0,0.0,0.00196310546875,19.0,0,False,496.3699951171875
2026-08-27T04:49:52Z,MSFT,2026-10-02,put,500.0,16.24,0.0,0.0,1.0000000000000003e-05,5.0,0,True,496.3699951171875
2026-08-27T04:49:52Z,MSFT,2026-10-02,put,505.0,23.0,0.0,0.0,1.0000000000000003e-05,49.0,0,True,496.3699951171875
2026-08-27T04:49:52Z,MSFT,2026-10-02,put,510.0,23.22,0.0,0.0,1.0000000000000003e-05,1.0,0,True,496.3699951171875
2026-08-27T04:49:52Z,MSFT,2026-10-02,put,515.0,33.15,0.0,0.0,1.0000000000000003e-05,14.0,0,True,496.3699951171875
2026-08-27T04:49:52Z,MSFT,2026-10-02,put,520.0,33.6,0.0,0.0,1.0000000000000003e-05,,0,True,496.3699951171875
2026-08-27T04:49:52Z,MSFT,2026-10-02,put,530.0,51.32,0.0,0.0,1.0000000000000003e-05,2.0,0,True,496.3699951171875
2026-08-27T04:49:52Z,MSFT,2026-10-02,put,535.0,42.01,0.0,0.0,1.0000000000000003e-05,,0,True,496.3699951171875
2026-08-27T04:49:52Z,MSFT,2026-10-02,put,545.0,65.79,0.0,0.0,1.0000000000000003e-05,,0,True,496.3699951171875
2026-08-27T04:49:52Z,MSFT,2026-10-02,put,550.0,65.6,0.0,0.0,1.0000000000000003e-05,1.0,0,True,496.3699951171875
2026-08-27T04:49:52Z,MSFT,2026-10-02,put,560.0,74.3,0.0,0.0,1.0000000000000003e-05,,0,True,496.3699951171875
2026-08-27T04:49:52Z,MSFT,2026-10-16,call,210.0,278.5,0.0,0.0,1.0000000000000003e-05,3.0,0,True,496.3699951171875
2026-08-27T04:49:52Z,MSFT,2026-10-16,call,220.0,276.45,0.0,0.0,1.0000000000000003e-05,4.0,0,True,496.3699951171875
2026-08-27T04:49:52Z,MSFT,2026-10-16,call,230.0,271.4,0.0,0.0,1.0000000000000003e-05,2.0,0,True,496.3699951171875
2026-08-27T04:49:52Z,MSFT,2026-10-16,call,240.0,242.8,0.0,0.0,1.0000000000000003e-05,10.0,0,True,496.3699951171875
2026-08-27T04:49:52Z,MSFT,2026-10-16,call,250.0,247.05,0.0,0.0,1.0000000000000003e-05,4.0,0,True,496.3699951171875
2026-08-27T04:49:52Z,MSFT,2026-10-16,call,260.0,236.7,0.0,0.0,1.0000000000000003e-05,4.0,0,True,496.3699951171875
2026-08-27T04:49:52Z,MSFT,2026-10-16,call,270.0,235.15,0.0,0.0,1.0000000000000003e-05,2.0,0,True,496.3699951171875
2026-08-27T04:49:52Z,MSFT,2026-10-16,call,280.0,210.2,0.0,0.0,1.0000000000000003e-05,10.0,0,True,496.3699951171875
2026-08-27T04:49:52Z,MSFT,2026-10-16,call,285.0,222.0,0.0,0.0,1.0000000000000003e-05,10.0,0,True,496.3699951171875
2026-08-27T04:49:52Z,MSFT,2026-10-16,call,290.0,207.85,0.0,0.0,1.0000000000000003e-05,2.0,0,True,496.3699951171875
2026-08-27T04:49:52Z,MSFT,2026-10-16,call,295.0,202.25,0.0,0.0,1.0000000000000003e-05,40.0,0,True,496.3699951171875
2026-08-27T04:49:52Z,MSFT,2026-10-16,call,300.0,182.86,0.0,0.0,1.0000000000000003e-05,4.0,0,True,496.3699951171875
2026-08-27T04:49:52Z,MSFT,2026-10-16,call,305.0,200.7,0.0,0.0,1.0000000000000003e-05,2.0,0,True,496.3699951171875
2026-08-27T04:49:52Z,MSFT,2026-10-16,call,310.0,170.99,0.0,0.0,1.0000000000000003e-05,1.0,0,True,496.3699951171875
2026-08-27T04:49:52Z,MSFT,2026-10-16,call,315.0,183.75,0.0,0.0,1.0000000000000003e-05,2.0,0,True,496.3699951171875
2026-08-27T04:49:52Z,MSFT,2026-10-16,call,320.0,184.78,0.0,0.0,1.0000000000000003e-05,2.0,0,True,496.3699951171875
2026-08-27T04:49:52Z,MSFT,2026-10-16,call,325.0,180.64,0.0,0.0,1.0000000000000003e-05,1.0,0,True,496.3699951171875
2026-08-27T04:49:52Z,MSFT,2026-10-16,call,330.0,161.74,0.0,0.0,1.0000000000000003e-05,1.0,0,True,496.3699951171875
2026-08-27T04:49:52Z,MSFT,2026-10-16,call,335.0,156.4,0.0,0.0,1.0000000000000003e-05,9.0,0,True,496.3699951171875
2026-08-27T04:49:52Z,MSFT,2026-10-16,call,340.0,144.59,0.0,0.0,1.0000000000000003e-05,1.0,0,True,496.3699951171875
2026-08-27T04:49:52Z,MSFT,2026-10-16,call,345.0,138.52,0.0,0.0,1.0000000000000003e-05,1.0,0,True,496.3699951171875
2026-08-27T04:49:52Z,MSFT,2026-10-16,call,350.0,142.0,0.0,0.0,1.0000000000000003e-05,2.0,0,True,496.3699951171875
2026-08-27T04:49:52Z,MSFT,2026-10-16,call,355.0,127.11,0.0,0.0,1.0000000000000003e-05,1.0,0,True,496.3699951171875
2026-08-27T04:49:52Z,MSFT,2026-10-16,call,360.0,125.58,0.0,0.0,1.0000000000000003e-05,2.0,0,True,496.3699951171875
2026-08-27T04:49:52Z,MSFT,2026-10-16,call,365.0,119.03,0.0,0.0,1.0000000000000003e-05,2.0,0,True,496.3699951171875
2026-08-27T04:49:52Z,MSFT,2026-10-16,call,370.0,116.64,0.0,0.0,1.0000000000000003e-05,1.0,0,True,496.3699951171875
2026-08-27T04:49:52Z,MSFT,2026-10-16,call,375.0,123.3,0.0,0.0,1.0000000000000003e-05,1.0,0,True,496.3699951171875
2026-08-27T04:49:52Z,MSFT,2026-10-16,call,380.0,107.79,0.0,0.0,1.0000000000000003e-05,31.0,0,True,496.3699951171875
2026-08-27T04:49:52Z,MSFT,2026-10-16,call,385.0,112.26,0.0,0.0,1.0000000000000003e-05,3.0,0,True,496.3699951171875
2026-08-27T04:49:52Z,MSFT,2026-10-16,call,390.0,109.0,0.0,0.0,1.0000000000000003e-05,1.0,0,True,496.3699951171875
2026-08-27T04:49:52Z,MSFT,2026-10-16,call,395.0,92.52,0.0,0.0,1.0000000000000003e-05,2.0,0,True,496.3699951171875
2026-08-27T04:49:52Z,MSFT,2026-10-16,call,400.0,99.72,0.0,0.0,1.0000000000000003e-05,27.0,0,True,496.3699951171875
2026-08-27T04:49:52Z,MSFT,2026-10-16,call,405.0,92.49,0.0,0.0,1.0000000000000003e-05,22.0,0,True,496.3699951171875
2026-08-27T04:49:52Z,MSFT,2026-10-16,call,410.0,87.77,0.0,0.0,1.0000000000000003e-05,1.0,0,True,496.3699951171875
2026-08-27T04:49:52Z,MSFT,2026-10-16,call,415.0,85.05,0.0,0.0,1.0000000000000003e-05,1.0,0,True,496.3699951171875
2026-08-27T04:49:52Z,MSFT,2026-10-16,call,420.0,80.44,0.0,0.0,1.0000000000000003e-05,5.0,0,True,496.3699951171875
2026-08-27T04:49:52Z,MSFT,2026-10-16,call,425.0,75.55,0.0,0.0,1.0000000000000003e-05,97.0,0,True,496.3699951171875
2026-08-27T04:49:52Z,MSFT,2026-10-16,call,430.0,69.06,0.0,0.0,1.0000000000000003e-05,1.0,0,True,496.3699951171875
2026-08-27T04:49:52Z,MSFT,2026-10-16,call,435.0,64.38,0.0,0.0,1.0000000000000003e-05,16.0,0,True,496.3699951171875
2026-08-27T04:49:52Z,MSFT,2026-10-16,call,440.0,60.16,0.0,0.0,1.0000000000000003e-05,19.0,0,True,496.3699951171875
2026-08-27T04:49:52Z,MSFT,2026-10-16,call,445.0,58.46,0.0,0.0,1.0000000000000003e-05,55.0,0,True,496.3699951171875
2026-08-27T04:49:52Z,MSFT,2026-10-16,call,450.0,54.11,0.0,0.0,1.0000000000000003e-05,51.0,0,True,496.3699951171875
2026-08-27T04:49:52Z,MSFT,2026-10-16,call,455.0,49.05,0.0,0.0,1.0000000000000003e-05,13.0,0,True,496.3699951171875
2026-08-27T04:49:52Z,MSFT,2026-10-16,call,460.0,45.77,0.0,0.0,1.0000000000000003e-05,35.0,0,True,496.3699951171875
2026-08-27T04:49:52Z,MSFT,2026-10-16,call,465.0,39.28,0.0,0.0,1.0000000000000003e-05,9.0,0,True,496.3699951171875
2026-08-27T04:49:52Z,MSFT,2026-10-16,call,470.0,37.42,0.0,0.0,1.0000000000000003e-05,15.0,0,True,496.3699951171875
2026-08-27T04:49:52Z,MSFT,2026-10-16,call,475.0,34.17,0.0,0.0,1.0000000000000003e-05,88.0,0,True,496.3699951171875
2026-08-27T04:49:52Z,MSFT,2026-10-16,call,480.0,31.0,0.0,0.0,1.0000000000000003e-05,250.0,0,True,496.3699951171875
2026-08-27T04:49:52Z,MSFT,2026-10-16,call,485.0,26.4,0.0,0.0,1.0000000000000003e-05,97.0,0,True,496.3699951171875
2026-08-27T04:49:52Z,MSFT,2026-10-16,call,490.0,24.05,0.0,0.0,1.0000000000000003e-05,130.0,0,True,496.3699951171875
2026-08-27T04:49:52Z,MSFT,2026-10-16,call,495.0,21.35,0.0,0.0,1.0000000000000003e-05,343.0,0,True,496.3699951171875
2026-08-27T04:49:52Z,MSFT,2026-10-16,call,500.0,18.5,0.0,0.0,0.0039162109375,604.0,0,False,496.3699951171875
2026-08-27T04:49:52Z,MSFT,2026-10-16,call,505.0,16.75,0.0,0.0,0.007822421875,378.0,0,False,496.3699951171875
2026-08-27T04:49:52Z,MSFT,2026-10-16,call,510.0,14.1,0.0,0.0,0.015634843750000002,483.0,0,False,496.3699951171875
2026-08-27T04:49:52Z,MSFT,2026-10-16,call,515.0,12.28,0.0,0.0,0.015634843750000002,147.0,0,False,496.3699951171875
2026-08-27T04:49:52Z,MSFT,2026-10-16,call,520.0,10.73,0.0,0.0,0.0312596875,645.0,0,False,496.3699951171875
2026-08-27T04:49:52Z,MSFT,2026-10-16,call,525.0,8.95,0.0,0.0,0.0312596875,125.0,0,False,496.3699951171875
2026-08-27T04:49:52Z,MSFT,2026-10-16,call,530.0,7.9,0.0,0.0,0.0312596875,170.0,0,False,496.3699951171875
2026-08-27T04:49:52Z,MSFT,2026-10-16,call,535.0,6.6,0.0,0.0,0.0312596875,137.0,0,False,496.3699951171875
2026-08-27T04:49:52Z,MSFT,2026-10-16,call,540.0,5.55,0.0,0.0,0.062509375,1006.0,0,False,496.3699951171875
2026-08-27T04:49:52Z,MSFT,2026-10-16,call,545.0,4.65,0.0,0.0,0.062509375,116.0,0,False,496.3699951171875
2026-08-27T04:49:52Z,MSFT,2026-10-16,call,550.0,3.92,0.0,0.0,0.062509375,935.0,0,False,496.3699951171875
2026-08-27T04:49:52Z,MSFT,2026-10-16,call,555.0,3.22,0.0,0.0,0.062509375,88.0,0,False,496.3699951171875
2026-08-27T04:49:52Z,MSFT,2026-10-16,call,560.0,2.81,0.0,0.0,0.062509375,168.0,0,False,496.3699951171875
2026-08-27T04:49:52Z,MSFT,2026-10-16,call,565.0,2.34,0.0,0.0,0.062509375,82.0,0,False,496.3699951171875
2026-08-27T04:49:52Z,MSFT,2026-10-16,call,570.0,1.96,0.0,0.0,0.062509375,309.0,0,False,496.3699951171875
2026-08-27T04:49:52Z,MSFT,2026-10-16,call,575.0,1.53,0.0,0.0,0.062509375,31.0,0,False,496.3699951171875
2026-08-27T04:49:52Z,MSFT,2026-10-16,call,580.0,1.33,0.0,0.0,0.062509375,37.0,0,False,496.3699951171875
2026-08-27T04:49:52Z,MSFT,2026-10-16,call,585.0,1.1,0.0,0.0,0.062509375,57.0,0,False,496.3699951171875
2026-08-27T04:49:52Z,MSFT,2026-10-16,call,590.0,0.91,0.0,0.0,0.12500875,68.0,0,False,496.3699951171875
2026-08-27T04:49:52Z,MSFT,2026-10-16,call,595.0,0.75,0.0,0.0,0.12500875,3.0,0,False,496.3699951171875
2026-08-27T04:49:52Z,MSFT,2026-10-16,call,600.0,0.65,0.0,0.0,0.12500875,35.0,0,False,496.3699951171875
2026-08-27T04:49:52Z,MSFT,2026-10-16,call,605.0,0.54,0.0,0.0,0.12500875,4.0,0,False,496.3699951171875
2026-08-27T04:49:52Z,MSFT,2026-10-16,call,610.0,0.35,0.0,0.0,0.12500875,2.0,0,False,496.3699951171875
2026-08-27T04:49:52Z,MSFT,2026-10-16,call,615.0,0.33,0.0,0.0,0.12500875,1.0,0,False,496.3699951171875
2026-08-27T04:49:52Z,MSFT,2026-10-16,call,620.0,0.32,0.0,0.0,0.12500875,10.0,0,False,496.3699951171875
2026-08-27T04:49:52Z,MSFT,2026-10-16,call,625.0,0.16,0.0,0.0,0.12500875,5.0,0,False,496.3699951171875
2026-08-27T04:49:52Z,MSFT,2026-10-16,call,630.0,0.27,0.0,0.0,0.12500875,10.0,0,False,496.3699951171875
2026-08-27T04:49:52Z,MSFT,2026-10-16,call,635.0,0.23,0.0,0.0,0.12500875,3.0,0,False,496.3699951171875
2026-08-27T04:49:52Z,MSFT,2026-10-16,call,640.0,0.22,0.0,0.0,0.12500875,2.0,0,False,496.3699951171875
2026-08-27T04:49:52Z,MSFT,2026-10-16,call,645.0,0.22,0.0,0.0,0.12500875,3.0,0,False,496.3699951171875
2026-08-27T04:49:52Z,MSFT,2026-10-16,call,650.0,0.1,0.0,0.0,0.12500875,3.0,0,False,496.3699951171875
2026-08-27T04:49:52Z,MSFT,2026-10-16,call,655.0,0.19,0.0,0.0,0.12500875,2.0,0,False,496.3699951171875
2026-08-27T04:49:52Z,MSFT,2026-10-16,call,660.0,0.07,0.0,0.0,0.12500875,4.0,0,False,496.3699951171875
2026-08-27T04:49:52Z,MSFT,2026-10-16,call,665.0,0.1,0.0,0.0,0.12500875,3.0,0,False,496.3699951171875
2026-08-27T04:49:52Z,MSFT,2026-10-16,call,670.0,0.06,0.0,0.0,0.12500875,2.0,0,False,496.3699951171875
2026-08-27T04:49:52Z,MSFT,2026-10-16,call,675.0,0.09,0.0,0.0,0.12500875,4.0,0,False,496.3699951171875
2026-08-27T04:49:52Z,MSFT,2026-10-16,call,680.0,0.06,0.0,0.0,0.12500875,2.0,0,False,496.3699951171875
2026-08-27T04:49:52Z,MSFT,2026-10-16,put,210.0,0.12,0.0,0.0,0.500005,400.0,0,False,496.3699951171875
2026-08-27T04:49:52Z,MSFT,2026-10-16,put,220.0,0.01,0.0,0.0,0.500005,6.0,0,False,496.3699951171875
2026-08-27T04:49:52Z,MSFT,2026-10-16,put,230.0,0.02,0.0,0.0,0.500005,2.0,0,False,496.3699951171875
2026-08-27T04:49:52Z,MSFT,2026-10-16,put,240.0,0.03,0.0,0.0,0.500005,1.0,0,False,496.3699951171875
2026-08-27T04:49:52Z,MSFT,2026-10-16,put,250.0,0.08,0.0,0.0,0.2500075,22.0,0,False,496.3699951171875
2026-08-27T04:49:52Z,MSFT,2026-10-16,put,260.0,0.05,0.0,0.0,0.2500075,4.0,0,False,496.3699951171875
2026-08-27T04:49:52Z,MSFT,2026-10-16,put,270.0,0.18,0.0,0.0,0.2500075,29.0,0,False,496.3699951171875
2026-08-27T04:49:52Z,MSFT,2026-10-16,put,280.0,0.07,0.0,0.0,0.2500075,9.0,0,False,496.3699951171875
2026-08-27T04:49:52Z,MSFT,2026-10-16,put,285.0,0.07,0.0,0.0,0.2500075,30.0,0,False,496.3699951171875
2026-08-27T04:49:52Z,MSFT,2026-10-16,put,290.0,0.09,0.0,0.0,0.2500075,2.0,0,False,496.3699951171875
2026-08-27T04:49:52Z,MSFT,2026-10-16,put,295.0,0.12,0.0,0.0,0.2500075,7.0,0,False,496.3699951171875
2026-08-27T04:49:52Z,MSFT,2026-10-16,put,300.0,0.1,0.0,0.0,0.2500075,12.0,0,False,496.3699951171875
2026-08-27T04:49:52Z,MSFT,2026-10-16,put,305.0,0.09,0.0,0.0,0.2500075,40.0,0,False,496.3699951171875
2026-08-27T04:49:52Z,MSFT,2026-10-16,put,310.0,0.12,0.0,0.0,0.2500075,1.0,0,False,496.3699951171875
2026-08-27T04:49:52Z,MSFT,2026-10-16,put,315.0,0.11,0.0,0.0,0.2500075,19.0,0,False,496.3699951171875
2026-08-27T04:49:52Z,MSFT,2026-10-16,put,320.0,0.12,0.0,0.0,0.2500075,3.0,0,False,496.3699951171875
2026-08-27T04:49:52Z,MSFT,2026-10-16,put,325.0,0.16,0.0,0.0,0.2500075,6.0,0,False,496.3699951171875
2026-08-27T04:49:52Z,MSFT,2026-10-16,put,330.0,0.17,0.0,0.0,0.2500075,23.0,0,False,496.3699951171875
2026-08-27T04:49:52Z,MSFT,2026-10-16,put,335.0,0.2,0.0,0.0,0.2500075,15.0,0,False,496.3699951171875
2026-08-27T04:49:52Z,MSFT,2026-10-16,put,340.0,0.35,0.0,0.0,0.2500075,6.0,0,False,496.3699951171875
2026-08-27T04:49:52Z,MSFT,2026-10-16,put,345.0,0.24,0.0,0.0,0.2500075,6.0,0,False,496.3699951171875
2026-08-27T04:49:52Z,MSFT,2026-10-16,put,350.0,0.26,0.0,0.0,0.2500075,19.0,0,False,496.3699951171875
2026-08-27T04:49:52Z,MSFT,2026-10-16,put,355.0,0.28,0.0,0.0,0.12500875,3.0,0,False,496.3699951171875
2026-08-27T04:49:52Z,MSFT,2026-10-16,put,360.0,0.33,0.0,0.0,0.12500875,11.0,0,False,496.3699951171875
2026-08-27T04:49:52Z,MSFT,2026-10-16,put,365.0,0.42,0.0,0.0,0.12500875,10.0,0,False,496.3699951171875
2026-08-27T04:49:52Z,MSFT,2026-10-16,put,370.0,0.44,0.0,0.0,0.12500875,7.0,0,False,496.3699951171875
2026-08-27T04:49:52Z,MSFT,2026-10-16,put,375.0,0.46,0.0,0.0,0.12500875,21.0,0,False,496.3699951171875
2026-08-27T04:49:52Z,MSFT,2026-10-16,put,380.0,0.54,0.0,0.0,0.12500875,81.0,0,False,496.3699951171875
2026-08-27T04:49:52Z,MSFT,2026-10-16,put,385.0,0.64,0.0,0.0,0.12500875,21.0,0,False,496.3699951171875
2026-08-27T04:49:52Z,MSFT,2026-10-16,put,390.0,0.69,0.0,0.0,0.12500875,4.0,0,False,496.3699951171875
2026-08-27T04:49:52Z,MSFT,2026-10-16,put,395.0,0.78,0.0,0.0,0.12500875,46.0,0,False,496.3699951171875
2026-08-27T04:49:52Z,MSFT,2026-10-16,put,400.0,0.92,0.0,0.0,0.12500875,103.0,0,False,496.3699951171875
2026-08-27T04:49:52Z,MSFT,2026-10-16,put,405.0,1.07,0.0,0.0,0.12500875,11.0,0,False,496.3699951171875
2026-08-27T04:49:52Z,MSFT,2026-10-16,put,410.0,1.25,0.0,0.0,0.12500875,35.0,0,False,496.3699951171875
2026-08-27T04:49:52Z,MSFT,2026-10-16,put,415.0,1.42,0.0,0.0,0.12500875,90.0,0,False,496.3699951171875
2026-08-27T04:49:52Z,MSFT,2026-10-16,put,420.0,1.64,0.0,0.0,0.12500875,107.0,0,False,496.3699951171875
2026-08-27T04:49:52Z,MSFT,2026-10-16,put,425.0,1.98,0.0,0.0,0.062509375,64.0,0,False,496.3699951171875
2026-08-27T04:49:52Z,MSFT,2026-10-16,put,430.0,2.33,0.0,0.0,0.062509375,145.0,0,False,496.3699951171875
2026-08-27T04:49:52Z,MSFT,2026-10-16,put,435.0,2.68,0.0,0.0,0.062509375,119.0,0,False,496.3699951171875
2026-08-27T04:49:52Z,MSFT,2026-10-16,put,440.0,3.25,0.0,0.0,0.062509375,1021.0,0,False,496.3699951171875
2026-08-27T04:49:52Z,MSFT,2026-10-16,put,445.0,3.85,0.0,0.0,0.062509375,114.0,0,False,496.3699951171875
2026-08-27T04:49:52Z,MSFT,2026-10-16,put,450.0,4.29,0.0,0.0,0.062509375,304.0,0,False,496.3699951171875
2026-08-27T04:49:52Z,MSFT,2026-10-16,put,455.0,5.02,0.0,0.0,0.062509375,368.0,0,False,496.3699951171875
2026-08-27T04:49:52Z,MSFT,2026-10-16,put,460.0,5.9,0.0,0.0,0.0312596875,300.0,0,False,496.3699951171875
2026-08-27T04:49:52Z,MSFT,2026-10-16,put,465.0,7.1,0.0,0.0,0.0312596875,464.0,0,False,496.3699951171875
2026-08-27T04:49:52Z,MSFT,2026-10-16,put,470.0,8.12,0.0,0.0,0.0312596875,197.0,0,False,496.3699951171875
2026-08-27T04:49:52Z,MSFT,2026-10-16,put,475.0,9.54,0.0,0.0,0.0312596875,77.0,0,False,496.3699951171875
2026-08-27T04:49:52Z,MSFT,2026-10-16,put,480.0,11.03,0.0,0.0,0.015634843750000002,253.0,0,False,496.3699951171875
2026-08-27T04:49:52Z,MSFT,2026-10-16,put,485.0,12.6,0.0,0.0,0.015634843750000002,102.0,0,False,496.3699951171875
2026-08-27T04:49:52Z,MSFT,2026-10-16,put,490.0,15.05,0.0,0.0,0.007822421875,204.0,0,False,496.3699951171875
2026-08-27T04:49:52Z,MSFT,2026-10-16,put,495.0,16.85,0.0,0.0,0.00196310546875,436.0,0,False,496.3699951171875
2026-08-27T04:49:52Z,MSFT,2026-10-16,put,500.0,19.45,0.0,0.0,1.0000000000000003e-05,286.0,0,True,496.3699951171875
2026-08-27T04:49:52Z,MSFT,2026-10-16,put,505.0,22.69,0.0,0.0,1.0000000000000003e-05,21.0,0,True,496.3699951171875
2026-08-27T04:49:52Z,MSFT,2026-10-16,put,510.0,25.25,0.0,0.0,1.0000000000000003e-05,5.0,0,True,496.3699951171875
2026-08-27T04:49:52Z,MSFT,2026-10-16,put,515.0,29.95,0.0,0.0,1.0000000000000003e-05,2.0,0,True,496.3699951171875
2026-08-27T04:49:52Z,MSFT,2026-10-16,put,520.0,32.69,0.0,0.0,1.0000000000000003e-05,3.0,0,True,496.3699951171875
2026-08-27T04:49:52Z,MSFT,2026-10-16,put,525.0,36.02,0.0,0.0,1.0000000000000003e-05,44.0,0,True,496.3699951171875
2026-08-27T04:49:52Z,MSFT,2026-10-16,put,530.0,49.15,0.0,0.0,1.0000000000000003e-05,8.0,0,True,496.3699951171875
2026-08-27T04:49:52Z,MSFT,2026-10-16,put,535.0,49.2,0.0,0.0,1.0000000000000003e-05,1.0,0,True,496.3699951171875
2026-08-27T04:49:52Z,MSFT,2026-10-16,put,540.0,60.52,0.0,0.0,1.0000000000000003e-05,1.0,0,True,496.3699951171875
2026-08-27T04:49:52Z,MSFT,2026-10-16,put,545.0,57.22,0.0,0.0,1.0000000000000003e-05,1.0,0,True,496.3699951171875
2026-08-27T04:49:52Z,MSFT,2026-10-16,put,550.0,63.0,0.0,0.0,1.0000000000000003e-05,62.0,0,True,496.3699951171875
2026-08-27T04:49:52Z,MSFT,2026-10-16,put,555.0,75.95,0.0,0.0,1.0000000000000003e-05,1.0,0,True,496.3699951171875
2026-08-27T04:49:52Z,MSFT,2026-10-16,put,560.0,72.15,0.0,0.0,1.0000000000000003e-05,1.0,0,True,496.3699951171875
2026-08-27T04:49:52Z,MSFT,2026-10-16,put,565.0,79.63,0.0,0.0,1.0000000000000003e-05,54.0,0,True,496.3699951171875
2026-08-27T04:49:52Z,MSFT,2026-10-16,put,570.0,86.22,0.0,0.0,1.0000000000000003e-05,1.0,0,True,496.3699951171875
2026-08-27T04:49:52Z,MSFT,2026-10-16,put,575.0,89.28,0.0,0.0,1.0000000000000003e-05,2.0,0,True,496.3699951171875
2026-08-27T04:49:52Z,MSFT,2026-10-16,put,580.0,94.13,0.0,0.0,1.0000000000000003e-05,2.0,0,True,496.3699951171875
2026-08-27T04:49:52Z,MSFT,2026-10-16,put,585.0,99.07,0.0,0.0,1.0000000000000003e-05,2.0,0,True,496.3699951171875
2026-08-27T04:49:52Z,MSFT,2026-10-16,put,600.0,115.64,0.0,0.0,1.0000000000000003e-05,1.0,0,True,496.3699951171875
2026-08-27T04:49:52Z,MSFT,2026-10-16,put,620.0,125.35,0.0,0.0,1.0000000000000003e-05,2.0,0,True,496.3699951171875
2026-08-27T04:49:52Z,MSFT,2026-10-16,put,625.0,135.93,0.0,0.0,1.0000000000000003e-05,,0,True,496.3699951171875
2026-08-27T04:49:52Z,MSFT,2026-10-16,put,635.0,137.35,0.0,0.0,1.0000000000000003e-05,,0,True,496.3699951171875
2026-08-27T04:49:52Z,MSFT,2026-10-16,put,640.0,158.25,0.0,0.0,1.0000000000000003e-05,2.0,0,True,496.3699951171875
2026-08-27T04:49:52Z,MSFT,2026-10-16,put,650.0,166.25,0.0,0.0,1.0000000000000003e-05,16.0,0,True,496.3699951171875
2026-08-27T04:49:52Z,MSFT,2026-10-16,put,655.0,172.4,0.0,0.0,1.0000000000000003e-05,,0,True,496.3699951171875
2026-08-27T04:49:52Z,MSFT,2026-11-20,call,200.0,283.5,0.0,0.0,1.0000000000000003e-05,6.0,0,True,496.3699951171875
2026-08-27T04:49:52Z,MSFT,2026-11-20,call,210.0,292.95,0.0,0.0,1.0000000000000003e-05,2.0,0,True,496.3699951171875
2026-08-27T04:49:52Z,MSFT,2026-11-20,call,215.0,286.2,0.0,0.0,1.0000000000000003e-05,2.0,0,True,496.3699951171875
2026-08-27T04:49:52Z,MSFT,2026-11-20,call,220.0,285.95,0.0,0.0,1.0000000000000003e-05,2.0,0,True,496.3699951171875
2026-08-27T04:49:52Z,MSFT,2026-11-20,call,225.0,266.25,0.0,0.0,1.0000000000000003e-05,10.0,0,True,496.3699951171875
2026-08-27T04:49:52Z,MSFT,2026-11-20,call,230.0,255.0,0.0,0.0,1.0000000000000003e-05,3.0,0,True,496.3699951171875
2026-08-27T04:49:52Z,MSFT,2026-11-20,call,235.0,268.55,0.0,0.0,1.0000000000000003e-05,3.0,0,True,496.3699951171875
2026-08-27T04:49:52Z,MSFT,2026-11-20,call,240.0,253.0,0.0,0.0,1.0000000000000003e-05,2.0,0,True,496.3699951171875
2026-08-27T04:49:52Z,MSFT,2026-11-20,call,245.0,245.35,0.0,0.0,1.0000000000000003e-05,32.0,0,True,496.3699951171875
2026-08-27T04:49:52Z,MSFT,2026-11-20,call,250.0,234.5,0.0,0.0,1.0000000000000003e-05,2.0,0,True,496.3699951171875
2026-08-27T04:49:52Z,MSFT,2026-11-20,call,255.0,250.71,0.0,0.0,1.0000000000000003e-05,4.0,0,True,496.3699951171875
2026-08-27T04:49:52Z,MSFT,2026-11-20,call,260.0,227.77,0.0,0.0,1.0000000000000003e-05,2.0,0,True,496.3699951171875
2026-08-27T04:49:52Z,MSFT,2026-11-20,call,265.0,240.07,0.0,0.0,1.0000000000000003e-05,2.0,0,True,496.3699951171875
2026-08-27T04:49:52Z,MSFT,2026-11-20,call,270.0,235.23,0.0,0.0,1.0000000000000003e-05,10.0,0,True,496.3699951171875
2026-08-27T04:49:52Z,MSFT,2026-11-20,call,275.0,216.75,0.0,0.0,1.0000000000000003e-05,2.0,0,True,496.3699951171875
2026-08-27T04:49:52Z,MSFT,2026-11-20,call,280.0,213.63,0.0,0.0,1.0000000000000003e-05,1.0,0,True,496.3699951171875
2026-08-27T04:49:52Z,MSFT,2026-11-20,call,285.0,222.15,0.0,0.0,1.0000000000000003e-05,2.0,0,True,496.3699951171875
2026-08-27T04:49:52Z,MSFT,2026-11-20,call,290.0,202.65,0.0,0.0,1.0000000000000003e-05,22.0,0,True,496.3699951171875
2026-08-27T04:49:52Z,MSFT,2026-11-20,call,295.0,199.15,0.0,0.0,1.0000000000000003e-05,2.0,0,True,496.3699951171875
2026-08-27T04:49:52Z,MSFT,2026-11-20,call,300.0,190.6,0.0,0.0,1.0000000000000003e-05,1.0,0,True,496.3699951171875
2026-08-27T04:49:52Z,MSFT,2026-11-20,call,305.0,201.7,0.0,0.0,1.0000000000000003e-05,1.0,0,True,496.3699951171875
2026-08-27T04:49:52Z,MSFT,2026-11-20,call,310.0,174.45,0.0,0.0,1.0000000000000003e-05,3.0,0,True,496.3699951171875
2026-08-27T04:49:52Z,MSFT,2026-11-20,call,315.0,178.5,0.0,0.0,1.0000000000000003e-05,22.0,0,True,496.3699951171875
2026-08-27T04:49:52Z,MSFT,2026-11-20,call,320.0,165.0,0.0,0.0,1.0000000000000003e-05,1.0,0,True,496.3699951171875
2026-08-27T04:49:52Z,MSFT,2026-11-20,call,325.0,162.23,0.0,0.0,1.0000000000000003e-05,7.0,0,True,496.3699951171875
2026-08-27T04:49:52Z,MSFT,2026-11-20,call,330.0,164.65,0.0,0.0,1.0000000000000003e-05,1.0,0,True,496.3699951171875
2026-08-27T04:49:52Z,MSFT,2026-11-20,call,335.0,152.0,0.0,0.0,1.0000000000000003e-05,2.0,0,True,496.3699951171875
2026-08-27T04:49:52Z,MSFT,2026-11-20,call,340.0,148.94,0.0,0.0,1.0000000000000003e-05,76.0,0,True,496.3699951171875
2026-08-27T04:49:52Z,MSFT,2026-11-20,call,345.0,143.95,0.0,0.0,1.0000000000000003e-05,4.0,0,True,496.3699951171875
2026-08-27T04:49:52Z,MSFT,2026-11-20,call,350.0,139.59,0.0,0.0,1.0000000000000003e-05,3.0,0,True,496.3699951171875
2026-08-27T04:49:52Z,MSFT,2026-11-20,call,355.0,134.5,0.0,0.0,1.0000000000000003e-05,2.0,0,True,496.3699951171875
2026-08-27T04:49:52Z,MSFT,2026-11-20,call,360.0,139.12,0.0,0.0,1.0000000000000003e-05,1.0,0,True,496.3699951171875
2026-08-27T04:49:52Z,MSFT,2026-11-20,call,365.0,123.79,0.0,0.0,1.0000000000000003e-05,8.0,0,True,496.3699951171875
2026-08-27T04:49:52Z,MSFT,2026-11-20,call,370.0,129.6,0.0,0.0,1.0000000000000003e-05,1.0,0,True,496.3699951171875
2026-08-27T04:49:52Z,MSFT,2026-11-20,call,375.0,124.9,0.0,0.0,1.0000000000000003e-05,10.0,0,True,496.3699951171875
2026-08-27T04:49:52Z,MSFT,2026-11-20,call,380.0,121.29,0.0,0.0,1.0000000000000003e-05,1.0,0,True,496.3699951171875
2026-08-27T04:49:52Z,MSFT,2026-11-20,call,385.0,103.1,0.0,0.0,1.0000000000000003e-05,12.0,0,True,496.3699951171875
2026-08-27T04:49:52Z,MSFT,2026-11-20,call,390.0,110.3,0.0,0.0,1.0000000000000003e-05,15.0,0,True,496.3699951171875
2026-08-27T04:49:52Z,MSFT,2026-11-20,call,395.0,108.3,0.0,0.0,1.0000000000000003e-05,2.0,0,True,496.3699951171875
2026-08-27T04:49:52Z,MSFT,2026-11-20,call,400.0,104.1,0.0,0.0,1.0000000000000003e-05,215.0,0,True,496.3699951171875
2026-08-27T04:49:52Z,MSFT,2026-11-20,call,405.0,92.0,0.0,0.0,1.0000000000000003e-05,1.0,0,True,496.3699951171875
2026-08-27T04:49:52Z,MSFT,2026-11-20,call,410.0,89.02,0.0,0.0,1.0000000000000003e-05,3.0,0,True,496.3699951171875
2026-08-27T04:49:52Z,MSFT,2026-11-20,call,415.0,86.39,0.0,0.0,1.0000000000000003e-05,1.0,0,True,496.3699951171875
2026-08-27T04:49:52Z,MSFT,2026-11-20,call,420.0,84.01,0.0,0.0,1.0000000000000003e-05,1.0,0,True,496.3699951171875
2026-08-27T04:49:52Z,MSFT,2026-11-20,call,425.0,81.35,0.0,0.0,1.0000000000000003e-05,1.0,0,True,496.3699951171875
2026-08-27T04:49:52Z,MSFT,2026-11-20,call,430.0,75.36,0.0,0.0,1.0000000000000003e-05,2.0,0,True,496.3699951171875
2026-08-27T04:49:52Z,MSFT,2026-11-20,call,435.0,71.5,0.0,0.0,1.0000000000000003e-05,1.0,0,True,496.3699951171875
2026-08-27T04:49:52Z,MSFT,2026-11-20,call,440.0,67.4,0.0,0.0,1.0000000000000003e-05,2.0,0,True,496.3699951171875
2026-08-27T04:49:52Z,MSFT,2026-11-20,call,445.0,64.62,0.0,0.0,1.0000000000000003e-05,1.0,0,True,496.3699951171875
2026-08-27T04:49:52Z,MSFT,2026-11-20,call,450.0,61.16,0.0,0.0,1.0000000000000003e-05,18.0,0,True,496.3699951171875
2026-08-27T04:49:52Z,MSFT,2026-11-20,call,455.0,55.3,0.0,0.0,1.0000000000000003e-05,7.0,0,True,496.3699951171875
2026-08-27T04:49:52Z,MSFT,2026-11-20,call,460.0,54.3,0.0,0.0,1.0000000000000003e-05,24.0,0,True,496.3699951171875
2026-08-27T04:49:52Z,MSFT,2026-11-20,call,465.0,49.77,0.0,0.0,1.0000000000000003e-05,405.0,0,True,496.3699951171875
2026-08-27T04:49:52Z,MSFT,2026-11-20,call,470.0,46.05,0.0,0.0,1.0000000000000003e-05,10.0,0,True,496.3699951171875
2026-08-27T04:49:52Z,MSFT,2026-11-20,call,475.0,42.5,0.0,0.0,1.0000000000000003e-05,37.0,0,True,496.3699951171875
2026-08-27T04:49:52Z,MSFT,2026-11-20,call,480.0,41.06,0.0,0.0,1.0000000000000003e-05,24.0,0,True,496.3699951171875
2026-08-27T04:49:52Z,MSFT,2026-11-20,call,485.0,37.77,0.0,0.0,1.0000000000000003e-05,10.0,0,True,496.3699951171875
2026-08-27T04:49:52Z,MSFT,2026-11-20,call,490.0,33.7,0.0,0.0,1.0000000000000003e-05,47.0,0,True,496.3699951171875
2026-08-27T04:49:52Z,MSFT,2026-11-20,call,495.0,32.32,0.0,0.0,1.0000000000000003e-05,148.0,0,True,496.3699951171875
2026-08-27T04:49:52Z,MSFT,2026-11-20,call,500.0,30.4,0.0,0.0,0.0039162109375,249.0,0,False,496.3699951171875
2026-08-27T04:49:52Z,MSFT,2026-11-20,call,505.0,27.35,0.0,0.0,0.007822421875,23.0,0,False,496.3699951171875
2026-08-27T04:49:52Z,MSFT,2026-11-20,call,510.0,25.35,0.0,0.0,0.015634843750000002,386.0,0,False,496.3699951171875
2026-08-27T04:49:52Z,MSFT,2026-11-20,call,515.0,22.74,0.0,0.0,0.015634843750000002,27.0,0,False,496.3699951171875
2026-08-27T04:49:52Z,MSFT,2026-11-20,call,520.0,20.75,0.0,0.0,0.015634843750000002,157.0,0,False,496.3699951171875
2026-08-27T04:49:52Z,MSFT,2026-11-20,call,525.0,18.9,0.0,0.0,0.0312596875,64.0,0,False,496.3699951171875
2026-08-27T04:49:52Z,MSFT,2026-11-20,call,530.0,17.6,0.0,0.0,0.0312596875,143.0,0,False,496.3699951171875
2026-08-27T04:49:52Z,MSFT,2026-11-20,call,535.0,16.05,0.0,0.0,0.0312596875,54.0,0,False,496.3699951171875
2026-08-27T04:49:52Z,MSFT,2026-11-20,call,540.0,14.14,0.0,0.0,0.0312596875,617.0,0,False,496.3699951171875
2026-08-27T04:49:52Z,MSFT,2026-11-20,call,545.0,12.9,0.0,0.0,0.0312596875,15073.0,0,False,496.3699951171875
2026-08-27T04:49:52Z,MSFT,2026-11-20,call,550.0,11.53,0.0,0.0,0.0312596875,342.0,0,False,496.3699951171875
2026-08-27T04:49:52Z,MSFT,2026-11-20,call,555.0,10.8,0.0,0.0,0.062509375,51.0,0,False,496.3699951171875
2026-08-27T04:49:52Z,MSFT,2026-11-20,call,560.0,9.5,0.0,0.0,0.062509375,15.0,0,False,496.3699951171875
2026-08-27T04:49:52Z,MSFT,2026-11-20,call,565.0,8.4,0.0,0.0,0.062509375,11.0,0,False,496.3699951171875
2026-08-27T04:49:52Z,MSFT,2026-11-20,call,570.0,7.5,0.0,0.0,0.062509375,131.0,0,False,496.3699951171875
2026-08-27T04:49:52Z,MSFT,2026-11-20,call,575.0,6.8,0.0,0.0,0.062509375,30.0,0,False,496.3699951171875
2026-08-27T04:49:52Z,MSFT,2026-11-20,call,580.0,6.01,0.0,0.0,0.062509375,81.0,0,False,496.3699951171875
2026-08-27T04:49:52Z,MSFT,2026-11-20,call,585.0,5.45,0.0,0.0,0.062509375,554.0,0,False,496.3699951171875
2026-08-27T04:49:52Z,MSFT,2026-11-20,call,590.0,4.8,0.0,0.0,0.062509375,55.0,0,False,496.3699951171875
2026-08-27T04:49:52Z,MSFT,2026-11-20,call,595.0,4.26,0.0,0.0,0.062509375,37.0,0,False,496.3699951171875
2026-08-27T04:49:52Z,MSFT,2026-11-20,call,600.0,3.5,0.0,0.0,0.062509375,56.0,0,False,496.3699951171875
2026-08-27T04:49:52Z,MSFT,2026-11-20,call,605.0,3.25,0.0,0.0,0.062509375,28.0,0,False,496.3699951171875
2026-08-27T04:49:52Z,MSFT,2026-11-20,call,610.0,2.97,0.0,0.0,0.062509375,50.0,0,False,496.3699951171875
2026-08-27T04:49:52Z,MSFT,2026-11-20,call,615.0,2.61,0.0,0.0,0.062509375,1.0,0,False,496.3699951171875
2026-08-27T04:49:52Z,MSFT,2026-11-20,call,620.0,2.26,0.0,0.0,0.062509375,1.0,0,False,496.3699951171875
2026-08-27T04:49:52Z,MSFT,2026-11-20,call,625.0,2.12,0.0,0.0,0.12500875,14972.0,0,False,496.3699951171875
2026-08-27T04:49:52Z,MSFT,2026-11-20,call,630.0,1.71,0.0,0.0,0.12500875,4.0,0,False,496.3699951171875
2026-08-27T04:49:52Z,MSFT,2026-11-20,call,635.0,1.54,0.0,0.0,0.12500875,2.0,0,False,496.3699951171875
2026-08-27T04:49:52Z,MSFT,2026-11-20,call,640.0,1.42,0.0,0.0,0.12500875,4.0,0,False,496.3699951171875
2026-08-27T04:49:52Z,MSFT,2026-11-20,call,645.0,1.3,0.0,0.0,0.12500875,2.0,0,False,496.3699951171875
2026-08-27T04:49:52Z,MSFT,2026-11-20,call,650.0,1.14,0.0,0.0,0.12500875,27.0,0,False,496.3699951171875
2026-08-27T04:49:52Z,MSFT,2026-11-20,call,655.0,0.97,0.0,0.0,0.12500875,7.0,0,False,496.3699951171875
2026-08-27T04:49:52Z,MSFT,2026-11-20,call,660.0,0.86,0.0,0.0,0.12500875,5.0,0,False,496.3699951171875
2026-08-27T04:49:52Z,MSFT,2026-11-20,call,665.0,0.81,0.0,0.0,0.12500875,5.0,0,False,496.3699951171875
2026-08-27T04:49:52Z,MSFT,2026-11-20,call,670.0,0.68,0.0,0.0,0.12500875,6.0,0,False,496.3699951171875
2026-08-27T04:49:52Z,MSFT,2026-11-20,call,675.0,0.63,0.0,0.0,0.12500875,5.0,0,False,496.3699951171875
2026-08-27T04:49:52Z,MSFT,2026-11-20,call,680.0,0.51,0.0,0.0,0.12500875,22.0,0,False,496.3699951171875
2026-08-27T04:49:52Z,MSFT,2026-11-20,call,700.0,0.33,0.0,0.0,0.12500875,27.0,0,False,496.3699951171875
2026-08-27T04:49:52Z,MSFT,2026-11-20,put,200.0,0.05,0.0,0.0,0.2500075,170.0,0,False,496.3699951171875
2026-08-27T04:49:52Z,MSFT,2026-11-20,put,210.0,0.07,0.0,0.0,0.2500075,2.0,0,False,496.3699951171875
2026-08-27T04:49:52Z,MSFT,2026-11-20,put,215.0,0.06,0.0,0.0,0.2500075,2.0,0,False,496.3699951171875
2026-08-27T04:49:52Z,MSFT,2026-11-20,put,220.0,0.08,0.0,0.0,0.2500075,3.0,0,False,496.3699951171875
2026-08-27T04:49:52Z,MSFT,2026-11-20,put,225.0,0.1,0.0,0.0,0.2500075,6.0,0,False,496.3699951171875
2026-08-27T04:49:52Z,MSFT,2026-11-20,put,230.0,0.1,0.0,0.0,0.2500075,4.0,0,False,496.3699951171875
2026-08-27T04:49:52Z,MSFT,2026-11-20,put,235.0,0.1,0.0,0.0,0.2500075,3.0,0,False,496.3699951171875
2026-08-27T04:49:52Z,MSFT,2026-11-20,put,240.0,0.08,0.0,0.0,0.2500075,1.0,0,False,496.3699951171875
2026-08-27T04:49:52Z,MSFT,2026-11-20,put,245.0,0.24,0.0,0.0,0.2500075,1.0,0,False,496.3699951171875
2026-08-27T04:49:52Z,MSFT,2026-11-20,put,250.0,0.1,0.0,0.0,0.2500075,8.0,0,False,496.3699951171875
2026-08-27T04:49:52Z,MSFT,2026-11-20,put,255.0,0.11,0.0,0.0,0.2500075,5.0,0,False,496.3699951171875
2026-08-27T04:49:52Z,MSFT,2026-11-20,put,260.0,0.15,0.0,0.0,0.2500075,4.0,0,False,496.3699951171875
2026-08-27T04:49:52Z,MSFT,2026-11-20,put,265.0,0.18,0.0,0.0,0.2500075,5.0,0,False,496.3699951171875
2026-08-27T04:49:52Z,MSFT,2026-11-20,put,270.0,0.14,0.0,0.0,0.2500075,4.0,0,False,496.3699951171875
2026-08-27T04:49:52Z,MSFT,2026-11-20,put,275.0,0.2,0.0,0.0,0.2500075,5.0,0,False,496.3699951171875
2026-08-27T04:49:52Z,MSFT,2026-11-20,put,280.0,0.27,0.0,0.0,0.2500075,9.0,0,False,496.3699951171875
2026-08-27T04:49:52Z,MSFT,2026-11-20,put,285.0,0.24,0.0,0.0,0.2500075,6.0,0,False,496.3699951171875
2026-08-27T04:49:52Z,MSFT,2026-11-20,put,290.0,0.44,0.0,0.0,0.2500075,2.0,0,False,496.3699951171875
2026-08-27T04:49:52Z,MSFT,2026-11-20,put,295.0,0.35,0.0,0.0,0.2500075,1.0,0,False,496.3699951171875
2026-08-27T04:49:52Z,MSFT,2026-11-20,put,300.0,0.35,0.0,0.0,0.2500075,4.0,0,False,496.3699951171875
2026-08-27T04:49:52Z,MSFT,2026-11-20,put,305.0,0.49,0.0,0.0,0.2500075,1.0,0,False,496.3699951171875
2026-08-27T04:49:52Z,MSFT,2026-11-20,put,310.0,0.35,0.0,0.0,0.2500075,4.0,0,False,496.3699951171875
2026-08-27T04:49:52Z,MSFT,2026-11-20,put,315.0,0.48,0.0,0.0,0.12500875,14.0,0,False,496.3699951171875
2026-08-27T04:49:52Z,MSFT,2026-11-20,put,320.0,0.55,0.0,0.0,0.12500875,14.0,0,False,496.3699951171875
2026-08-27T04:49:52Z,MSFT,2026-11-20,put,325.0,0.62,0.0,0.0,0.12500875,5.0,0,False,496.3699951171875
2026-08-27T04:49:52Z,MSFT,2026-11-20,put,330.0,0.65,0.0,0.0,0.12500875,2.0,0,False,496.3699951171875
2026-08-27T04:49:52Z,MSFT,2026-11-20,put,335.0,0.89,0.0,0.0,0.12500875,6.0,0,False,496.3699951171875
2026-08-27T04:49:52Z,MSFT,2026-11-20,put,340.0,0.88,0.0,0.0,0.12500875,10.0,0,False,496.3699951171875
2026-08-27T04:49:52Z,MSFT,2026-11-20,put,345.0,0.92,0.0,0.0,0.12500875,8.0,0,False,496.3699951171875
2026-08-27T04:49:52Z,MSFT,2026-11-20,put,350.0,1.07,0.0,0.0,0.12500875,22.0,0,False,496.3699951171875
2026-08-27T04:49:52Z,MSFT,2026-11-20,put,355.0,1.26,0.0,0.0,0.12500875,1.0,0,False,496.3699951171875
2026-08-27T04:49:52Z,MSFT,2026-11-20,put,360.0,1.36,0.0,0.0,0.12500875,2.0,0,False,496.3699951171875
2026-08-27T04:49:52Z,MSFT,2026-11-20,put,365.0,1.5,0.0,0.0,0.12500875,47.0,0,False,496.3699951171875
2026-08-27T04:49:52Z,MSFT,2026-11-20,put,370.0,1.68,0.0,0.0,0.12500875,60.0,0,False,496.3699951171875
2026-08-27T04:49:52Z,MSFT,2026-11-20,put,375.0,1.93,0.0,0.0,0.12500875,96.0,0,False,496.3699951171875
2026-08-27T04:49:52Z,MSFT,2026-11-20,put,380.0,2.16,0.0,0.0,0.12500875,28.0,0,False,496.3699951171875
2026-08-27T04:49:52Z,MSFT,2026-11-20,put,385.0,2.43,0.0,0.0,0.12500875,48.0,0,False,496.3699951171875
2026-08-27T04:49:52Z,MSFT,2026-11-20,put,390.0,2.82,0.0,0.0,0.12500875,28.0,0,False,496.3699951171875
2026-08-27T04:49:52Z,MSFT,2026-11-20,put,395.0,3.16,0.0,0.0,0.12500875,111.0,0,False,496.3699951171875
2026-08-27T04:49:52Z,MSFT,2026-11-20,put,400.0,3.5,0.0,0.0,0.062509375,119.0,0,False,496.3699951171875
2026-08-27T04:49:52Z,MSFT,2026-11-20,put,405.0,3.95,0.0,0.0,0.062509375,58.0,0,False,496.3699951171875
2026-08-27T04:49:52Z,MSFT,2026-11-20,put,410.0,4.45,0.0,0.0,0.062509375,16.0,0,False,496.3699951171875
2026-08-27T04:49:52Z,MSFT,2026-11-20,put,415.0,5.0,0.0,0.0,0.062509375,109.0,0,False,496.3699951171875
2026-08-27T04:49:52Z,MSFT,2026-11-20,put,420.0,5.7,0.0,0.0,0.062509375,94.0,0,False,496.3699951171875
2026-08-27T04:49:52Z,MSFT,2026-11-20,put,425.0,6.3,0.0,0.0,0.062509375,65.0,0,False,496.3699951171875
2026-08-27T04:49:52Z,MSFT,2026-11-20,put,430.0,6.96,0.0,0.0,0.062509375,233.0,0,False,496.3699951171875
2026-08-27T04:49:52Z,MSFT,2026-11-20,put,435.0,7.6,0.0,0.0,0.062509375,96.0,0,False,496.3699951171875
2026-08-27T04:49:52Z,MSFT,2026-11-20,put,440.0,8.75,0.0,0.0,0.062509375,573.0,0,False,496.3699951171875
2026-08-27T04:49:52Z,MSFT,2026-11-20,put,445.0,9.75,0.0,0.0,0.062509375,56.0,0,False,496.3699951171875
2026-08-27T04:49:52Z,MSFT,2026-11-20,put,450.0,10.85,0.0,0.0,0.0312596875,256.0,0,False,496.3699951171875
2026-08-27T04:49:52Z,MSFT,2026-11-20,put,455.0,11.95,0.0,0.0,0.0312596875,49.0,0,False,496.3699951171875
2026-08-27T04:49:52Z,MSFT,2026-11-20,put,460.0,13.45,0.0,0.0,0.0312596875,64.0,0,False,496.3699951171875
2026-08-27T04:49:52Z,MSFT,2026-11-20,put,465.0,14.95,0.0,0.0,0.0312596875,45.0,0,False,496.3699951171875
2026-08-27T04:49:52Z,MSFT,2026-11-20,put,470.0,16.44,0.0,0.0,0.0312596875,36.0,0,False,496.3699951171875
2026-08-27T04:49:52Z,MSFT,2026-11-20,put,475.0,18.0,0.0,0.0,0.015634843750000002,52.0,0,False,496.3699951171875
2026-08-27T04:49:52Z,MSFT,2026-11-20,put,480.0,19.95,0.0,0.0,0.015634843750000002,155.0,0,False,496.3699951171875
2026-08-27T04:49:52Z,MSFT,2026-11-20,put,485.0,22.1,0.0,0.0,0.007822421875,11.0,0,False,496.3699951171875
2026-08-27T04:49:52Z,MSFT,2026-11-20,put,490.0,24.3,0.0,0.0,0.007822421875,1347.0,0,False,496.3699951171875
2026-08-27T04:49:52Z,MSFT,2026-11-20,put,495.0,26.7,0.0,0.0,0.00196310546875,139.0,0,False,496.3699951171875
2026-08-27T04:49:52Z,MSFT,2026-11-20,put,500.0,28.95,0.0,0.0,1.0000000000000003e-05,130.0,0,True,496.3699951171875
2026-08-27T04:49:52Z,MSFT,2026-11-20,put,505.0,31.52,0.0,0.0,1.0000000000000003e-05,9.0,0,True,496.3699951171875
2026-08-27T04:49:52Z,MSFT,2026-11-20,put,510.0,34.8,0.0,0.0,1.0000000000000003e-05,1.0,0,True,496.3699951171875
2026-08-27T04:49:52Z,MSFT,2026-11-20,put,515.0,38.0,0.0,0.0,1.0000000000000003e-05,1.0,0,True,496.3699951171875
2026-08-27T04:49:52Z,MSFT,2026-11-20,put,520.0,44.05,0.0,0.0,1.0000000000000003e-05,1.0,0,True,496.3699951171875
2026-08-27T04:49:52Z,MSFT,2026-11-20,put,525.0,44.0,0.0,0.0,1.0000000000000003e-05,1.0,0,True,496.3699951171875
2026-08-27T04:49:52Z,MSFT,2026-11-20,put,530.0,47.58,0.0,0.0,1.0000000000000003e-05,1.0,0,True,496.3699951171875
2026-08-27T04:49:52Z,MSFT,2026-11-20,put,535.0,55.52,0.0,0.0,1.0000000000000003e-05,1.0,0,True,496.3699951171875
2026-08-27T04:49:52Z,MSFT,2026-11-20,put,540.0,54.77,0.0,0.0,1.0000000000000003e-05,1.0,0,True,496.3699951171875
2026-08-27T04:49:52Z,MSFT,2026-11-20,put,545.0,61.56,0.0,0.0,1.0000000000000003e-05,2.0,0,True,496.3699951171875
2026-08-27T04:49:52Z,MSFT,2026-11-20,put,550.0,65.45,0.0,0.0,1.0000000000000003e-05,3.0,0,True,496.3699951171875
2026-08-27T04:49:52Z,MSFT,2026-11-20,put,555.0,72.1,0.0,0.0,1.0000000000000003e-05,2.0,0,True,496.3699951171875
2026-08-27T04:49:52Z,MSFT,2026-11-20,put,560.0,70.35,0.0,0.0,1.0000000000000003e-05,1.0,0,True,496.3699951171875
2026-08-27T04:49:52Z,MSFT,2026-11-20,put,565.0,80.48,0.0,0.0,1.0000000000000003e-05,4.0,0,True,496.3699951171875
2026-08-27T04:49:52Z,MSFT,2026-11-20,put,570.0,84.85,0.0,0.0,1.0000000000000003e-05,13.0,0,True,496.3699951171875
2026-08-27T04:49:52Z,MSFT,2026-11-20,put,575.0,89.34,0.0,0.0,1.0000000000000003e-05,2.0,0,True,496.3699951171875
2026-08-27T04:49:52Z,MSFT,2026-11-20,put,580.0,93.85,0.0,0.0,1.0000000000000003e-05,6.0,0,True,496.3699951171875
2026-08-27T04:49:52Z,MSFT,2026-11-20,put,585.0,105.18,0.0,0.0,1.0000000000000003e-05,1.0,0,True,496.3699951171875
2026-08-27T04:49:52Z,MSFT,2026-11-20,put,595.0,105.44,0.0,0.0,1.0000000000000003e-05,2.0,0,True,496.3699951171875
2026-08-27T04:49:52Z,MSFT,2026-11-20,put,600.0,118.57,0.0,0.0,1.0000000000000003e-05,1.0,0,True,496.3699951171875
2026-08-27T04:49:52Z,MSFT,2026-11-20,put,605.0,106.35,0.0,0.0,1.0000000000000003e-05,1.0,0,True,496.3699951171875
2026-08-27T04:49:52Z,MSFT,2026-11-20,put,610.0,108.2,0.0,0.0,1.0000000000000003e-05,1.0,0,True,496.3699951171875
2026-08-27T04:49:52Z,MSFT,2026-11-20,put,615.0,114.3,0.0,0.0,1.0000000000000003e-05,1.0,0,True,496.3699951171875
2026-08-27T04:49:52Z,MSFT,2026-11-20,put,620.0,115.7,0.0,0.0,1.0000000000000003e-05,12.0,0,True,496.3699951171875
2026-08-27T04:49:52Z,MSFT,2026-11-20,put,625.0,137.6,0.0,0.0,1.0000000000000003e-05,2.0,0,True,496.3699951171875
2026-08-27T04:49:52Z,MSFT,2026-11-20,put,630.0,187.47,0.0,0.0,1.0000000000000003e-05,2.0,0,True,496.3699951171875
2026-08-27T04:49:52Z,MSFT,2026-11-20,put,635.0,127.3,0.0,0.0,1.0000000000000003e-05,1.0,0,True,496.3699951171875
2026-08-27T04:49:52Z,MSFT,2026-11-20,put,640.0,196.45,0.0,0.0,1.0000000000000003e-05,,0,True,496.3699951171875
2026-08-27T04:49:52Z,MSFT,2026-11-20,put,645.0,186.3,0.0,0.0,1.0000000000000003e-05,30.0,0,True,496.3699951171875
2026-08-27T04:49:52Z,MSFT,2026-11-20,put,650.0,224.4,0.0,0.0,1.0000000000000003e-05,30.0,0,True,496.3699951171875
2026-08-27T04:49:52Z,MSFT,2026-11-20,put,655.0,195.98,0.0,0.0,1.0000000000000003e-05,10.0,0,True,496.3699951171875
2026-08-27T04:49:52Z,MSFT,2026-11-20,put,660.0,199.05,0.0,0.0,1.0000000000000003e-05,94.0,0,True,496.3699951171875
2026-08-27T04:49:52Z,MSFT,2026-11-20,put,665.0,202.35,0.0,0.0,1.0000000000000003e-05,,0,True,496.3699951171875
2026-08-27T04:49:52Z,MSFT,2026-11-20,put,670.0,210.3,0.0,0.0,1.0000000000000003e-05,,0,True,496.3699951171875
2026-08-27T04:49:52Z,MSFT,2026-11-20,put,675.0,241.8,0.0,0.0,1.0000000000000003e-05,18.0,0,True,496.3699951171875
2026-08-27T04:49:52Z,MSFT,2026-11-20,put,680.0,283.05,282.85,286.4,1.6156635427856445,1.0,0,True,496.3699951171875
2026-08-27T04:49:56Z,GOOG,2026-08-28,call,200.0,143.38,0.0,0.0,1.0000000000000003e-05,2.0,0,True,339.1000061035156
2026-08-27T04:49:56Z,GOOG,2026-08-28,call,205.0,121.93,0.0,0.0,1.0000000000000003e-05,,0,True,339.1000061035156
2026-08-27T04:49:56Z,GOOG,2026-08-28,call,210.0,162.28,133.15,136.95,5.408206364746093,,5,True,339.1000061035156
2026-08-27T04:49:56Z,GOOG,2026-08-28,call,215.0,128.6,0.0,0.0,1.0000000000000003e-05,4.0,0,True,339.1000061035156
2026-08-27T04:49:56Z,GOOG,2026-08-28,call,220.0,123.71,0.0,0.0,1.0000000000000003e-05,2.0,0,True,339.1000061035156
2026-08-27T04:49:56Z,GOOG,2026-08-28,call,225.0,116.67,0.0,0.0,1.0000000000000003e-05,,0,True,339.1000061035156
2026-08-27T04:49:56Z,GOOG,2026-08-28,call,230.0,113.55,0.0,0.0,1.0000000000000003e-05,20.0,0,True,339.1000061035156
2026-08-27T04:49:56Z,GOOG,2026-08-28,call,235.0,104.08,0.0,0.0,1.0000000000000003e-05,4.0,0,True,339.1000061035156
2026-08-27T04:49:56Z,GOOG,2026-08-28,call,240.0,99.09,0.0,0.0,1.0000000000000003e-05,4.0,0,True,339.1000061035156
2026-08-27T04:49:56Z,GOOG,2026-08-28,call,245.0,95.9,0.0,0.0,1.0000000000000003e-05,60.0,0,True,339.1000061035156
2026-08-27T04:49:56Z,GOOG,2026-08-28,call,250.0,89.45,0.0,0.0,1.0000000000000003e-05,4.0,0,True,339.1000061035156
2026-08-27T04:49:56Z,GOOG,2026-08-28,call,255.0,84.46,0.0,0.0,1.0000000000000003e-05,4.0,0,True,339.1000061035156
2026-08-27T04:49:56Z,GOOG,2026-08-28,call,260.0,78.75,0.0,0.0,1.0000000000000003e-05,14.0,0,True,339.1000061035156
2026-08-27T04:49:56Z,GOOG,2026-08-28,call,265.0,106.54,0.0,0.0,1.0000000000000003e-05,1.0,0,True,339.1000061035156
2026-08-27T04:49:56Z,GOOG,2026-08-28,call,270.0,68.52,0.0,0.0,1.0000000000000003e-05,1.0,0,True,339.1000061035156
2026-08-27T04:49:56Z,GOOG,2026-08-28,call,275.0,64.03,0.0,0.0,1.0000000000000003e-05,16.0,0,True,339.1000061035156
2026-08-27T04:49:56Z,GOOG,2026-08-28,call,280.0,62.91,0.0,0.0,1.0000000000000003e-05,1.0,0,True,339.1000061035156
2026-08-27T04:49:56Z,GOOG,2026-08-28,call,285.0,58.01,0.0,0.0,1.0000000000000003e-05,1.0,0,True,339.1000061035156
2026-08-27T04:49:56Z,GOOG,2026-08-28,call,290.0,53.68,0.0,0.0,1.0000000000000003e-05,184.0,0,True,339.1000061035156
2026-08-27T04:49:56Z,GOOG,2026-08-28,call,295.0,47.08,0.0,0.0,1.0000000000000003e-05,2.0,0,True,339.1000061035156
2026-08-27T04:49:56Z,GOOG,2026-08-28,call,300.0,39.35,0.0,0.0,1.0000000000000003e-05,2.0,0,True,339.1000061035156
2026-08-27T04:49:56Z,GOOG,2026-08-28,call,305.0,34.38,0.0,0.0,1.0000000000000003e-05,1.0,0,True,339.1000061035156
2026-08-27T04:49:56Z,GOOG,2026-08-28,call,310.0,29.33,0.0,0.0,1.0000000000000003e-05,5.0,0,True,339.1000061035156
2026-08-27T04:49:56Z,GOOG,2026-08-28,call,315.0,23.77,0.0,0.0,1.0000000000000003e-05,17.0,0,True,339.1000061035156
2026-08-27T04:49:56Z,GOOG,2026-08-28,call,317.5,29.0,0.0,0.0,1.0000000000000003e-05,4.0,0,True,339.1000061035156
2026-08-27T04:49:56Z,GOOG,2026-08-28,call,320.0,20.5,0.0,0.0,1.0000000000000003e-05,36.0,0,True,339.1000061035156
2026-08-27T04:49:56Z,GOOG,2026-08-28,call,322.5,16.13,0.0,0.0,1.0000000000000003e-05,68.0,0,True,339.1000061035156
2026-08-27T04:49:56Z,GOOG,2026-08-28,call,325.0,14.15,0.0,0.0,1.0000000000000003e-05,122.0,0,True,339.1000061035156
2026-08-27T04:49:56Z,GOOG,2026-08-28,call,327.5,11.46,0.0,0.0,1.0000000000000003e-05,53.0,0,True,339.1000061035156
2026-08-27T04:49:56Z,GOOG,2026-08-28,call,330.0,9.42,0.0,0.0,1.0000000000000003e-05,77.0,0,True,339.1000061035156
2026-08-27T04:49:56Z,GOOG,2026-08-28,call,332.5,7.73,0.0,0.0,1.0000000000000003e-05,44.0,0,True,339.1000061035156
2026-08-27T04:49:56Z,GOOG,2026-08-28,call,335.0,5.6,0.0,0.0,1.0000000000000003e-05,258.0,0,True,339.1000061035156
2026-08-27T04:49:56Z,GOOG,2026-08-28,call,337.5,3.85,0.0,0.0,1.0000000000000003e-05,1415.0,0,True,339.1000061035156
2026-08-27T04:49:56Z,GOOG,2026-08-28,call,340.0,2.6,0.0,0.0,0.007822421875,6370.0,0,False,339.1000061035156
2026-08-27T04:49:56Z,GOOG,2026-08-28,call,342.5,1.66,0.0,0.0,0.0312596875,1474.0,0,False,339.1000061035156
2026-08-27T04:49:56Z,GOOG,2026-08-28,call,345.0,1.06,0.0,0.0,0.062509375,2980.0,0,False,339.1000061035156
2026-08-27T04:49:56Z,GOOG,2026-08-28,call,347.5,0.63,0.0,0.0,0.062509375,1607.0,0,False,339.1000061035156
2026-08-27T04:49:56Z,GOOG,2026-08-28,call,350.0,0.36,0.0,0.0,0.12500875,4633.0,0,False,339.1000061035156
2026-08-27T04:49:56Z,GOOG,2026-08-28,call,352.5,0.24,0.0,0.0,0.12500875,1093.0,0,False,339.1000061035156
2026-08-27T04:49:56Z,GOOG,2026-08-28,call,355.0,0.16,0.0,0.0,0.12500875,1387.0,0,False,339.1000061035156
2026-08-27T04:49:56Z,GOOG,2026-08-28,call,357.5,0.1,0.0,0.0,0.12500875,1080.0,0,False,339.1000061035156
2026-08-27T04:49:56Z,GOOG,2026-08-28,call,360.0,0.09,0.0,0.0,0.12500875,985.0,0,False,339.1000061035156
2026-08-27T04:49:56Z,GOOG,2026-08-28,call,362.5,0.08,0.0,0.0,0.2500075,155.0,0,False,339.1000061035156
2026-08-27T04:49:56Z,GOOG,2026-08-28,call,365.0,0.06,0.0,0.0,0.2500075,244.0,0,False,339.1000061035156
2026-08-27T04:49:56Z,GOOG,2026-08-28,call,367.5,0.06,0.0,0.0,0.2500075,165.0,0,False,339.1000061035156
2026-08-27T04:49:56Z,GOOG,2026-08-28,call,370.0,0.03,0.0,0.0,0.2500075,283.0,0,False,339.1000061035156
2026-08-27T04:49:56Z,GOOG,2026-08-28,call,372.5,0.03,0.0,0.0,0.2500075,58.0,0,False,339.1000061035156
2026-08-27T04:49:56Z,GOOG,2026-08-28,call,375.0,0.02,0.0,0.0,0.2500075,292.0,0,False,339.1000061035156
2026-08-27T04:49:56Z,GOOG,2026-08-28,call,377.5,0.01,0.0,0.0,0.2500075,3.0,0,False,339.1000061035156
2026-08-27T04:49:56Z,GOOG,2026-08-28,call,380.0,0.02,0.0,0.0,0.2500075,284.0,0,False,339.1000061035156
2026-08-27T04:49:56Z,GOOG,2026-08-28,call,385.0,0.01,0.0,0.0,0.2500075,29.0,0,False,339.1000061035156
2026-08-27T04:49:56Z,GOOG,2026-08-28,call,390.0,0.02,0.0,0.0,0.500005,44.0,0,False,339.1000061035156
2026-08-27T04:49:56Z,GOOG,2026-08-28,call,395.0,0.01,0.0,0.0,0.500005,1.0,0,False,339.1000061035156
2026-08-27T04:49:56Z,GOOG,2026-08-28,call,400.0,0.03,0.0,0.0,0.500005,63.0,0,False,339.1000061035156
2026-08-27T04:49:56Z,GOOG,2026-08-28,call,405.0,0.02,0.0,0.0,0.500005,1.0,0,False,339.1000061035156
2026-08-27T04:49:56Z,GOOG,2026-08-28,call,410.0,0.07,0.0,0.0,0.500005,4.0,0,False,339.1000061035156
2026-08-27T04:49:56Z,GOOG,2026-08-28,call,415.0,0.05,0.0,0.0,0.500005,1.0,0,False,339.1000061035156
2026-08-27T04:49:56Z,GOOG,2026-08-28,call,420.0,0.01,0.0,0.0,0.500005,2.0,0,False,339.1000061035156
2026-08-27T04:49:56Z,GOOG,2026-08-28,call,425.0,0.01,0.0,0.0,0.500005,3.0,0,False,339.1000061035156
2026-08-27T04:49:56Z,GOOG,2026-08-28,call,430.0,0.01,0.0,0.0,0.500005,1.0,0,False,339.1000061035156
2026-08-27T04:49:56Z,GOOG,2026-08-28,call,435.0,0.24,0.0,0.0,0.500005,1.0,0,False,339.1000061035156
2026-08-27T04:49:56Z,GOOG,2026-08-28,call,440.0,0.19,0.0,0.0,0.500005,4.0,0,False,339.1000061035156
2026-08-27T04:49:56Z,GOOG,2026-08-28,call,445.0,0.36,0.0,0.0,0.500005,3.0,0,False,339.1000061035156
2026-08-27T04:49:56Z,GOOG,2026-08-28,call,450.0,0.51,0.0,0.0,0.500005,3.0,0,False,339.1000061035156
2026-08-27T04:49:56Z,GOOG,2026-08-28,call,455.0,0.47,0.0,0.0,0.500005,6.0,0,False,339.1000061035156
2026-08-27T04:49:56Z,GOOG,2026-08-28,call,460.0,0.29,0.0,0.0,0.500005,8.0,0,False,339.1000061035156
2026-08-27T04:49:56Z,GOOG,2026-08-28,call,465.0,0.26,0.0,0.0,0.500005,8.0,0,False,339.1000061035156
2026-08-27T04:49:56Z,GOOG,2026-08-28,call,470.0,0.26,0.0,0.0,0.500005,3.0,0,False,339.1000061035156
2026-08-27T04:49:56Z,GOOG,2026-08-28,call,480.0,0.06,0.0,0.0,0.500005,1.0,0,False,339.1000061035156
2026-08-27T04:49:56Z,GOOG,2026-08-28,call,490.0,0.01,0.0,0.0,0.500005,1.0,0,False,339.1000061035156
2026-08-27T04:49:56Z,GOOG,2026-08-28,put,200.0,0.01,0.0,0.0,0.500005,1.0,0,False,339.1000061035156
2026-08-27T04:49:56Z,GOOG,2026-08-28,put,205.0,0.06,0.0,0.0,0.500005,19.0,0,False,339.1000061035156
2026-08-27T04:49:56Z,GOOG,2026-08-28,put,210.0,0.13,0.0,0.0,0.500005,1.0,0,False,339.1000061035156
2026-08-27T04:49:56Z,GOOG,2026-08-28,put,215.0,0.01,0.0,0.0,0.500005,2.0,0,False,339.1000061035156
2026-08-27T04:49:56Z,GOOG,2026-08-28,put,220.0,0.01,0.0,0.0,0.500005,4.0,0,False,339.1000061035156
2026-08-27T04:49:56Z,GOOG,2026-08-28,put,225.0,0.01,0.0,0.0,0.500005,1.0,0,False,339.1000061035156
2026-08-27T04:49:56Z,GOOG,2026-08-28,put,230.0,0.03,0.0,0.0,0.500005,7.0,0,False,339.1000061035156
2026-08-27T04:49:56Z,GOOG,2026-08-28,put,235.0,0.01,0.0,0.0,0.500005,2.0,0,False,339.1000061035156
2026-08-27T04:49:56Z,GOOG,2026-08-28,put,240.0,0.14,0.0,0.0,0.500005,1.0,0,False,339.1000061035156
2026-08-27T04:49:56Z,GOOG,2026-08-28,put,245.0,0.01,0.0,0.0,0.500005,5.0,0,False,339.1000061035156
2026-08-27T04:49:56Z,GOOG,2026-08-28,put,250.0,0.01,0.0,0.0,0.500005,1.0,0,False,339.1000061035156
2026-08-27T04:49:56Z,GOOG,2026-08-28,put,255.0,0.05,0.0,0.0,0.500005,6.0,0,False,339.1000061035156
2026-08-27T04:49:56Z,GOOG,2026-08-28,put,260.0,0.01,0.0,0.0,0.500005,13.0,0,False,339.1000061035156
2026-08-27T04:49:56Z,GOOG,2026-08-28,put,265.0,0.01,0.0,0.0,0.500005,2.0,0,False,339.1000061035156
2026-08-27T04:49:56Z,GOOG,2026-08-28,put,270.0,0.01,0.0,0.0,0.500005,3.0,0,False,339.1000061035156
2026-08-27T04:49:56Z,GOOG,2026-08-28,put,275.0,0.01,0.0,0.0,0.500005,11.0,0,False,339.1000061035156
2026-08-27T04:49:56Z,GOOG,2026-08-28,put,280.0,0.01,0.0,0.0,0.500005,88.0,0,False,339.1000061035156
2026-08-27T04:49:56Z,GOOG,2026-08-28,put,285.0,0.03,0.0,0.0,0.500005,2.0,0,False,339.1000061035156
2026-08-27T04:49:56Z,GOOG,2026-08-28,put,290.0,0.01,0.0,0.0,0.500005,2.0,0,False,339.1000061035156
2026-08-27T04:49:56Z,GOOG,2026-08-28,put,295.0,0.01,0.0,0.0,0.500005,18.0,0,False,339.1000061035156
2026-08-27T04:49:56Z,GOOG,2026-08-28,put,300.0,0.02,0.0,0.0,0.2500075,309.0,0,False,339.1000061035156
2026-08-27T04:49:56Z,GOOG,2026-08-28,put,305.0,0.03,0.0,0.0,0.2500075,10.0,0,False,339.1000061035156
2026-08-27T04:49:56Z,GOOG,2026-08-28,put,310.0,0.05,0.0,0.0,0.2500075,63.0,0,False,339.1000061035156
2026-08-27T04:49:56Z,GOOG,2026-08-28,put,315.0,0.05,0.0,0.0,0.2500075,1570.0,0,False,339.1000061035156
2026-08-27T04:49:56Z,GOOG,2026-08-28,put,317.5,0.09,0.0,0.0,0.2500075,67.0,0,False,339.1000061035156
2026-08-27T04:49:56Z,GOOG,2026-08-28,put,320.0,0.1,0.0,0.0,0.12500875,1816.0,0,False,339.1000061035156
2026-08-27T04:49:56Z,GOOG,2026-08-28,put,322.5,0.13,0.0,0.0,0.12500875,200.0,0,False,339.1000061035156
2026-08-27T04:49:56Z,GOOG,2026-08-28,put,325.0,0.2,0.0,0.0,0.12500875,1041.0,0,False,339.1000061035156
2026-08-27T04:49:56Z,GOOG,2026-08-28,put,327.5,0.31,0.0,0.0,0.12500875,522.0,0,False,339.1000061035156
2026-08-27T04:49:56Z,GOOG,2026-08-28,put,330.0,0.51,0.0,0.0,0.062509375,2690.0,0,False,339.1000061035156
2026-08-27T04:49:56Z,GOOG,2026-08-28,put,332.5,0.82,0.0,0.0,0.062509375,1801.0,0,False,339.1000061035156
2026-08-27T04:49:56Z,GOOG,2026-08-28,put,335.0,1.38,0.0,0.0,0.0312596875,2842.0,0,False,339.1000061035156
2026-08-27T04:49:56Z,GOOG,2026-08-28,put,337.5,2.25,0.0,0.0,0.015634843750000002,2881.0,0,False,339.1000061035156
2026-08-27T04:49:56Z,GOOG,2026-08-28,put,340.0,3.45,0.0,0.0,1.0000000000000003e-05,1594.0,0,True,339.1000061035156
2026-08-27T04:49:56Z,GOOG,2026-08-28,put,342.5,4.99,0.0,0.0,1.0000000000000003e-05,440.0,0,True,339.1000061035156
2026-08-27T04:49:56Z,GOOG,2026-08-28,put,345.0,6.82,0.0,0.0,1.0000000000000003e-05,80.0,0,True,339.1000061035156
2026-08-27T04:49:56Z,GOOG,2026-08-28,put,347.5,9.5,0.0,0.0,1.0000000000000003e-05,7.0,0,True,339.1000061035156
2026-08-27T04:49:56Z,GOOG,2026-08-28,put,350.0,11.05,0.0,0.0,1.0000000000000003e-05,92.0,0,True,339.1000061035156
2026-08-27T04:49:56Z,GOOG,2026-08-28,put,352.5,14.37,0.0,0.0,1.0000000000000003e-05,17.0,0,True,339.1000061035156
2026-08-27T04:49:56Z,GOOG,2026-08-28,put,355.0,16.82,0.0,0.0,1.0000000000000003e-05,41.0,0,True,339.1000061035156
2026-08-27T04:49:56Z,GOOG,2026-08-28,put,357.5,19.45,0.0,0.0,1.0000000000000003e-05,5.0,0,True,339.1000061035156
2026-08-27T04:49:56Z,GOOG,2026-08-28,put,360.0,20.82,0.0,0.0,1.0000000000000003e-05,32.0,0,True,339.1000061035156
2026-08-27T04:49:56Z,GOOG,2026-08-28,put,362.5,24.83,0.0,0.0,1.0000000000000003e-05,1.0,0,True,339.1000061035156
2026-08-27T04:49:56Z,GOOG,2026-08-28,put,365.0,25.19,0.0,0.0,1.0000000000000003e-05,2.0,0,True,339.1000061035156
2026-08-27T04:49:56Z,GOOG,2026-08-28,put,367.5,24.45,0.0,0.0,1.0000000000000003e-05,1.0,0,True,339.1000061035156
2026-08-27T04:49:56Z,GOOG,2026-08-28,put,370.0,26.17,0.0,0.0,1.0000000000000003e-05,1.0,0,True,339.1000061035156
2026-08-27T04:49:56Z,GOOG,2026-08-28,put,372.5,33.79,0.0,0.0,1.0000000000000003e-05,4.0,0,True,339.1000061035156
2026-08-27T04:49:56Z,GOOG,2026-08-28,put,375.0,31.83,0.0,0.0,1.0000000000000003e-05,8.0,0,True,339.1000061035156
2026-08-27T04:49:56Z,GOOG,2026-08-28,put,377.5,34.85,0.0,0.0,1.0000000000000003e-05,29.0,0,True,339.1000061035156
2026-08-27T04:49:56Z,GOOG,2026-08-28,put,380.0,39.85,0.0,0.0,1.0000000000000003e-05,1.0,0,True,339.1000061035156
2026-08-27T04:49:56Z,GOOG,2026-08-28,put,385.0,28.8,0.0,0.0,1.0000000000000003e-05,8.0,0,True,339.1000061035156
2026-08-27T04:49:56Z,GOOG,2026-08-28,put,390.0,20.8,0.0,0.0,1.0000000000000003e-05,3.0,0,True,339.1000061035156
2026-08-27T04:49:56Z,GOOG,2026-08-28,put,395.0,48.8,0.0,0.0,1.0000000000000003e-05,5.0,0,True,339.1000061035156
2026-08-27T04:49:56Z,GOOG,2026-08-28,put,400.0,57.8,0.0,0.0,1.0000000000000003e-05,2.0,0,True,339.1000061035156
2026-08-27T04:49:56Z,GOOG,2026-08-28,put,405.0,59.96,0.0,0.0,1.0000000000000003e-05,1.0,0,True,339.1000061035156
2026-08-27T04:49:56Z,GOOG,2026-08-28,put,410.0,56.95,64.0,67.0,1.0000000000000003e-05,,0,True,339.1000061035156
2026-08-27T04:49:56Z,GOOG,2026-08-28,put,430.0,75.55,83.35,87.0,1.0000000000000003e-05,,0,True,339.1000061035156
2026-08-27T04:49:56Z,GOOG,2026-08-28,put,435.0,60.16,0.0,0.0,1.0000000000000003e-05,,0,True,339.1000061035156
2026-08-27T04:49:56Z,GOOG,2026-08-28,put,440.0,102.25,0.0,0.0,1.0000000000000003e-05,,0,True,339.1000061035156
2026-08-27T04:49:56Z,GOOG,2026-08-28,put,455.0,95.0,0.0,0.0,1.0000000000000003e-05,,0,True,339.1000061035156
2026-08-27T04:49:56Z,GOOG,2026-08-28,put,460.0,117.5,0.0,0.0,1.0000000000000003e-05,,0,True,339.1000061035156
2026-08-27T04:49:56Z,GOOG,2026-08-28,put,465.0,120.3,0.0,0.0,1.0000000000000003e-05,1.0,0,True,339.1000061035156
2026-08-27T04:49:56Z,GOOG,2026-09-04,call,200.0,169.47,0.0,0.0,1.0000000000000003e-05,,0,True,339.1000061035156
2026-08-27T04:49:56Z,GOOG,2026-09-04,call,220.0,123.16,0.0,0.0,1.0000000000000003e-05,1.0,0,True,339.1000061035156
2026-08-27T04:49:56Z,GOOG,2026-09-04,call,235.0,108.28,0.0,0.0,1.0000000000000003e-05,43.0,0,True,339.1000061035156
2026-08-27T04:49:56Z,GOOG,2026-09-04,call,240.0,103.31,0.0,0.0,1.0000000000000003e-05,4.0,0,True,339.1000061035156
2026-08-27T04:49:56Z,GOOG,2026-09-04,call,245.0,98.37,0.0,0.0,1.0000000000000003e-05,4.0,0,True,339.1000061035156
2026-08-27T04:49:56Z,GOOG,2026-09-04,call,250.0,92.98,0.0,0.0,1.0000000000000003e-05,1.0,0,True,339.1000061035156
2026-08-27T04:49:56Z,GOOG,2026-09-04,call,255.0,89.07,0.0,0.0,1.0000000000000003e-05,,0,True,339.1000061035156
2026-08-27T04:49:56Z,GOOG,2026-09-04,call,260.0,78.87,0.0,0.0,1.0000000000000003e-05,14.0,0,True,339.1000061035156
2026-08-27T04:49:56Z,GOOG,2026-09-04,call,265.0,80.2,0.0,0.0,1.0000000000000003e-05,1.0,0,True,339.1000061035156
2026-08-27T04:49:56Z,GOOG,2026-09-04,call,270.0,68.69,0.0,0.0,1.0000000000000003e-05,1.0,0,True,339.1000061035156
2026-08-27T04:49:56Z,GOOG,2026-09-04,call,275.0,64.64,0.0,0.0,1.0000000000000003e-05,12.0,0,True,339.1000061035156
2026-08-27T04:49:56Z,GOOG,2026-09-04,call,280.0,63.45,0.0,0.0,1.0000000000000003e-05,2.0,0,True,339.1000061035156
2026-08-27T04:49:56Z,GOOG,2026-09-04,call,285.0,60.23,0.0,0.0,1.0000000000000003e-05,44.0,0,True,339.1000061035156
2026-08-27T04:49:56Z,GOOG,2026-09-04,call,290.0,56.3,0.0,0.0,1.0000000000000003e-05,10.0,0,True,339.1000061035156
2026-08-27T04:49:56Z,GOOG,2026-09-04,call,295.0,47.84,0.0,0.0,1.0000000000000003e-05,125.0,0,True,339.1000061035156
2026-08-27T04:49:56Z,GOOG,2026-09-04,call,300.0,44.06,0.0,0.0,1.0000000000000003e-05,1.0,0,True,339.1000061035156
2026-08-27T04:49:56Z,GOOG,2026-09-04,call,305.0,38.29,0.0,0.0,1.0000000000000003e-05,106.0,0,True,339.1000061035156
2026-08-27T04:49:56Z,GOOG,2026-09-04,call,310.0,29.18,0.0,0.0,1.0000000000000003e-05,4.0,0,True,339.1000061035156
2026-08-27T04:49:56Z,GOOG,2026-09-04,call,315.0,24.0,0.0,0.0,1.0000000000000003e-05,4.0,0,True,339.1000061035156
2026-08-27T04:49:56Z,GOOG,2026-09-04,call,317.5,22.5,0.0,0.0,1.0000000000000003e-05,5.0,0,True,339.1000061035156
2026-08-27T04:49:56Z,GOOG,2026-09-04,call,320.0,19.67,0.0,0.0,1.0000000000000003e-05,15.0,0,True,339.1000061035156
2026-08-27T04:49:56Z,GOOG,2026-09-04,call,322.5,22.13,0.0,0.0,1.0000000000000003e-05,47.0,0,True,339.1000061035156
2026-08-27T04:49:56Z,GOOG,2026-09-04,call,325.0,15.53,0.0,0.0,1.0000000000000003e-05,26.0,0,True,339.1000061035156
2026-08-27T04:49:56Z,GOOG,2026-09-04,call,327.5,12.73,0.0,0.0,1.0000000000000003e-05,25.0,0,True,339.1000061035156
2026-08-27T04:49:56Z,GOOG,2026-09-04,call,330.0,11.68,0.0,0.0,1.0000000000000003e-05,94.0,0,True,339.1000061035156
2026-08-27T04:49:56Z,GOOG,2026-09-04,call,332.5,9.83,0.0,0.0,1.0000000000000003e-05,7.0,0,True,339.1000061035156
2026-08-27T04:49:56Z,GOOG,2026-09-04,call,335.0,8.48,0.0,0.0,1.0000000000000003e-05,53.0,0,True,339.1000061035156
2026-08-27T04:49:56Z,GOOG,2026-09-04,call,337.5,6.84,0.0,0.0,1.0000000000000003e-05,1119.0,0,True,339.1000061035156
2026-08-27T04:49:56Z,GOOG,2026-09-04,call,340.0,5.65,0.0,0.0,0.0039162109375,1128.0,0,False,339.1000061035156
2026-08-27T04:49:56Z,GOOG,2026-09-04,call,342.5,4.45,0.0,0.0,0.015634843750000002,411.0,0,False,339.1000061035156
2026-08-27T04:49:56Z,GOOG,2026-09-04,call,345.0,3.83,0.0,0.0,0.0312596875,507.0,0,False,339.1000061035156
2026-08-27T04:49:56Z,GOOG,2026-09-04,call,347.5,2.73,0.0,0.0,0.0312596875,184.0,0,False,339.1000061035156
2026-08-27T04:49:56Z,GOOG,2026-09-04,call,350.0,2.15,0.0,0.0,0.062509375,1337.0,0,False,339.1000061035156
2026-08-27T04:49:56Z,GOOG,2026-09-04,call,352.5,1.71,0.0,0.0,0.062509375,198.0,0,False,339.1000061035156
2026-08-27T04:49:56Z,GOOG,2026-09-04,call,355.0,1.3,0.0,0.0,0.062509375,578.0,0,False,339.1000061035156
2026-08-27T04:49:56Z,GOOG,2026-09-04,call,357.5,1.01,0.0,0.0,0.062509375,165.0,0,False,339.1000061035156
2026-08-27T04:49:56Z,GOOG,2026-09-04,call,360.0,0.78,0.0,0.0,0.062509375,740.0,0,False,339.1000061035156
2026-08-27T04:49:56Z,GOOG,2026-09-04,call,362.5,0.59,0.0,0.0,0.12500875,182.0,0,False,339.1000061035156
2026-08-27T04:49:56Z,GOOG,2026-09-04,call,365.0,0.45,0.0,0.0,0.12500875,305.0,0,False,339.1000061035156
2026-08-27T04:49:56Z,GOOG,2026-09-04,call,367.5,0.39,0.0,0.0,0.12500875,50.0,0,False,339.1000061035156
2026-08-27T04:49:56Z,GOOG,2026-09-04,call,370.0,0.29,0.0,0.0,0.12500875,307.0,0,False,339.1000061035156
2026-08-27T04:49:56Z,GOOG,2026-09-04,call,375.0,0.15,0.0,0.0,0.12500875,89.0,0,False,339.1000061035156
2026-08-27T04:49:56Z,GOOG,2026-09-04,call,380.0,0.15,0.0,0.0,0.12500875,109.0,0,False,339.1000061035156
2026-08-27T04:49:56Z,GOOG,2026-09-04,call,385.0,0.09,0.0,0.0,0.12500875,4.0,0,False,339.1000061035156
2026-08-27T04:49:56Z,GOOG,2026-09-04,call,390.0,0.1,0.0,0.0,0.2500075,210.0,0,False,339.1000061035156
2026-08-27T04:49:56Z,GOOG,2026-09-04,call,395.0,0.08,0.0,0.0,0.2500075,204.0,0,False,339.1000061035156
2026-08-27T04:49:56Z,GOOG,2026-09-04,call,400.0,0.06,0.0,0.0,0.2500075,173.0,0,False,339.1000061035156
2026-08-27T04:49:56Z,GOOG,2026-09-04,call,405.0,0.09,0.0,0.0,0.2500075,2.0,0,False,339.1000061035156
2026-08-27T04:49:56Z,GOOG,2026-09-04,call,410.0,0.05,0.0,0.0,0.2500075,4.0,0,False,339.1000061035156
2026-08-27T04:49:56Z,GOOG,2026-09-04,call,415.0,0.08,0.0,0.0,0.2500075,2.0,0,False,339.1000061035156
2026-08-27T04:49:56Z,GOOG,2026-09-04,call,420.0,0.03,0.0,0.0,0.2500075,2.0,0,False,339.1000061035156
2026-08-27T04:49:56Z,GOOG,2026-09-04,call,425.0,0.03,0.0,0.0,0.2500075,13.0,0,False,339.1000061035156
2026-08-27T04:49:56Z,GOOG,2026-09-04,call,430.0,0.05,0.0,0.0,0.2500075,2.0,0,False,339.1000061035156
2026-08-27T04:49:56Z,GOOG,2026-09-04,call,435.0,0.06,0.0,0.0,0.2500075,1.0,0,False,339.1000061035156
2026-08-27T04:49:56Z,GOOG,2026-09-04,call,440.0,0.08,0.0,0.0,0.2500075,1.0,0,False,339.1000061035156
2026-08-27T04:49:56Z,GOOG,2026-09-04,call,445.0,0.08,0.0,0.0,0.2500075,1.0,0,False,339.1000061035156
2026-08-27T04:49:56Z,GOOG,2026-09-04,call,450.0,0.01,0.0,0.0,0.2500075,3.0,0,False,339.1000061035156
2026-08-27T04:49:56Z,GOOG,2026-09-04,call,455.0,0.04,0.0,0.0,0.500005,12.0,0,False,339.1000061035156
2026-08-27T04:49:56Z,GOOG,2026-09-04,call,460.0,0.04,0.0,0.0,0.500005,321.0,0,False,339.1000061035156
2026-08-27T04:49:56Z,GOOG,2026-09-04,call,465.0,0.09,0.0,0.0,0.500005,8.0,0,False,339.1000061035156
2026-08-27T04:49:56Z,GOOG,2026-09-04,call,470.0,0.01,0.0,0.0,0.500005,4.0,0,False,339.1000061035156
2026-08-27T04:49:56Z,GOOG,2026-09-04,call,480.0,0.09,0.0,0.0,0.500005,1.0,0,False,339.1000061035156
2026-08-27T04:49:56Z,GOOG,2026-09-04,put,200.0,0.01,0.0,0.0,0.500005,49.0,0,False,339.1000061035156
2026-08-27T04:49:56Z,GOOG,2026-09-04,put,205.0,0.13,0.0,0.0,0.500005,3.0,0,False,339.1000061035156
2026-08-27T04:49:56Z,GOOG,2026-09-04,put,210.0,0.05,0.0,0.0,0.500005,83.0,0,False,339.1000061035156
2026-08-27T04:49:56Z,GOOG,2026-09-04,put,215.0,0.02,0.0,0.0,0.500005,21.0,0,False,339.1000061035156
2026-08-27T04:49:56Z,GOOG,2026-09-04,put,220.0,0.06,0.0,0.0,0.500005,52.0,0,False,339.1000061035156
2026-08-27T04:49:56Z,GOOG,2026-09-04,put,225.0,0.02,0.0,0.0,0.500005,7.0,0,False,339.1000061035156
2026-08-27T04:49:56Z,GOOG,2026-09-04,put,230.0,0.02,0.0,0.0,0.500005,7.0,0,False,339.1000061035156
2026-08-27T04:49:56Z,GOOG,2026-09-04,put,235.0,0.06,0.0,0.0,0.500005,2.0,0,False,339.1000061035156
2026-08-27T04:49:56Z,GOOG,2026-09-04,put,240.0,0.13,0.0,0.0,0.500005,1.0,0,False,339.1000061035156
2026-08-27T04:49:56Z,GOOG,2026-09-04,put,245.0,0.01,0.0,0.0,0.500005,1.0,0,False,339.1000061035156
2026-08-27T04:49:56Z,GOOG,2026-09-04,put,250.0,0.03,0.0,0.0,0.500005,6.0,0,False,339.1000061035156
2026-08-27T04:49:56Z,GOOG,2026-09-04,put,255.0,0.03,0.0,0.0,0.500005,1.0,0,False,339.1000061035156
2026-08-27T04:49:56Z,GOOG,2026-09-04,put,260.0,0.07,0.0,0.0,0.2500075,6.0,0,False,339.1000061035156
2026-08-27T04:49:56Z,GOOG,2026-09-04,put,265.0,0.05,0.0,0.0,0.2500075,2.0,0,False,339.1000061035156
2026-08-27T04:49:56Z,GOOG,2026-09-04,put,270.0,0.04,0.0,0.0,0.2500075,4.0,0,False,339.1000061035156
2026-08-27T04:49:56Z,GOOG,2026-09-04,put,275.0,0.05,0.0,0.0,0.2500075,41.0,0,False,339.1000061035156
2026-08-27T04:49:56Z,GOOG,2026-09-04,put,280.0,0.06,0.0,0.0,0.2500075,10.0,0,False,339.1000061035156
2026-08-27T04:49:56Z,GOOG,2026-09-04,put,285.0,0.06,0.0,0.0,0.2500075,4.0,0,False,339.1000061035156
2026-08-27T04:49:56Z,GOOG,2026-09-04,put,290.0,0.08,0.0,0.0,0.2500075,170.0,0,False,339.1000061035156
2026-08-27T04:49:56Z,GOOG,2026-09-04,put,295.0,0.11,0.0,0.0,0.2500075,49.0,0,False,339.1000061035156
2026-08-27T04:49:56Z,GOOG,2026-09-04,put,300.0,0.15,0.0,0.0,0.12500875,63.0,0,False,339.1000061035156
2026-08-27T04:49:56Z,GOOG,2026-09-04,put,305.0,0.24,0.0,0.0,0.12500875,7.0,0,False,339.1000061035156
2026-08-27T04:49:56Z,GOOG,2026-09-04,put,310.0,0.26,0.0,0.0,0.12500875,100.0,0,False,339.1000061035156
2026-08-27T04:49:56Z,GOOG,2026-09-04,put,315.0,0.44,0.0,0.0,0.12500875,208.0,0,False,339.1000061035156
2026-08-27T04:49:56Z,GOOG,2026-09-04,put,317.5,0.57,0.0,0.0,0.12500875,284.0,0,False,339.1000061035156
2026-08-27T04:49:56Z,GOOG,2026-09-04,put,320.0,0.8,0.0,0.0,0.062509375,152.0,0,False,339.1000061035156
2026-08-27T04:49:56Z,GOOG,2026-09-04,put,322.5,0.97,0.0,0.0,0.062509375,246.0,0,False,339.1000061035156
2026-08-27T04:49:56Z,GOOG,2026-09-04,put,325.0,1.41,0.0,0.0,0.062509375,578.0,0,False,339.1000061035156
2026-08-27T04:49:56Z,GOOG,2026-09-04,put,327.5,1.99,0.0,0.0,0.062509375,350.0,0,False,339.1000061035156
2026-08-27T04:49:56Z,GOOG,2026-09-04,put,330.0,2.4,0.0,0.0,0.0312596875,471.0,0,False,339.1000061035156
2026-08-27T04:49:56Z,GOOG,2026-09-04,put,332.5,3.3,0.0,0.0,0.0312596875,164.0,0,False,339.1000061035156
2026-08-27T04:49:56Z,GOOG,2026-09-04,put,335.0,3.95,0.0,0.0,0.015634843750000002,293.0,0,False,339.1000061035156
2026-08-27T04:49:56Z,GOOG,2026-09-04,put,337.5,5.35,0.0,0.0,0.007822421875,89.0,0,False,339.1000061035156
2026-08-27T04:49:56Z,GOOG,2026-09-04,put,340.0,6.3,0.0,0.0,1.0000000000000003e-05,214.0,0,True,339.1000061035156
2026-08-27T04:49:56Z,GOOG,2026-09-04,put,342.5,7.78,0.0,0.0,1.0000000000000003e-05,44.0,0,True,339.1000061035156
2026-08-27T04:49:56Z,GOOG,2026-09-04,put,345.0,9.12,0.0,0.0,1.0000000000000003e-05,98.0,0,True,339.1000061035156
2026-08-27T04:49:56Z,GOOG,2026-09-04,put,347.5,12.45,0.0,0.0,1.0000000000000003e-05,8.0,0,True,339.1000061035156
2026-08-27T04:49:56Z,GOOG,2026-09-04,put,350.0,12.73,0.0,0.0,1.0000000000000003e-05,44.0,0,True,339.1000061035156
2026-08-27T04:49:56Z,GOOG,2026-09-04,put,352.5,14.75,0.0,0.0,1.0000000000000003e-05,19.0,0,True,339.1000061035156
2026-08-27T04:49:56Z,GOOG,2026-09-04,put,355.0,17.23,0.0,0.0,1.0000000000000003e-05,16.0,0,True,339.1000061035156
2026-08-27T04:49:56Z,GOOG,2026-09-04,put,357.5,20.39,0.0,0.0,1.0000000000000003e-05,6.0,0,True,339.1000061035156
2026-08-27T04:49:56Z,GOOG,2026-09-04,put,360.0,23.45,0.0,0.0,1.0000000000000003e-05,145.0,0,True,339.1000061035156
2026-08-27T04:49:56Z,GOOG,2026-09-04,put,362.5,25.05,0.0,0.0,1.0000000000000003e-05,1.0,0,True,339.1000061035156
2026-08-27T04:49:56Z,GOOG,2026-09-04,put,365.0,22.28,0.0,0.0,1.0000000000000003e-05,1.0,0,True,339.1000061035156
2026-08-27T04:49:56Z,GOOG,2026-09-04,put,367.5,25.15,0.0,0.0,1.0000000000000003e-05,217.0,0,True,339.1000061035156
2026-08-27T04:49:56Z,GOOG,2026-09-04,put,370.0,31.01,0.0,0.0,1.0000000000000003e-05,1.0,0,True,339.1000061035156
2026-08-27T04:49:56Z,GOOG,2026-09-04,put,375.0,35.96,0.0,0.0,1.0000000000000003e-05,2.0,0,True,339.1000061035156
2026-08-27T04:49:56Z,GOOG,2026-09-04,put,380.0,42.05,0.0,0.0,1.0000000000000003e-05,1.0,0,True,339.1000061035156
2026-08-27T04:49:56Z,GOOG,2026-09-04,put,385.0,42.37,0.0,0.0,1.0000000000000003e-05,10.0,0,True,339.1000061035156
2026-08-27T04:49:56Z,GOOG,2026-09-04,put,390.0,48.6,0.0,0.0,1.0000000000000003e-05,58.0,0,True,339.1000061035156
2026-08-27T04:49:56Z,GOOG,2026-09-04,put,395.0,54.07,0.0,0.0,1.0000000000000003e-05,2.0,0,True,339.1000061035156
2026-08-27T04:49:56Z,GOOG,2026-09-04,put,400.0,35.65,0.0,0.0,1.0000000000000003e-05,15.0,0,True,339.1000061035156
2026-08-27T04:49:56Z,GOOG,2026-09-11,call,200.0,142.87,0.0,0.0,1.0000000000000003e-05,1.0,0,True,339.1000061035156
2026-08-27T04:49:56Z,GOOG,2026-09-11,call,205.0,170.76,0.0,0.0,1.0000000000000003e-05,,0,True,339.1000061035156
2026-08-27T04:49:56Z,GOOG,2026-09-11,call,210.0,166.66,0.0,0.0,1.0000000000000003e-05,,0,True,339.1000061035156
2026-08-27T04:49:56Z,GOOG,2026-09-11,call,215.0,161.73,0.0,0.0,1.0000000000000003e-05,,0,True,339.1000061035156
2026-08-27T04:49:56Z,GOOG,2026-09-11,call,240.0,103.8,0.0,0.0,1.0000000000000003e-05,1.0,0,True,339.1000061035156
2026-08-27T04:49:56Z,GOOG,2026-09-11,call,245.0,131.77,0.0,0.0,1.0000000000000003e-05,,0,True,339.1000061035156
2026-08-27T04:49:56Z,GOOG,2026-09-11,call,250.0,98.08,0.0,0.0,1.0000000000000003e-05,1.0,0,True,339.1000061035156
2026-08-27T04:49:56Z,GOOG,2026-09-11,call,265.0,74.36,0.0,0.0,1.0000000000000003e-05,1.0,0,True,339.1000061035156
2026-08-27T04:49:56Z,GOOG,2026-09-11,call,270.0,71.52,0.0,0.0,1.0000000000000003e-05,2.0,0,True,339.1000061035156
2026-08-27T04:49:56Z,GOOG,2026-09-11,call,275.0,68.39,0.0,0.0,1.0000000000000003e-05,2.0,0,True,339.1000061035156
2026-08-27T04:49:56Z,GOOG,2026-09-11,call,280.0,63.47,0.0,0.0,1.0000000000000003e-05,2.0,0,True,339.1000061035156
2026-08-27T04:49:56Z,GOOG,2026-09-11,call,285.0,60.62,0.0,0.0,1.0000000000000003e-05,4.0,0,True,339.1000061035156
2026-08-27T04:49:56Z,GOOG,2026-09-11,call,290.0,55.72,0.0,0.0,1.0000000000000003e-05,4.0,0,True,339.1000061035156
2026-08-27T04:49:56Z,GOOG,2026-09-11,call,295.0,49.63,0.0,0.0,1.0000000000000003e-05,86.0,0,True,339.1000061035156
2026-08-27T04:49:56Z,GOOG,2026-09-11,call,300.0,40.6,0.0,0.0,1.0000000000000003e-05,2.0,0,True,339.1000061035156
2026-08-27T04:49:56Z,GOOG,2026-09-11,call,305.0,36.31,0.0,0.0,1.0000000000000003e-05,1.0,0,True,339.1000061035156
2026-08-27T04:49:56Z,GOOG,2026-09-11,call,310.0,34.48,0.0,0.0,1.0000000000000003e-05,20.0,0,True,339.1000061035156
2026-08-27T04:49:56Z,GOOG,2026-09-11,call,315.0,25.09,0.0,0.0,1.0000000000000003e-05,12.0,0,True,339.1000061035156
2026-08-27T04:49:56Z,GOOG,2026-09-11,call,320.0,20.92,0.0,0.0,1.0000000000000003e-05,92.0,0,True,339.1000061035156
2026-08-27T04:49:56Z,GOOG,2026-09-11,call,325.0,16.49,0.0,0.0,1.0000000000000003e-05,110.0,0,True,339.1000061035156
2026-08-27T04:49:56Z,GOOG,2026-09-11,call,330.0,12.75,0.0,0.0,1.0000000000000003e-05,64.0,0,True,339.1000061035156
2026-08-27T04:49:56Z,GOOG,2026-09-11,call,332.5,11.15,0.0,0.0,1.0000000000000003e-05,6.0,0,True,339.1000061035156
2026-08-27T04:49:56Z,GOOG,2026-09-11,call,335.0,10.0,0.0,0.0,1.0000000000000003e-05,91.0,0,True,339.1000061035156
2026-08-27T04:49:56Z,GOOG,2026-09-11,call,340.0,7.45,0.0,0.0,0.0039162109375,85.0,0,False,339.1000061035156
2026-08-27T04:49:56Z,GOOG,2026-09-11,call,342.5,6.3,0.0,0.0,0.015634843750000002,167.0,0,False,339.1000061035156
2026-08-27T04:49:56Z,GOOG,2026-09-11,call,345.0,5.3,0.0,0.0,0.015634843750000002,169.0,0,False,339.1000061035156
2026-08-27T04:49:56Z,GOOG,2026-09-11,call,347.5,4.3,0.0,0.0,0.0312596875,60.0,0,False,339.1000061035156
2026-08-27T04:49:56Z,GOOG,2026-09-11,call,350.0,3.5,0.0,0.0,0.0312596875,461.0,0,False,339.1000061035156
2026-08-27T04:49:56Z,GOOG,2026-09-11,call,352.5,3.03,0.0,0.0,0.0312596875,16.0,0,False,339.1000061035156
2026-08-27T04:49:56Z,GOOG,2026-09-11,call,355.0,2.44,0.0,0.0,0.062509375,215.0,0,False,339.1000061035156
2026-08-27T04:49:56Z,GOOG,2026-09-11,call,357.5,1.99,0.0,0.0,0.062509375,17.0,0,False,339.1000061035156
2026-08-27T04:49:56Z,GOOG,2026-09-11,call,360.0,1.6,0.0,0.0,0.062509375,414.0,0,False,339.1000061035156
2026-08-27T04:49:56Z,GOOG,2026-09-11,call,362.5,1.25,0.0,0.0,0.062509375,26.0,0,False,339.1000061035156
2026-08-27T04:49:56Z,GOOG,2026-09-11,call,365.0,1.03,0.0,0.0,0.062509375,241.0,0,False,339.1000061035156
2026-08-27T04:49:56Z,GOOG,2026-09-11,call,370.0,0.7,0.0,0.0,0.062509375,144.0,0,False,339.1000061035156
2026-08-27T04:49:56Z,GOOG,2026-09-11,call,375.0,0.5,0.0,0.0,0.12500875,359.0,0,False,339.1000061035156
2026-08-27T04:49:56Z,GOOG,2026-09-11,call,380.0,0.34,0.0,0.0,0.12500875,146.0,0,False,339.1000061035156
2026-08-27T04:49:56Z,GOOG,2026-09-11,call,385.0,0.26,0.0,0.0,0.12500875,13.0,0,False,339.1000061035156
2026-08-27T04:49:56Z,GOOG,2026-09-11,call,390.0,0.2,0.0,0.0,0.12500875,15.0,0,False,339.1000061035156
2026-08-27T04:49:56Z,GOOG,2026-09-11,call,395.0,0.35,0.0,0.0,0.12500875,6.0,0,False,339.1000061035156
2026-08-27T04:49:56Z,GOOG,2026-09-11,call,400.0,0.12,0.0,0.0,0.12500875,12.0,0,False,339.1000061035156
2026-08-27T04:49:56Z,GOOG,2026-09-11,call,405.0,0.1,0.0,0.0,0.12500875,4.0,0,False,339.1000061035156
2026-08-27T04:49:56Z,GOOG,2026-09-11,call,410.0,0.09,0.0,0.0,0.2500075,31.0,0,False,339.1000061035156
2026-08-27T04:49:56Z,GOOG,2026-09-11,call,415.0,0.25,0.0,0.0,0.2500075,8.0,0,False,339.1000061035156
2026-08-27T04:49:56Z,GOOG,2026-09-11,call,420.0,0.13,0.0,0.0,0.2500075,21.0,0,False,339.1000061035156
2026-08-27T04:49:56Z,GOOG,2026-09-11,call,425.0,0.07,0.0,0.0,0.2500075,7.0,0,False,339.1000061035156
2026-08-27T04:49:56Z,GOOG,2026-09-11,call,430.0,0.1,0.0,0.0,0.2500075,13.0,0,False,339.1000061035156
2026-08-27T04:49:56Z,GOOG,2026-09-11,call,435.0,0.11,0.0,0.0,0.2500075,1.0,0,False,339.1000061035156
2026-08-27T04:49:56Z,GOOG,2026-09-11,call,440.0,0.26,0.0,0.0,0.2500075,2.0,0,False,339.1000061035156
2026-08-27T04:49:56Z,GOOG,2026-09-11,call,445.0,0.11,0.0,0.0,0.2500075,6.0,0,False,339.1000061035156
2026-08-27T04:49:56Z,GOOG,2026-09-11,call,450.0,0.11,0.0,0.0,0.2500075,2.0,0,False,339.1000061035156
2026-08-27T04:49:56Z,GOOG,2026-09-11,call,455.0,0.06,0.0,0.0,0.2500075,3.0,0,False,339.1000061035156
2026-08-27T04:49:56Z,GOOG,2026-09-11,call,460.0,0.08,0.0,0.0,0.2500075,1.0,0,False,339.1000061035156
2026-08-27T04:49:56Z,GOOG,2026-09-11,call,465.0,0.1,0.0,0.0,0.2500075,2.0,0,False,339.1000061035156
2026-08-27T04:49:56Z,GOOG,2026-09-11,call,470.0,0.11,0.0,0.0,0.2500075,1.0,0,False,339.1000061035156
2026-08-27T04:49:56Z,GOOG,2026-09-11,call,480.0,0.1,0.0,0.0,0.2500075,2.0,0,False,339.1000061035156
2026-08-27T04:49:56Z,GOOG,2026-09-11,put,205.0,0.07,0.0,0.0,0.500005,11.0,0,False,339.1000061035156
2026-08-27T04:49:56Z,GOOG,2026-09-11,put,225.0,0.14,0.0,0.0,0.500005,2.0,0,False,339.1000061035156
2026-08-27T04:49:56Z,GOOG,2026-09-11,put,230.0,0.06,0.0,0.0,0.500005,6.0,0,False,339.1000061035156
2026-08-27T04:49:56Z,GOOG,2026-09-11,put,235.0,0.05,0.0,0.0,0.2500075,4.0,0,False,339.1000061035156
2026-08-27T04:49:56Z,GOOG,2026-09-11,put,240.0,0.1,0.0,0.0,0.2500075,1.0,0,False,339.1000061035156
2026-08-27T04:49:56Z,GOOG,2026-09-11,put,245.0,0.06,0.0,0.0,0.2500075,10.0,0,False,339.1000061035156
2026-08-27T04:49:56Z,GOOG,2026-09-11,put,250.0,0.06,0.0,0.0,0.2500075,2.0,0,False,339.1000061035156
2026-08-27T04:49:56Z,GOOG,2026-09-11,put,255.0,0.06,0.0,0.0,0.2500075,4.0,0,False,339.1000061035156
2026-08-27T04:49:56Z,GOOG,2026-09-11,put,260.0,0.07,0.0,0.0,0.2500075,8.0,0,False,339.1000061035156
2026-08-27T04:49:56Z,GOOG,2026-09-11,put,265.0,0.12,0.0,0.0,0.2500075,7.0,0,False,339.1000061035156
2026-08-27T04:49:56Z,GOOG,2026-09-11,put,270.0,0.08,0.0,0.0,0.2500075,2.0,0,False,339.1000061035156
2026-08-27T04:49:56Z,GOOG,2026-09-11,put,275.0,0.08,0.0,0.0,0.2500075,1.0,0,False,339.1000061035156
2026-08-27T04:49:56Z,GOOG,2026-09-11,put,280.0,0.1,0.0,0.0,0.2500075,14.0,0,False,339.1000061035156
2026-08-27T04:49:56Z,GOOG,2026-09-11,put,285.0,0.11,0.0,0.0,0.12500875,1.0,0,False,339.1000061035156
2026-08-27T04:49:56Z,GOOG,2026-09-11,put,290.0,0.14,0.0,0.0,0.12500875,3.0,0,False,339.1000061035156
2026-08-27T04:49:56Z,GOOG,2026-09-11,put,295.0,0.17,0.0,0.0,0.12500875,2.0,0,False,339.1000061035156
2026-08-27T04:49:56Z,GOOG,2026-09-11,put,300.0,0.24,0.0,0.0,0.12500875,13.0,0,False,339.1000061035156
2026-08-27T04:49:56Z,GOOG,2026-09-11,put,305.0,0.5,0.0,0.0,0.12500875,13.0,0,False,339.1000061035156
2026-08-27T04:49:56Z,GOOG,2026-09-11,put,310.0,0.63,0.0,0.0,0.12500875,1349.0,0,False,339.1000061035156
2026-08-27T04:49:56Z,GOOG,2026-09-11,put,315.0,0.96,0.0,0.0,0.062509375,1388.0,0,False,339.1000061035156
2026-08-27T04:49:56Z,GOOG,2026-09-11,put,317.5,1.2,0.0,0.0,0.062509375,49.0,0,False,339.1000061035156
2026-08-27T04:49:56Z,GOOG,2026-09-11,put,320.0,1.6,0.0,0.0,0.062509375,205.0,0,False,339.1000061035156
2026-08-27T04:49:56Z,GOOG,2026-09-11,put,325.0,2.49,0.0,0.0,0.062509375,170.0,0,False,339.1000061035156
2026-08-27T04:49:56Z,GOOG,2026-09-11,put,327.5,2.98,0.0,0.0,0.0312596875,110.0,0,False,339.1000061035156
2026-08-27T04:49:56Z,GOOG,2026-09-11,put,330.0,3.7,0.0,0.0,0.0312596875,78.0,0,False,339.1000061035156
2026-08-27T04:49:56Z,GOOG,2026-09-11,put,332.5,4.72,0.0,0.0,0.0312596875,28.0,0,False,339.1000061035156
2026-08-27T04:49:56Z,GOOG,2026-09-11,put,335.0,5.52,0.0,0.0,0.015634843750000002,92.0,0,False,339.1000061035156
2026-08-27T04:49:56Z,GOOG,2026-09-11,put,337.5,6.65,0.0,0.0,0.007822421875,19.0,0,False,339.1000061035156
2026-08-27T04:49:56Z,GOOG,2026-09-11,put,340.0,7.9,0.0,0.0,1.0000000000000003e-05,54.0,0,True,339.1000061035156
2026-08-27T04:49:56Z,GOOG,2026-09-11,put,342.5,9.21,0.0,0.0,1.0000000000000003e-05,15.0,0,True,339.1000061035156
2026-08-27T04:49:56Z,GOOG,2026-09-11,put,345.0,11.25,0.0,0.0,1.0000000000000003e-05,12.0,0,True,339.1000061035156
2026-08-27T04:49:56Z,GOOG,2026-09-11,put,347.5,13.1,0.0,0.0,1.0000000000000003e-05,7.0,0,True,339.1000061035156
2026-08-27T04:49:56Z,GOOG,2026-09-11,put,350.0,15.0,0.0,0.0,1.0000000000000003e-05,26.0,0,True,339.1000061035156
2026-08-27T04:49:56Z,GOOG,2026-09-11,put,352.5,15.6,0.0,0.0,1.0000000000000003e-05,1.0,0,True,339.1000061035156
2026-08-27T04:49:56Z,GOOG,2026-09-11,put,355.0,19.07,0.0,0.0,1.0000000000000003e-05,1.0,0,True,339.1000061035156
2026-08-27T04:49:56Z,GOOG,2026-09-11,put,357.5,20.65,0.0,0.0,1.0000000000000003e-05,1.0,0,True,339.1000061035156
2026-08-27T04:49:56Z,GOOG,2026-09-11,put,360.0,24.1,0.0,0.0,1.0000000000000003e-05,103.0,0,True,339.1000061035156
2026-08-27T04:49:56Z,GOOG,2026-09-11,put,365.0,25.48,0.0,0.0,1.0000000000000003e-05,5.0,0,True,339.1000061035156
2026-08-27T04:49:56Z,GOOG,2026-09-11,put,370.0,31.26,0.0,0.0,1.0000000000000003e-05,1.0,0,True,339.1000061035156
2026-08-27T04:49:56Z,GOOG,2026-09-11,put,375.0,34.78,0.0,0.0,1.0000000000000003e-05,5.0,0,True,339.1000061035156
2026-08-27T04:49:56Z,GOOG,2026-09-11,put,380.0,37.14,0.0,0.0,1.0000000000000003e-05,2.0,0,True,339.1000061035156
2026-08-27T04:49:56Z,GOOG,2026-09-11,put,385.0,26.05,0.0,0.0,1.0000000000000003e-05,,0,True,339.1000061035156
2026-08-27T04:49:56Z,GOOG,2026-09-11,put,390.0,46.99,0.0,0.0,1.0000000000000003e-05,,0,True,339.1000061035156
2026-08-27T04:49:56Z,GOOG,2026-09-11,put,395.0,42.15,0.0,0.0,1.0000000000000003e-05,,0,True,339.1000061035156
2026-08-27T04:49:56Z,GOOG,2026-09-11,put,415.0,43.2,0.0,0.0,1.0000000000000003e-05,,0,True,339.1000061035156
2026-08-27T04:49:56Z,GOOG,2026-09-11,put,420.0,76.25,0.0,0.0,1.0000000000000003e-05,1.0,0,True,339.1000061035156
2026-08-27T04:49:56Z,GOOG,2026-09-11,put,425.0,52.25,0.0,0.0,1.0000000000000003e-05,,0,True,339.1000061035156
2026-08-27T04:49:56Z,GOOG,2026-09-11,put,435.0,90.95,0.0,0.0,1.0000000000000003e-05,1.0,0,True,339.1000061035156
2026-08-27T04:49:56Z,GOOG,2026-09-18,call,85.0,251.97,0.0,0.0,1.0000000000000003e-05,10.0,0,True,339.1000061035156
2026-08-27T04:49:56Z,GOOG,2026-09-18,call,90.0,222.7,0.0,0.0,1.0000000000000003e-05,2.0,0,True,339.1000061035156
2026-08-27T04:49:56Z,GOOG,2026-09-18,call,95.0,246.02,265.5,269.1,5.770510599365235,10.0,10,True,339.1000061035156
2026-08-27T04:49:56Z,GOOG,2026-09-18,call,100.0,246.05,0.0,0.0,1.0000000000000003e-05,9.0,0,True,339.1000061035156
2026-08-27T04:49:56Z,GOOG,2026-09-18,call,105.0,236.0,0.0,0.0,1.0000000000000003e-05,1.0,0,True,339.1000061035156
2026-08-27T04:49:56Z,GOOG,2026-09-18,call,110.0,249.1,233.25,236.95,3.2939470776367186,1.0,43,True,339.1000061035156
2026-08-27T04:49:56Z,GOOG,2026-09-18,call,115.0,258.62,0.0,0.0,1.0000000000000003e-05,2.0,0,True,339.1000061035156
2026-08-27T04:49:56Z,GOOG,2026-09-18,call,120.0,218.6,0.0,0.0,1.0000000000000003e-05,1.0,0,True,339.1000061035156
2026-08-27T04:49:56Z,GOOG,2026-09-18,call,125.0,215.65,0.0,0.0,1.0000000000000003e-05,1.0,0,True,339.1000061035156
2026-08-27T04:49:56Z,GOOG,2026-09-18,call,130.0,211.65,0.0,0.0,1.0000000000000003e-05,1.0,0,True,339.1000061035156
2026-08-27T04:49:56Z,GOOG,2026-09-18,call,135.0,232.7,0.0,0.0,1.0000000000000003e-05,5.0,0,True,339.1000061035156
2026-08-27T04:49:56Z,GOOG,2026-09-18,call,140.0,201.34,0.0,0.0,1.0000000000000003e-05,20.0,0,True,339.1000061035156
2026-08-27T04:49:56Z,GOOG,2026-09-18,call,145.0,195.0,0.0,0.0,1.0000000000000003e-05,1.0,0,True,339.1000061035156
2026-08-27T04:49:56Z,GOOG,2026-09-18,call,150.0,194.0,0.0,0.0,1.0000000000000003e-05,1.0,0,True,339.1000061035156
2026-08-27T04:49:56Z,GOOG,2026-09-18,call,155.0,188.09,0.0,0.0,1.0000000000000003e-05,1.0,0,True,339.1000061035156
2026-08-27T04:49:56Z,GOOG,2026-09-18,call,160.0,175.46,0.0,0.0,1.0000000000000003e-05,1.0,0,True,339.1000061035156
2026-08-27T04:49:56Z,GOOG,2026-09-18,call,165.0,177.22,0.0,0.0,1.0000000000000003e-05,7.0,0,True,339.1000061035156
2026-08-27T04:49:56Z,GOOG,2026-09-18,call,170.0,169.17,0.0,0.0,1.0000000000000003e-05,5.0,0,True,339.1000061035156
2026-08-27T04:49:56Z,GOOG,2026-09-18,call,175.0,168.0,0.0,0.0,1.0000000000000003e-05,1.0,0,True,339.1000061035156
2026-08-27T04:49:56Z,GOOG,2026-09-18,call,180.0,169.95,0.0,0.0,1.0000000000000003e-05,1.0,0,True,339.1000061035156
2026-08-27T04:49:56Z,GOOG,2026-09-18,call,185.0,156.46,0.0,0.0,1.0000000000000003e-05,1.0,0,True,339.1000061035156
2026-08-27T04:49:56Z,GOOG,2026-09-18,call,190.0,148.98,0.0,0.0,1.0000000000000003e-05,4.0,0,True,339.1000061035156
2026-08-27T04:49:56Z,GOOG,2026-09-18,call,195.0,148.25,0.0,0.0,1.0000000000000003e-05,140.0,0,True,339.1000061035156
2026-08-27T04:49:56Z,GOOG,2026-09-18,call,200.0,143.6,0.0,0.0,1.0000000000000003e-05,1.0,0,True,339.1000061035156
2026-08-27T04:49:56Z,GOOG,2026-09-18,call,205.0,138.26,0.0,0.0,1.0000000000000003e-05,4.0,0,True,339.1000061035156
2026-08-27T04:49:56Z,GOOG,2026-09-18,call,210.0,129.66,0.0,0.0,1.0000000000000003e-05,1.0,0,True,339.1000061035156
2026-08-27T04:49:56Z,GOOG,2026-09-18,call,215.0,124.19,0.0,0.0,1.0000000000000003e-05,2.0,0,True,339.1000061035156
2026-08-27T04:49:56Z,GOOG,2026-09-18,call,220.0,123.85,0.0,0.0,1.0000000000000003e-05,3.0,0,True,339.1000061035156
2026-08-27T04:49:56Z,GOOG,2026-09-18,call,225.0,121.07,0.0,0.0,1.0000000000000003e-05,1.0,0,True,339.1000061035156
2026-08-27T04:49:56Z,GOOG,2026-09-18,call,230.0,112.8,0.0,0.0,1.0000000000000003e-05,1.0,0,True,339.1000061035156
2026-08-27T04:49:56Z,GOOG,2026-09-18,call,235.0,111.55,0.0,0.0,1.0000000000000003e-05,1.0,0,True,339.1000061035156
2026-08-27T04:49:56Z,GOOG,2026-09-18,call,240.0,101.24,0.0,0.0,1.0000000000000003e-05,1.0,0,True,339.1000061035156
2026-08-27T04:49:56Z,GOOG,2026-09-18,call,245.0,95.0,0.0,0.0,1.0000000000000003e-05,20.0,0,True,339.1000061035156
2026-08-27T04:49:56Z,GOOG,2026-09-18,call,250.0,94.21,0.0,0.0,1.0000000000000003e-05,2.0,0,True,339.1000061035156
2026-08-27T04:49:56Z,GOOG,2026-09-18,call,255.0,91.47,0.0,0.0,1.0000000000000003e-05,6.0,0,True,339.1000061035156
2026-08-27T04:49:56Z,GOOG,2026-09-18,call,260.0,80.37,0.0,0.0,1.0000000000000003e-05,24.0,0,True,339.1000061035156
2026-08-27T04:49:56Z,GOOG,2026-09-18,call,265.0,77.9,0.0,0.0,1.0000000000000003e-05,3.0,0,True,339.1000061035156
2026-08-27T04:49:56Z,GOOG,2026-09-18,call,270.0,77.01,0.0,0.0,1.0000000000000003e-05,24.0,0,True,339.1000061035156
2026-08-27T04:49:56Z,GOOG,2026-09-18,call,275.0,73.5,0.0,0.0,1.0000000000000003e-05,74.0,0,True,339.1000061035156
2026-08-27T04:49:56Z,GOOG,2026-09-18,call,280.0,64.09,0.0,0.0,1.0000000000000003e-05,2.0,0,True,339.1000061035156
2026-08-27T04:49:56Z,GOOG,2026-09-18,call,285.0,55.53,0.0,0.0,1.0000000000000003e-05,2.0,0,True,339.1000061035156
2026-08-27T04:49:56Z,GOOG,2026-09-18,call,290.0,48.61,0.0,0.0,1.0000000000000003e-05,15.0,0,True,339.1000061035156
2026-08-27T04:49:56Z,GOOG,2026-09-18,call,295.0,44.56,0.0,0.0,1.0000000000000003e-05,76.0,0,True,339.1000061035156
2026-08-27T04:49:56Z,GOOG,2026-09-18,call,300.0,39.8,0.0,0.0,1.0000000000000003e-05,93.0,0,True,339.1000061035156
2026-08-27T04:49:56Z,GOOG,2026-09-18,call,305.0,35.41,0.0,0.0,1.0000000000000003e-05,4.0,0,True,339.1000061035156
2026-08-27T04:49:56Z,GOOG,2026-09-18,call,310.0,35.13,0.0,0.0,1.0000000000000003e-05,2.0,0,True,339.1000061035156
2026-08-27T04:49:56Z,GOOG,2026-09-18,call,315.0,30.7,0.0,0.0,1.0000000000000003e-05,33.0,0,True,339.1000061035156
2026-08-27T04:49:56Z,GOOG,2026-09-18,call,317.5,23.95,0.0,0.0,1.0000000000000003e-05,2.0,0,True,339.1000061035156
2026-08-27T04:49:56Z,GOOG,2026-09-18,call,320.0,21.88,0.0,0.0,1.0000000000000003e-05,22.0,0,True,339.1000061035156
2026-08-27T04:49:56Z,GOOG,2026-09-18,call,322.5,27.95,0.0,0.0,1.0000000000000003e-05,11.0,0,True,339.1000061035156
2026-08-27T04:49:56Z,GOOG,2026-09-18,call,325.0,18.25,0.0,0.0,1.0000000000000003e-05,51.0,0,True,339.1000061035156
2026-08-27T04:49:56Z,GOOG,2026-09-18,call,327.5,16.13,0.0,0.0,1.0000000000000003e-05,6.0,0,True,339.1000061035156
2026-08-27T04:49:56Z,GOOG,2026-09-18,call,330.0,14.53,0.0,0.0,1.0000000000000003e-05,105.0,0,True,339.1000061035156
2026-08-27T04:49:56Z,GOOG,2026-09-18,call,332.5,12.81,0.0,0.0,1.0000000000000003e-05,12.0,0,True,339.1000061035156
2026-08-27T04:49:56Z,GOOG,2026-09-18,call,335.0,11.75,0.0,0.0,1.0000000000000003e-05,97.0,0,True,339.1000061035156
2026-08-27T04:49:56Z,GOOG,2026-09-18,call,340.0,9.09,0.0,0.0,0.0039162109375,527.0,0,False,339.1000061035156
2026-08-27T04:49:56Z,GOOG,2026-09-18,call,342.5,7.7,0.0,0.0,0.007822421875,39.0,0,False,339.1000061035156
2026-08-27T04:49:56Z,GOOG,2026-09-18,call,345.0,6.91,0.0,0.0,0.015634843750000002,588.0,0,False,339.1000061035156
2026-08-27T04:49:56Z,GOOG,2026-09-18,call,347.5,5.9,0.0,0.0,0.0312596875,18.0,0,False,339.1000061035156
2026-08-27T04:49:56Z,GOOG,2026-09-18,call,350.0,4.95,0.0,0.0,0.0312596875,1216.0,0,False,339.1000061035156
2026-08-27T04:49:56Z,GOOG,2026-09-18,call,352.5,4.4,0.0,0.0,0.0312596875,7.0,0,False,339.1000061035156
2026-08-27T04:49:56Z,GOOG,2026-09-18,call,355.0,3.75,0.0,0.0,0.0312596875,217.0,0,False,339.1000061035156
2026-08-27T04:49:56Z,GOOG,2026-09-18,call,357.5,3.19,0.0,0.0,0.062509375,96.0,0,False,339.1000061035156
2026-08-27T04:49:56Z,GOOG,2026-09-18,call,360.0,2.6,0.0,0.0,0.062509375,702.0,0,False,339.1000061035156
2026-08-27T04:49:56Z,GOOG,2026-09-18,call,362.5,2.24,0.0,0.0,0.062509375,47.0,0,False,339.1000061035156
2026-08-27T04:49:56Z,GOOG,2026-09-18,call,365.0,1.91,0.0,0.0,0.062509375,1293.0,0,False,339.1000061035156
2026-08-27T04:49:56Z,GOOG,2026-09-18,call,370.0,1.38,0.0,0.0,0.062509375,477.0,0,False,339.1000061035156
2026-08-27T04:49:56Z,GOOG,2026-09-18,call,375.0,1.04,0.0,0.0,0.062509375,774.0,0,False,339.1000061035156
2026-08-27T04:49:56Z,GOOG,2026-09-18,call,380.0,0.76,0.0,0.0,0.12500875,430.0,0,False,339.1000061035156
2026-08-27T04:49:56Z,GOOG,2026-09-18,call,385.0,0.59,0.0,0.0,0.12500875,145.0,0,False,339.1000061035156
2026-08-27T04:49:56Z,GOOG,2026-09-18,call,390.0,0.49,0.0,0.0,0.12500875,127.0,0,False,339.1000061035156
2026-08-27T04:49:56Z,GOOG,2026-09-18,call,395.0,0.37,0.0,0.0,0.12500875,30.0,0,False,339.1000061035156
2026-08-27T04:49:56Z,GOOG,2026-09-18,call,400.0,0.3,0.0,0.0,0.12500875,658.0,0,False,339.1000061035156
2026-08-27T04:49:56Z,GOOG,2026-09-18,call,405.0,0.24,0.0,0.0,0.12500875,192.0,0,False,339.1000061035156
2026-08-27T04:49:56Z,GOOG,2026-09-18,call,410.0,0.2,0.0,0.0,0.12500875,1924.0,0,False,339.1000061035156
2026-08-27T04:49:56Z,GOOG,2026-09-18,call,415.0,0.19,0.0,0.0,0.12500875,11.0,0,False,339.1000061035156
2026-08-27T04:49:56Z,GOOG,2026-09-18,call,420.0,0.16,0.0,0.0,0.12500875,199.0,0,False,339.1000061035156
2026-08-27T04:49:56Z,GOOG,2026-09-18,call,425.0,0.16,0.0,0.0,0.2500075,1066.0,0,False,339.1000061035156
2026-08-27T04:49:56Z,GOOG,2026-09-18,call,430.0,0.15,0.0,0.0,0.2500075,64.0,0,False,339.1000061035156
2026-08-27T04:49:56Z,GOOG,2026-09-18,call,435.0,0.13,0.0,0.0,0.2500075,1.0,0,False,339.1000061035156
2026-08-27T04:49:56Z,GOOG,2026-09-18,call,440.0,0.19,0.0,0.0,0.2500075,1512.0,0,False,339.1000061035156
2026-08-27T04:49:56Z,GOOG,2026-09-18,call,445.0,0.11,0.0,0.0,0.2500075,92.0,0,False,339.1000061035156
2026-08-27T04:49:56Z,GOOG,2026-09-18,call,450.0,0.12,0.0,0.0,0.2500075,1757.0,0,False,339.1000061035156
2026-08-27T04:49:56Z,GOOG,2026-09-18,call,455.0,0.1,0.0,0.0,0.2500075,6.0,0,False,339.1000061035156
2026-08-27T04:49:56Z,GOOG,2026-09-18,call,460.0,0.1,0.0,0.0,0.2500075,106.0,0,False,339.1000061035156
2026-08-27T04:49:56Z,GOOG,2026-09-18,call,465.0,0.12,0.0,0.0,0.2500075,10.0,0,False,339.1000061035156
2026-08-27T04:49:56Z,GOOG,2026-09-18,call,470.0,0.09,0.0,0.0,0.2500075,64.0,0,False,339.1000061035156
2026-08-27T04:49:56Z,GOOG,2026-09-18,call,475.0,0.11,0.0,0.0,0.2500075,2.0,0,False,339.1000061035156
2026-08-27T04:49:56Z,GOOG,2026-09-18,call,480.0,0.08,0.0,0.0,0.2500075,362.0,0,False,339.1000061035156
2026-08-27T04:49:56Z,GOOG,2026-09-18,call,485.0,0.08,0.0,0.0,0.2500075,100.0,0,False,339.1000061035156
2026-08-27T04:49:56Z,GOOG,2026-09-18,call,490.0,0.21,0.0,0.0,0.2500075,20.0,0,False,339.1000061035156
2026-08-27T04:49:56Z,GOOG,2026-09-18,call,495.0,0.13,0.0,0.0,0.2500075,1.0,0,False,339.1000061035156
2026-08-27T04:49:56Z,GOOG,2026-09-18,call,500.0,0.06,0.0,0.0,0.2500075,2.0,0,False,339.1000061035156
2026-08-27T04:49:56Z,GOOG,2026-09-18,call,505.0,0.11,0.0,0.0,0.2500075,1.0,0,False,339.1000061035156
2026-08-27T04:49:56Z,GOOG,2026-09-18,call,520.0,0.1,0.0,0.0,0.2500075,5.0,0,False,339.1000061035156
2026-08-27T04:49:56Z,GOOG,2026-09-18,call,540.0,0.1,0.0,0.0,0.2500075,5.0,0,False,339.1000061035156
2026-08-27T04:49:56Z,GOOG,2026-09-18,call,560.0,0.02,0.0,0.0,0.500005,9.0,0,False,339.1000061035156
2026-08-27T04:49:56Z,GOOG,2026-09-18,call,580.0,0.02,0.0,0.0,0.500005,105.0,0,False,339.1000061035156
2026-08-27T04:49:56Z,GOOG,2026-09-18,put,85.0,0.01,0.0,0.0,0.500005,18.0,0,False,339.1000061035156
2026-08-27T04:49:56Z,GOOG,2026-09-18,put,90.0,0.06,0.0,0.0,0.500005,4.0,0,False,339.1000061035156
2026-08-27T04:49:56Z,GOOG,2026-09-18,put,95.0,0.22,0.0,1.19,2.368168142089843,1.0,1008,False,339.1000061035156
2026-08-27T04:49:56Z,GOOG,2026-09-18,put,100.0,0.03,0.0,0.0,0.500005,1.0,0,False,339.1000061035156
2026-08-27T04:49:56Z,GOOG,2026-09-18,put,105.0,0.15,0.0,2.13,2.3960001037597656,2.0,21,False,339.1000061035156
2026-08-27T04:49:56Z,GOOG,2026-09-18,put,110.0,0.03,0.0,0.57,1.9082035839843752,2.0,39,False,339.1000061035156
2026-08-27T04:49:56Z,GOOG,2026-09-18,put,115.0,0.05,0.0,0.0,0.500005,1.0,0,False,339.1000061035156
2026-08-27T04:49:56Z,GOOG,2026-09-18,put,120.0,0.03,0.0,0.0,0.500005,8.0,0,False,339.1000061035156
2026-08-27T04:49:56Z,GOOG,2026-09-18,put,125.0,0.01,0.0,0.0,0.500005,50.0,0,False,339.1000061035156
2026-08-27T04:49:56Z,GOOG,2026-09-18,put,130.0,0.03,0.0,0.0,0.500005,8.0,0,False,339.1000061035156
2026-08-27T04:49:56Z,GOOG,2026-09-18,put,135.0,0.05,0.0,0.75,1.6367205664062499,16.0,313,False,339.1000061035156
2026-08-27T04:49:56Z,GOOG,2026-09-18,put,140.0,0.01,0.0,0.0,0.500005,47.0,0,False,339.1000061035156
2026-08-27T04:49:56Z,GOOG,2026-09-18,put,145.0,0.02,0.0,0.0,0.500005,1.0,0,False,339.1000061035156
2026-08-27T04:49:56Z,GOOG,2026-09-18,put,150.0,0.02,0.0,0.0,0.500005,1.0,0,False,339.1000061035156
2026-08-27T04:49:56Z,GOOG,2026-09-18,put,155.0,0.08,0.0,0.0,0.500005,9.0,0,False,339.1000061035156
2026-08-27T04:49:56Z,GOOG,2026-09-18,put,160.0,0.02,0.0,0.0,0.500005,9.0,0,False,339.1000061035156
2026-08-27T04:49:56Z,GOOG,2026-09-18,put,165.0,0.01,0.0,0.0,0.500005,10.0,0,False,339.1000061035156
2026-08-27T04:49:56Z,GOOG,2026-09-18,put,170.0,0.01,0.0,0.0,0.500005,1.0,0,False,339.1000061035156
2026-08-27T04:49:56Z,GOOG,2026-09-18,put,175.0,0.02,0.0,0.0,0.500005,2.0,0,False,339.1000061035156
2026-08-27T04:49:56Z,GOOG,2026-09-18,put,180.0,0.02,0.0,0.0,0.500005,314.0,0,False,339.1000061035156
2026-08-27T04:49:56Z,GOOG,2026-09-18,put,185.0,0.13,0.0,0.0,0.500005,3.0,0,False,339.1000061035156
2026-08-27T04:49:56Z,GOOG,2026-09-18,put,190.0,0.04,0.0,0.0,0.500005,7.0,0,False,339.1000061035156
2026-08-27T04:49:56Z,GOOG,2026-09-18,put,195.0,0.05,0.0,0.0,0.500005,7.0,0,False,339.1000061035156
2026-08-27T04:49:56Z,GOOG,2026-09-18,put,200.0,0.03,0.0,0.0,0.500005,5.0,0,False,339.1000061035156
2026-08-27T04:49:56Z,GOOG,2026-09-18,put,205.0,0.1,0.0,0.0,0.500005,1.0,0,False,339.1000061035156
2026-08-27T04:49:56Z,GOOG,2026-09-18,put,210.0,0.04,0.0,0.0,0.500005,4.0,0,False,339.1000061035156
2026-08-27T04:49:56Z,GOOG,2026-09-18,put,215.0,0.07,0.0,0.0,0.2500075,7.0,0,False,339.1000061035156
2026-08-27T04:49:56Z,GOOG,2026-09-18,put,220.0,0.05,0.0,0.0,0.2500075,3.0,0,False,339.1000061035156
2026-08-27T04:49:56Z,GOOG,2026-09-18,put,225.0,0.1,0.0,0.0,0.2500075,3.0,0,False,339.1000061035156
2026-08-27T04:49:56Z,GOOG,2026-09-18,put,230.0,0.1,0.0,0.0,0.2500075,1.0,0,False,339.1000061035156
2026-08-27T04:49:56Z,GOOG,2026-09-18,put,235.0,0.08,0.0,0.0,0.2500075,176.0,0,False,339.1000061035156
2026-08-27T04:49:56Z,GOOG,2026-09-18,put,240.0,0.07,0.0,0.0,0.2500075,1.0,0,False,339.1000061035156
2026-08-27T04:49:56Z,GOOG,2026-09-18,put,245.0,0.11,0.0,0.0,0.2500075,1.0,0,False,339.1000061035156
2026-08-27T04:49:56Z,GOOG,2026-09-18,put,250.0,0.09,0.0,0.0,0.2500075,5.0,0,False,339.1000061035156
2026-08-27T04:49:56Z,GOOG,2026-09-18,put,255.0,0.15,0.0,0.0,0.2500075,1.0,0,False,339.1000061035156
2026-08-27T04:49:56Z,GOOG,2026-09-18,put,260.0,0.1,0.0,0.0,0.2500075,1.0,0,False,339.1000061035156
2026-08-27T04:49:56Z,GOOG,2026-09-18,put,265.0,0.17,0.0,0.0,0.2500075,1.0,0,False,339.1000061035156
2026-08-27T04:49:56Z,GOOG,2026-09-18,put,270.0,0.17,0.0,0.0,0.2500075,40.0,0,False,339.1000061035156
2026-08-27T04:49:56Z,GOOG,2026-09-18,put,275.0,0.2,0.0,0.0,0.12500875,1367.0,0,False,339.1000061035156
2026-08-27T04:49:56Z,GOOG,2026-09-18,put,280.0,0.21,0.0,0.0,0.12500875,58.0,0,False,339.1000061035156
2026-08-27T04:49:56Z,GOOG,2026-09-18,put,285.0,0.27,0.0,0.0,0.12500875,29.0,0,False,339.1000061035156
2026-08-27T04:49:56Z,GOOG,2026-09-18,put,290.0,0.37,0.0,0.0,0.12500875,542.0,0,False,339.1000061035156
2026-08-27T04:49:56Z,GOOG,2026-09-18,put,295.0,0.46,0.0,0.0,0.12500875,233.0,0,False,339.1000061035156
2026-08-27T04:49:56Z,GOOG,2026-09-18,put,300.0,0.59,0.0,0.0,0.12500875,59.0,0,False,339.1000061035156
2026-08-27T04:49:56Z,GOOG,2026-09-18,put,305.0,0.79,0.0,0.0,0.12500875,44.0,0,False,339.1000061035156
2026-08-27T04:49:56Z,GOOG,2026-09-18,put,310.0,1.2,0.0,0.0,0.062509375,211.0,0,False,339.1000061035156
2026-08-27T04:49:56Z,GOOG,2026-09-18,put,315.0,1.76,0.0,0.0,0.062509375,1380.0,0,False,339.1000061035156
2026-08-27T04:49:56Z,GOOG,2026-09-18,put,317.5,2.21,0.0,0.0,0.062509375,89.0,0,False,339.1000061035156
2026-08-27T04:49:56Z,GOOG,2026-09-18,put,320.0,2.53,0.0,0.0,0.062509375,377.0,0,False,339.1000061035156
2026-08-27T04:49:56Z,GOOG,2026-09-18,put,322.5,3.1,0.0,0.0,0.062509375,84.0,0,False,339.1000061035156
2026-08-27T04:49:56Z,GOOG,2026-09-18,put,325.0,3.7,0.0,0.0,0.0312596875,93.0,0,False,339.1000061035156
2026-08-27T04:49:56Z,GOOG,2026-09-18,put,327.5,4.45,0.0,0.0,0.0312596875,33.0,0,False,339.1000061035156
2026-08-27T04:49:56Z,GOOG,2026-09-18,put,330.0,5.3,0.0,0.0,0.0312596875,336.0,0,False,339.1000061035156
2026-08-27T04:49:56Z,GOOG,2026-09-18,put,332.5,5.97,0.0,0.0,0.015634843750000002,13.0,0,False,339.1000061035156
2026-08-27T04:49:56Z,GOOG,2026-09-18,put,335.0,7.04,0.0,0.0,0.015634843750000002,102.0,0,False,339.1000061035156
2026-08-27T04:49:56Z,GOOG,2026-09-18,put,337.5,8.32,0.0,0.0,0.0039162109375,12.0,0,False,339.1000061035156
2026-08-27T04:49:56Z,GOOG,2026-09-18,put,340.0,9.4,0.0,0.0,1.0000000000000003e-05,313.0,0,True,339.1000061035156
2026-08-27T04:49:56Z,GOOG,2026-09-18,put,342.5,11.0,0.0,0.0,1.0000000000000003e-05,111.0,0,True,339.1000061035156
2026-08-27T04:49:56Z,GOOG,2026-09-18,put,345.0,12.69,0.0,0.0,1.0000000000000003e-05,17.0,0,True,339.1000061035156
2026-08-27T04:49:56Z,GOOG,2026-09-18,put,347.5,13.85,0.0,0.0,1.0000000000000003e-05,32.0,0,True,339.1000061035156
2026-08-27T04:49:56Z,GOOG,2026-09-18,put,350.0,15.63,0.0,0.0,1.0000000000000003e-05,119.0,0,True,339.1000061035156
2026-08-27T04:49:56Z,GOOG,2026-09-18,put,352.5,13.8,0.0,0.0,1.0000000000000003e-05,15.0,0,True,339.1000061035156
2026-08-27T04:49:56Z,GOOG,2026-09-18,put,355.0,19.37,0.0,0.0,1.0000000000000003e-05,15.0,0,True,339.1000061035156
2026-08-27T04:49:56Z,GOOG,2026-09-18,put,357.5,21.42,0.0,0.0,1.0000000000000003e-05,2.0,0,True,339.1000061035156
2026-08-27T04:49:56Z,GOOG,2026-09-18,put,360.0,23.5,0.0,0.0,1.0000000000000003e-05,3595.0,0,True,339.1000061035156
2026-08-27T04:49:56Z,GOOG,2026-09-18,put,365.0,28.61,0.0,0.0,1.0000000000000003e-05,103.0,0,True,339.1000061035156
2026-08-27T04:49:56Z,GOOG,2026-09-18,put,370.0,31.31,0.0,0.0,1.0000000000000003e-05,7.0,0,True,339.1000061035156
2026-08-27T04:49:56Z,GOOG,2026-09-18,put,375.0,35.9,0.0,0.0,1.0000000000000003e-05,3.0,0,True,339.1000061035156
2026-08-27T04:49:56Z,GOOG,2026-09-18,put,380.0,39.39,0.0,0.0,1.0000000000000003e-05,1.0,0,True,339.1000061035156
2026-08-27T04:49:56Z,GOOG,2026-09-18,put,385.0,47.51,0.0,0.0,1.0000000000000003e-05,10.0,0,True,339.1000061035156
2026-08-27T04:49:56Z,GOOG,2026-09-18,put,390.0,52.97,0.0,0.0,1.0000000000000003e-05,26.0,0,True,339.1000061035156
2026-08-27T04:49:56Z,GOOG,2026-09-18,put,395.0,56.8,0.0,0.0,1.0000000000000003e-05,4.0,0,True,339.1000061035156
2026-08-27T04:49:56Z,GOOG,2026-09-18,put,400.0,57.52,0.0,0.0,1.0000000000000003e-05,654.0,0,True,339.1000061035156
2026-08-27T04:49:56Z,GOOG,2026-09-18,put,405.0,59.39,0.0,0.0,1.0000000000000003e-05,7.0,0,True,339.1000061035156
2026-08-27T04:49:56Z,GOOG,2026-09-18,put,410.0,66.25,0.0,0.0,1.0000000000000003e-05,1.0,0,True,339.1000061035156
2026-08-27T04:49:56Z,GOOG,2026-09-18,put,415.0,41.15,0.0,0.0,1.0000000000000003e-05,15.0,0,True,339.1000061035156
2026-08-27T04:49:56Z,GOOG,2026-09-18,put,420.0,80.7,0.0,0.0,1.0000000000000003e-05,1.0,0,True,339.1000061035156
2026-08-27T04:49:56Z,GOOG,2026-09-18,put,425.0,66.76,0.0,0.0,1.0000000000000003e-05,50.0,0,True,339.1000061035156
2026-08-27T04:49:56Z,GOOG,2026-09-18,put,430.0,90.78,0.0,0.0,1.0000000000000003e-05,250.0,0,True,339.1000061035156
2026-08-27T04:49:56Z,GOOG,2026-09-18,put,435.0,92.78,0.0,0.0,1.0000000000000003e-05,2.0,0,True,339.1000061035156
2026-08-27T04:49:56Z,GOOG,2026-09-18,put,440.0,82.62,93.35,96.8,1.0000000000000003e-05,1.0,0,True,339.1000061035156
2026-08-27T04:49:56Z,GOOG,2026-09-18,put,450.0,122.68,0.0,0.0,1.0000000000000003e-05,2.0,0,True,339.1000061035156
2026-08-27T04:49:56Z,GOOG,2026-09-18,put,460.0,117.8,113.35,116.55,1.0000000000000003e-05,1.0,0,True,339.1000061035156
2026-08-27T04:49:56Z,GOOG,2026-09-18,put,470.0,78.76,98.9,102.15,1.0000000000000003e-05,2.0,1,True,339.1000061035156
2026-08-27T04:49:56Z,GOOG,2026-09-18,put,475.0,104.8,128.2,132.15,1.0000000000000003e-05,,0,True,339.1000061035156
2026-08-27T04:49:56Z,GOOG,2026-09-18,put,480.0,95.9,0.0,0.0,1.0000000000000003e-05,1.0,0,True,339.1000061035156
2026-08-27T04:49:56Z,GOOG,2026-09-18,put,490.0,104.9,0.0,0.0,1.0000000000000003e-05,1.0,0,True,339.1000061035156
2026-08-27T04:49:56Z,GOOG,2026-09-18,put,495.0,177.77,148.35,151.35,1.0000000000000003e-05,,0,True,339.1000061035156
2026-08-27T04:49:56Z,GOOG,2026-09-18,put,500.0,182.75,153.4,156.3,1.0000000000000003e-05,6.0,0,True,339.1000061035156
2026-08-27T04:49:56Z,GOOG,2026-09-18,put,520.0,122.8,147.75,151.75,1.0000000000000003e-05,,0,True,339.1000061035156
2026-08-27T04:49:56Z,GOOG,2026-09-18,put,540.0,141.94,167.75,171.45,1.0000000000000003e-05,,0,True,339.1000061035156
2026-08-27T04:49:56Z,GOOG,2026-09-18,put,560.0,161.48,187.75,191.45,1.0000000000000003e-05,,0,True,339.1000061035156
2026-08-27T04:49:56Z,GOOG,2026-09-18,put,580.0,181.56,207.75,211.45,1.0000000000000003e-05,,0,True,339.1000061035156
2026-08-27T04:49:56Z,GOOG,2026-09-25,call,200.0,140.13,0.0,0.0,1.0000000000000003e-05,1.0,0,True,339.1000061035156
2026-08-27T04:49:56Z,GOOG,2026-09-25,call,205.0,137.89,0.0,0.0,1.0000000000000003e-05,,0,True,339.1000061035156
2026-08-27T04:49:56Z,GOOG,2026-09-25,call,220.0,122.9,0.0,0.0,1.0000000000000003e-05,1.0,0,True,339.1000061035156
2026-08-27T04:49:56Z,GOOG,2026-09-25,call,225.0,115.92,0.0,0.0,1.0000000000000003e-05,,0,True,339.1000061035156
2026-08-27T04:49:56Z,GOOG,2026-09-25,call,230.0,113.6,0.0,0.0,1.0000000000000003e-05,2.0,0,True,339.1000061035156
2026-08-27T04:49:56Z,GOOG,2026-09-25,call,235.0,107.55,0.0,0.0,1.0000000000000003e-05,11.0,0,True,339.1000061035156
2026-08-27T04:49:56Z,GOOG,2026-09-25,call,255.0,90.0,0.0,0.0,1.0000000000000003e-05,,0,True,339.1000061035156
2026-08-27T04:49:56Z,GOOG,2026-09-25,call,270.0,73.74,0.0,0.0,1.0000000000000003e-05,24.0,0,True,339.1000061035156
2026-08-27T04:49:56Z,GOOG,2026-09-25,call,275.0,68.86,0.0,0.0,1.0000000000000003e-05,24.0,0,True,339.1000061035156
2026-08-27T04:49:56Z,GOOG,2026-09-25,call,280.0,68.77,0.0,0.0,1.0000000000000003e-05,40.0,0,True,339.1000061035156
2026-08-27T04:49:56Z,GOOG,2026-09-25,call,285.0,63.89,0.0,0.0,1.0000000000000003e-05,40.0,0,True,339.1000061035156
2026-08-27T04:49:56Z,GOOG,2026-09-25,call,290.0,50.65,0.0,0.0,1.0000000000000003e-05,50.0,0,True,339.1000061035156
2026-08-27T04:49:56Z,GOOG,2026-09-25,call,295.0,45.77,0.0,0.0,1.0000000000000003e-05,50.0,0,True,339.1000061035156
2026-08-27T04:49:56Z,GOOG,2026-09-25,call,300.0,40.5,0.0,0.0,1.0000000000000003e-05,1.0,0,True,339.1000061035156
2026-08-27T04:49:56Z,GOOG,2026-09-25,call,305.0,44.0,0.0,0.0,1.0000000000000003e-05,2.0,0,True,339.1000061035156
2026-08-27T04:49:56Z,GOOG,2026-09-25,call,310.0,35.74,0.0,0.0,1.0000000000000003e-05,1.0,0,True,339.1000061035156
2026-08-27T04:49:56Z,GOOG,2026-09-25,call,315.0,31.56,0.0,0.0,1.0000000000000003e-05,2.0,0,True,339.1000061035156
2026-08-27T04:49:56Z,GOOG,2026-09-25,call,320.0,23.76,0.0,0.0,1.0000000000000003e-05,29.0,0,True,339.1000061035156
2026-08-27T04:49:56Z,GOOG,2026-09-25,call,325.0,22.85,0.0,0.0,1.0000000000000003e-05,1.0,0,True,339.1000061035156
2026-08-27T04:49:56Z,GOOG,2026-09-25,call,330.0,16.36,0.0,0.0,1.0000000000000003e-05,3.0,0,True,339.1000061035156
2026-08-27T04:49:56Z,GOOG,2026-09-25,call,335.0,13.0,0.0,0.0,1.0000000000000003e-05,10.0,0,True,339.1000061035156
2026-08-27T04:49:56Z,GOOG,2026-09-25,call,340.0,10.8,0.0,0.0,0.00196310546875,135.0,0,False,339.1000061035156
2026-08-27T04:49:56Z,GOOG,2026-09-25,call,345.0,8.55,0.0,0.0,0.015634843750000002,107.0,0,False,339.1000061035156
2026-08-27T04:49:56Z,GOOG,2026-09-25,call,350.0,6.6,0.0,0.0,0.0312596875,78.0,0,False,339.1000061035156
2026-08-27T04:49:56Z,GOOG,2026-09-25,call,355.0,5.05,0.0,0.0,0.0312596875,103.0,0,False,339.1000061035156
2026-08-27T04:49:56Z,GOOG,2026-09-25,call,360.0,3.83,0.0,0.0,0.062509375,141.0,0,False,339.1000061035156
2026-08-27T04:49:56Z,GOOG,2026-09-25,call,365.0,2.8,0.0,0.0,0.062509375,35.0,0,False,339.1000061035156
2026-08-27T04:49:56Z,GOOG,2026-09-25,call,370.0,2.23,0.0,0.0,0.062509375,156.0,0,False,339.1000061035156
2026-08-27T04:49:56Z,GOOG,2026-09-25,call,375.0,1.66,0.0,0.0,0.062509375,23.0,0,False,339.1000061035156
2026-08-27T04:49:56Z,GOOG,2026-09-25,call,380.0,1.37,0.0,0.0,0.062509375,304.0,0,False,339.1000061035156
2026-08-27T04:49:56Z,GOOG,2026-09-25,call,385.0,0.97,0.0,0.0,0.12500875,48.0,0,False,339.1000061035156
2026-08-27T04:49:56Z,GOOG,2026-09-25,call,390.0,0.75,0.0,0.0,0.12500875,108.0,0,False,339.1000061035156
2026-08-27T04:49:56Z,GOOG,2026-09-25,call,395.0,0.59,0.0,0.0,0.12500875,36.0,0,False,339.1000061035156
2026-08-27T04:49:56Z,GOOG,2026-09-25,call,400.0,0.47,0.0,0.0,0.12500875,109.0,0,False,339.1000061035156
2026-08-27T04:49:56Z,GOOG,2026-09-25,call,405.0,0.4,0.0,0.0,0.12500875,2.0,0,False,339.1000061035156
2026-08-27T04:49:56Z,GOOG,2026-09-25,call,410.0,0.35,0.0,0.0,0.12500875,21.0,0,False,339.1000061035156
2026-08-27T04:49:56Z,GOOG,2026-09-25,call,415.0,0.52,0.0,0.0,0.12500875,1.0,0,False,339.1000061035156
2026-08-27T04:49:56Z,GOOG,2026-09-25,call,420.0,0.33,0.0,0.0,0.12500875,1.0,0,False,339.1000061035156
2026-08-27T04:49:56Z,GOOG,2026-09-25,call,425.0,0.25,0.0,0.0,0.12500875,4.0,0,False,339.1000061035156
2026-08-27T04:49:56Z,GOOG,2026-09-25,call,430.0,0.31,0.0,0.0,0.12500875,8.0,0,False,339.1000061035156
2026-08-27T04:49:56Z,GOOG,2026-09-25,call,435.0,0.23,0.0,0.0,0.12500875,1.0,0,False,339.1000061035156
2026-08-27T04:49:56Z,GOOG,2026-09-25,call,440.0,0.22,0.0,0.0,0.2500075,1.0,0,False,339.1000061035156
2026-08-27T04:49:56Z,GOOG,2026-09-25,call,445.0,0.3,0.0,0.0,0.2500075,,0,False,339.1000061035156
2026-08-27T04:49:56Z,GOOG,2026-09-25,call,450.0,0.19,0.0,0.0,0.2500075,2.0,0,False,339.1000061035156
2026-08-27T04:49:56Z,GOOG,2026-09-25,call,455.0,0.13,0.0,0.0,0.2500075,4.0,0,False,339.1000061035156
2026-08-27T04:49:56Z,GOOG,2026-09-25,call,460.0,0.1,0.0,0.0,0.2500075,6.0,0,False,339.1000061035156
2026-08-27T04:49:56Z,GOOG,2026-09-25,call,465.0,0.1,0.0,0.0,0.2500075,8.0,0,False,339.1000061035156
2026-08-27T04:49:56Z,GOOG,2026-09-25,call,470.0,0.16,0.0,0.0,0.2500075,1.0,0,False,339.1000061035156
2026-08-27T04:49:56Z,GOOG,2026-09-25,call,480.0,0.17,0.0,0.0,0.2500075,3.0,0,False,339.1000061035156
2026-08-27T04:49:56Z,GOOG,2026-09-25,put,200.0,0.11,0.0,0.0,0.2500075,5.0,0,False,339.1000061035156
2026-08-27T04:49:56Z,GOOG,2026-09-25,put,205.0,0.09,0.0,0.0,0.2500075,4.0,0,False,339.1000061035156
2026-08-27T04:49:56Z,GOOG,2026-09-25,put,210.0,0.05,0.0,0.0,0.2500075,8.0,0,False,339.1000061035156
2026-08-27T04:49:56Z,GOOG,2026-09-25,put,215.0,0.07,0.0,0.0,0.2500075,7.0,0,False,339.1000061035156
2026-08-27T04:49:56Z,GOOG,2026-09-25,put,220.0,0.08,0.0,0.0,0.2500075,2.0,0,False,339.1000061035156
2026-08-27T04:49:56Z,GOOG,2026-09-25,put,225.0,0.08,0.0,0.0,0.2500075,2.0,0,False,339.1000061035156
2026-08-27T04:49:56Z,GOOG,2026-09-25,put,230.0,0.05,0.0,0.0,0.2500075,2.0,0,False,339.1000061035156
2026-08-27T04:49:56Z,GOOG,2026-09-25,put,235.0,0.09,0.0,0.0,0.2500075,6.0,0,False,339.1000061035156
2026-08-27T04:49:56Z,GOOG,2026-09-25,put,240.0,0.09,0.0,0.0,0.2500075,6.0,0,False,339.1000061035156
2026-08-27T04:49:56Z,GOOG,2026-09-25,put,245.0,0.09,0.0,0.0,0.2500075,14.0,0,False,339.1000061035156
2026-08-27T04:49:56Z,GOOG,2026-09-25,put,250.0,0.1,0.0,0.0,0.2500075,2.0,0,False,339.1000061035156
2026-08-27T04:49:56Z,GOOG,2026-09-25,put,255.0,0.11,0.0,0.0,0.2500075,2.0,0,False,339.1000061035156
2026-08-27T04:49:56Z,GOOG,2026-09-25,put,260.0,0.19,0.0,0.0,0.2500075,3.0,0,False,339.1000061035156
2026-08-27T04:49:56Z,GOOG,2026-09-25,put,265.0,0.19,0.0,0.0,0.12500875,2.0,0,False,339.1000061035156
2026-08-27T04:49:56Z,GOOG,2026-09-25,put,270.0,0.16,0.0,0.0,0.12500875,1.0,0,False,339.1000061035156
2026-08-27T04:49:56Z,GOOG,2026-09-25,put,275.0,0.24,0.0,0.0,0.12500875,2.0,0,False,339.1000061035156
2026-08-27T04:49:56Z,GOOG,2026-09-25,put,280.0,0.27,0.0,0.0,0.12500875,55.0,0,False,339.1000061035156
2026-08-27T04:49:56Z,GOOG,2026-09-25,put,285.0,0.38,0.0,0.0,0.12500875,18.0,0,False,339.1000061035156
2026-08-27T04:49:56Z,GOOG,2026-09-25,put,290.0,0.51,0.0,0.0,0.12500875,17.0,0,False,339.1000061035156
2026-08-27T04:49:56Z,GOOG,2026-09-25,put,295.0,0.72,0.0,0.0,0.12500875,4.0,0,False,339.1000061035156
2026-08-27T04:49:56Z,GOOG,2026-09-25,put,300.0,0.98,0.0,0.0,0.12500875,46.0,0,False,339.1000061035156
2026-08-27T04:49:56Z,GOOG,2026-09-25,put,305.0,1.37,0.0,0.0,0.062509375,70.0,0,False,339.1000061035156
2026-08-27T04:49:56Z,GOOG,2026-09-25,put,310.0,1.74,0.0,0.0,0.062509375,86.0,0,False,339.1000061035156
2026-08-27T04:49:56Z,GOOG,2026-09-25,put,315.0,2.58,0.0,0.0,0.062509375,102.0,0,False,339.1000061035156
2026-08-27T04:49:56Z,GOOG,2026-09-25,put,320.0,3.43,0.0,0.0,0.062509375,189.0,0,False,339.1000061035156
2026-08-27T04:49:56Z,GOOG,2026-09-25,put,325.0,4.75,0.0,0.0,0.0312596875,96.0,0,False,339.1000061035156
2026-08-27T04:49:56Z,GOOG,2026-09-25,put,330.0,6.45,0.0,0.0,0.015634843750000002,57.0,0,False,339.1000061035156
2026-08-27T04:49:56Z,GOOG,2026-09-25,put,335.0,8.52,0.0,0.0,0.007822421875,66.0,0,False,339.1000061035156
2026-08-27T04:49:56Z,GOOG,2026-09-25,put,340.0,11.0,0.0,0.0,1.0000000000000003e-05,60.0,0,True,339.1000061035156
2026-08-27T04:49:56Z,GOOG,2026-09-25,put,345.0,13.59,0.0,0.0,1.0000000000000003e-05,7.0,0,True,339.1000061035156
2026-08-27T04:49:56Z,GOOG,2026-09-25,put,350.0,16.41,0.0,0.0,1.0000000000000003e-05,16.0,0,True,339.1000061035156
2026-08-27T04:49:56Z,GOOG,2026-09-25,put,355.0,20.18,0.0,0.0,1.0000000000000003e-05,3.0,0,True,339.1000061035156
2026-08-27T04:49:56Z,GOOG,2026-09-25,put,360.0,24.27,0.0,0.0,1.0000000000000003e-05,1.0,0,True,339.1000061035156
2026-08-27T04:49:56Z,GOOG,2026-09-25,put,365.0,27.2,0.0,0.0,1.0000000000000003e-05,5.0,0,True,339.1000061035156
2026-08-27T04:49:56Z,GOOG,2026-09-25,put,370.0,27.8,0.0,0.0,1.0000000000000003e-05,3.0,0,True,339.1000061035156
2026-08-27T04:49:56Z,GOOG,2026-09-25,put,375.0,28.12,0.0,0.0,1.0000000000000003e-05,,0,True,339.1000061035156
2026-08-27T04:49:56Z,GOOG,2026-09-25,put,380.0,34.8,0.0,0.0,1.0000000000000003e-05,4.0,0,True,339.1000061035156
2026-08-27T04:49:56Z,GOOG,2026-09-25,put,385.0,35.24,0.0,0.0,1.0000000000000003e-05,,0,True,339.1000061035156
2026-08-27T04:49:56Z,GOOG,2026-09-25,put,390.0,49.51,0.0,0.0,1.0000000000000003e-05,1.0,0,True,339.1000061035156
2026-08-27T04:49:56Z,GOOG,2026-09-25,put,395.0,44.0,0.0,0.0,1.0000000000000003e-05,,0,True,339.1000061035156
2026-08-27T04:49:56Z,GOOG,2026-09-25,put,400.0,59.17,0.0,0.0,1.0000000000000003e-05,1.0,0,True,339.1000061035156
2026-08-27T04:49:56Z,GOOG,2026-09-25,put,450.0,96.95,0.0,0.0,1.0000000000000003e-05,,0,True,339.1000061035156
2026-08-27T04:49:56Z,GOOG,2026-10-02,call,220.0,122.6,0.0,0.0,1.0000000000000003e-05,,0,True,339.1000061035156
2026-08-27T04:49:56Z,GOOG,2026-10-02,call,230.0,111.91,0.0,0.0,1.0000000000000003e-05,,0,True,339.1000061035156
2026-08-27T04:49:56Z,GOOG,2026-10-02,call,260.0,79.85,0.0,0.0,1.0000000000000003e-05,1.0,0,True,339.1000061035156
2026-08-27T04:49:56Z,GOOG,2026-10-02,call,270.0,71.35,0.0,0.0,1.0000000000000003e-05,,0,True,339.1000061035156
2026-08-27T04:49:56Z,GOOG,2026-10-02,call,275.0,65.11,0.0,0.0,1.0000000000000003e-05,5.0,0,True,339.1000061035156
2026-08-27T04:49:56Z,GOOG,2026-10-02,call,290.0,49.78,0.0,0.0,1.0000000000000003e-05,,0,True,339.1000061035156
2026-08-27T04:49:56Z,GOOG,2026-10-02,call,300.0,42.0,0.0,0.0,1.0000000000000003e-05,1.0,0,True,339.1000061035156
2026-08-27T04:49:56Z,GOOG,2026-10-02,call,305.0,38.04,0.0,0.0,1.0000000000000003e-05,1.0,0,True,339.1000061035156
2026-08-27T04:49:56Z,GOOG,2026-10-02,call,310.0,31.81,0.0,0.0,1.0000000000000003e-05,4.0,0,True,339.1000061035156
2026-08-27T04:49:56Z,GOOG,2026-10-02,call,315.0,27.2,0.0,0.0,1.0000000000000003e-05,1.0,0,True,339.1000061035156
2026-08-27T04:49:56Z,GOOG,2026-10-02,call,320.0,23.5,0.0,0.0,1.0000000000000003e-05,4.0,0,True,339.1000061035156
2026-08-27T04:49:56Z,GOOG,2026-10-02,call,325.0,20.83,0.0,0.0,1.0000000000000003e-05,2.0,0,True,339.1000061035156
2026-08-27T04:49:56Z,GOOG,2026-10-02,call,330.0,17.25,0.0,0.0,1.0000000000000003e-05,10.0,0,True,339.1000061035156
2026-08-27T04:49:56Z,GOOG,2026-10-02,call,335.0,14.7,0.0,0.0,1.0000000000000003e-05,13.0,0,True,339.1000061035156
2026-08-27T04:49:56Z,GOOG,2026-10-02,call,340.0,11.95,0.0,0.0,0.00196310546875,74.0,0,False,339.1000061035156
2026-08-27T04:49:56Z,GOOG,2026-10-02,call,345.0,10.15,0.0,0.0,0.015634843750000002,50.0,0,False,339.1000061035156
2026-08-27T04:49:56Z,GOOG,2026-10-02,call,350.0,7.98,0.0,0.0,0.0312596875,87.0,0,False,339.1000061035156
2026-08-27T04:49:56Z,GOOG,2026-10-02,call,355.0,6.31,0.0,0.0,0.0312596875,28.0,0,False,339.1000061035156
2026-08-27T04:49:56Z,GOOG,2026-10-02,call,360.0,5.25,0.0,0.0,0.0312596875,157.0,0,False,339.1000061035156
2026-08-27T04:49:56Z,GOOG,2026-10-02,call,365.0,4.07,0.0,0.0,0.062509375,58.0,0,False,339.1000061035156
2026-08-27T04:49:56Z,GOOG,2026-10-02,call,370.0,3.14,0.0,0.0,0.062509375,27.0,0,False,339.1000061035156
2026-08-27T04:49:56Z,GOOG,2026-10-02,call,375.0,2.35,0.0,0.0,0.062509375,16.0,0,False,339.1000061035156
2026-08-27T04:49:56Z,GOOG,2026-10-02,call,380.0,1.84,0.0,0.0,0.062509375,46.0,0,False,339.1000061035156
2026-08-27T04:49:56Z,GOOG,2026-10-02,call,385.0,1.49,0.0,0.0,0.062509375,25.0,0,False,339.1000061035156
2026-08-27T04:49:56Z,GOOG,2026-10-02,call,390.0,1.18,0.0,0.0,0.12500875,42.0,0,False,339.1000061035156
2026-08-27T04:49:56Z,GOOG,2026-10-02,call,395.0,1.0,0.0,0.0,0.12500875,21.0,0,False,339.1000061035156
2026-08-27T04:49:56Z,GOOG,2026-10-02,call,400.0,0.75,0.0,0.0,0.12500875,9.0,0,False,339.1000061035156
2026-08-27T04:49:56Z,GOOG,2026-10-02,call,405.0,0.5,0.0,0.0,0.12500875,11.0,0,False,339.1000061035156
2026-08-27T04:49:56Z,GOOG,2026-10-02,call,410.0,0.48,0.0,0.0,0.12500875,1.0,0,False,339.1000061035156
2026-08-27T04:49:56Z,GOOG,2026-10-02,call,415.0,0.55,0.0,0.0,0.12500875,11.0,0,False,339.1000061035156
2026-08-27T04:49:56Z,GOOG,2026-10-02,call,420.0,0.61,0.0,0.0,0.12500875,,0,False,339.1000061035156
2026-08-27T04:49:56Z,GOOG,2026-10-02,call,425.0,0.38,0.0,0.0,0.12500875,2.0,0,False,339.1000061035156
2026-08-27T04:49:56Z,GOOG,2026-10-02,call,440.0,0.25,0.0,0.0,0.12500875,7.0,0,False,339.1000061035156
2026-08-27T04:49:56Z,GOOG,2026-10-02,call,450.0,0.18,0.0,0.0,0.12500875,6.0,0,False,339.1000061035156
2026-08-27T04:49:56Z,GOOG,2026-10-02,call,480.0,0.2,0.0,0.0,0.2500075,1.0,0,False,339.1000061035156
2026-08-27T04:49:56Z,GOOG,2026-10-02,put,200.0,0.07,0.0,0.0,0.2500075,6.0,0,False,339.1000061035156
2026-08-27T04:49:56Z,GOOG,2026-10-02,put,205.0,0.05,0.0,0.0,0.2500075,2.0,0,False,339.1000061035156
2026-08-27T04:49:56Z,GOOG,2026-10-02,put,210.0,0.09,0.0,0.0,0.2500075,9.0,0,False,339.1000061035156
2026-08-27T04:49:56Z,GOOG,2026-10-02,put,215.0,0.09,0.0,0.0,0.2500075,2.0,0,False,339.1000061035156
2026-08-27T04:49:56Z,GOOG,2026-10-02,put,220.0,0.09,0.0,0.0,0.2500075,4.0,0,False,339.1000061035156
2026-08-27T04:49:56Z,GOOG,2026-10-02,put,225.0,0.1,0.0,0.0,0.2500075,2.0,0,False,339.1000061035156
2026-08-27T04:49:56Z,GOOG,2026-10-02,put,230.0,0.11,0.0,0.0,0.2500075,4.0,0,False,339.1000061035156
2026-08-27T04:49:56Z,GOOG,2026-10-02,put,235.0,0.1,0.0,0.0,0.2500075,4.0,0,False,339.1000061035156
2026-08-27T04:49:56Z,GOOG,2026-10-02,put,240.0,0.12,0.0,0.0,0.2500075,2.0,0,False,339.1000061035156
2026-08-27T04:49:56Z,GOOG,2026-10-02,put,245.0,0.11,0.0,0.0,0.2500075,2.0,0,False,339.1000061035156
2026-08-27T04:49:56Z,GOOG,2026-10-02,put,250.0,0.12,0.0,0.0,0.2500075,2.0,0,False,339.1000061035156
2026-08-27T04:49:56Z,GOOG,2026-10-02,put,255.0,0.13,0.0,0.0,0.2500075,6.0,0,False,339.1000061035156
2026-08-27T04:49:56Z,GOOG,2026-10-02,put,260.0,0.3,0.0,0.0,0.12500875,4.0,0,False,339.1000061035156
2026-08-27T04:49:56Z,GOOG,2026-10-02,put,265.0,0.27,0.0,0.0,0.12500875,1.0,0,False,339.1000061035156
2026-08-27T04:49:56Z,GOOG,2026-10-02,put,270.0,0.45,0.0,0.0,0.12500875,4.0,0,False,339.1000061035156
2026-08-27T04:49:56Z,GOOG,2026-10-02,put,275.0,0.35,0.0,0.0,0.12500875,3.0,0,False,339.1000061035156
2026-08-27T04:49:56Z,GOOG,2026-10-02,put,280.0,0.42,0.0,0.0,0.12500875,10.0,0,False,339.1000061035156
2026-08-27T04:49:56Z,GOOG,2026-10-02,put,285.0,0.58,0.0,0.0,0.12500875,12.0,0,False,339.1000061035156
2026-08-27T04:49:56Z,GOOG,2026-10-02,put,290.0,0.83,0.0,0.0,0.12500875,11.0,0,False,339.1000061035156
2026-08-27T04:49:56Z,GOOG,2026-10-02,put,295.0,1.05,0.0,0.0,0.12500875,14.0,0,False,339.1000061035156
2026-08-27T04:49:56Z,GOOG,2026-10-02,put,300.0,1.45,0.0,0.0,0.062509375,111.0,0,False,339.1000061035156
2026-08-27T04:49:56Z,GOOG,2026-10-02,put,305.0,1.85,0.0,0.0,0.062509375,38.0,0,False,339.1000061035156
2026-08-27T04:49:56Z,GOOG,2026-10-02,put,310.0,2.61,0.0,0.0,0.062509375,120.0,0,False,339.1000061035156
2026-08-27T04:49:56Z,GOOG,2026-10-02,put,315.0,3.26,0.0,0.0,0.062509375,82.0,0,False,339.1000061035156
2026-08-27T04:49:56Z,GOOG,2026-10-02,put,320.0,4.41,0.0,0.0,0.0312596875,111.0,0,False,339.1000061035156
2026-08-27T04:49:56Z,GOOG,2026-10-02,put,325.0,5.8,0.0,0.0,0.0312596875,50.0,0,False,339.1000061035156
2026-08-27T04:49:56Z,GOOG,2026-10-02,put,330.0,7.61,0.0,0.0,0.015634843750000002,13.0,0,False,339.1000061035156
2026-08-27T04:49:56Z,GOOG,2026-10-02,put,335.0,9.56,0.0,0.0,0.007822421875,18.0,0,False,339.1000061035156
2026-08-27T04:49:56Z,GOOG,2026-10-02,put,340.0,12.3,0.0,0.0,1.0000000000000003e-05,4.0,0,True,339.1000061035156
2026-08-27T04:49:56Z,GOOG,2026-10-02,put,345.0,14.66,0.0,0.0,1.0000000000000003e-05,11.0,0,True,339.1000061035156
2026-08-27T04:49:56Z,GOOG,2026-10-02,put,350.0,17.78,0.0,0.0,1.0000000000000003e-05,14.0,0,True,339.1000061035156
2026-08-27T04:49:56Z,GOOG,2026-10-02,put,355.0,18.63,0.0,0.0,1.0000000000000003e-05,2.0,0,True,339.1000061035156
2026-08-27T04:49:56Z,GOOG,2026-10-02,put,360.0,25.1,0.0,0.0,1.0000000000000003e-05,2.0,0,True,339.1000061035156
2026-08-27T04:49:56Z,GOOG,2026-10-02,put,365.0,24.06,0.0,0.0,1.0000000000000003e-05,1.0,0,True,339.1000061035156
2026-08-27T04:49:56Z,GOOG,2026-10-02,put,370.0,32.79,0.0,0.0,1.0000000000000003e-05,,0,True,339.1000061035156
2026-08-27T04:49:56Z,GOOG,2026-10-02,put,380.0,44.76,0.0,0.0,1.0000000000000003e-05,,0,True,339.1000061035156
2026-08-27T04:49:56Z,GOOG,2026-10-02,put,385.0,43.75,0.0,0.0,1.0000000000000003e-05,,0,True,339.1000061035156
2026-08-27T04:49:56Z,GOOG,2026-10-16,call,155.0,186.65,0.0,0.0,1.0000000000000003e-05,1.0,0,True,339.1000061035156
2026-08-27T04:49:56Z,GOOG,2026-10-16,call,160.0,180.68,0.0,0.0,1.0000000000000003e-05,1.0,0,True,339.1000061035156
2026-08-27T04:49:56Z,GOOG,2026-10-16,call,165.0,236.11,205.85,209.6,2.808047413482666,,1,True,339.1000061035156
2026-08-27T04:49:56Z,GOOG,2026-10-16,call,170.0,172.1,0.0,0.0,1.0000000000000003e-05,5.0,0,True,339.1000061035156
2026-08-27T04:49:56Z,GOOG,2026-10-16,call,175.0,189.2,195.35,199.2,2.617435097045899,4.0,242,True,339.1000061035156
2026-08-27T04:49:56Z,GOOG,2026-10-16,call,180.0,161.99,0.0,0.0,1.0000000000000003e-05,6.0,0,True,339.1000061035156
2026-08-27T04:49:56Z,GOOG,2026-10-16,call,185.0,157.42,0.0,0.0,1.0000000000000003e-05,1.0,0,True,339.1000061035156
2026-08-27T04:49:56Z,GOOG,2026-10-16,call,190.0,149.68,0.0,0.0,1.0000000000000003e-05,4.0,0,True,339.1000061035156
2026-08-27T04:49:56Z,GOOG,2026-10-16,call,195.0,162.75,149.15,152.35,1.2397498950195311,1.0,4,True,339.1000061035156
2026-08-27T04:49:56Z,GOOG,2026-10-16,call,200.0,140.88,0.0,0.0,1.0000000000000003e-05,1.0,0,True,339.1000061035156
2026-08-27T04:49:56Z,GOOG,2026-10-16,call,205.0,135.26,0.0,0.0,1.0000000000000003e-05,1.0,0,True,339.1000061035156
2026-08-27T04:49:56Z,GOOG,2026-10-16,call,210.0,132.56,0.0,0.0,1.0000000000000003e-05,10.0,0,True,339.1000061035156
2026-08-27T04:49:56Z,GOOG,2026-10-16,call,215.0,147.5,0.0,0.0,1.0000000000000003e-05,5.0,0,True,339.1000061035156
2026-08-27T04:49:56Z,GOOG,2026-10-16,call,220.0,124.7,0.0,0.0,1.0000000000000003e-05,2.0,0,True,339.1000061035156
2026-08-27T04:49:56Z,GOOG,2026-10-16,call,225.0,96.67,119.5,123.05,1.0058643457031249,2.0,112,True,339.1000061035156
2026-08-27T04:49:56Z,GOOG,2026-10-16,call,230.0,115.19,0.0,0.0,1.0000000000000003e-05,2.0,0,True,339.1000061035156
2026-08-27T04:49:56Z,GOOG,2026-10-16,call,235.0,104.89,0.0,0.0,1.0000000000000003e-05,2.0,0,True,339.1000061035156
2026-08-27T04:49:56Z,GOOG,2026-10-16,call,240.0,105.02,0.0,0.0,1.0000000000000003e-05,1.0,0,True,339.1000061035156
2026-08-27T04:49:56Z,GOOG,2026-10-16,call,245.0,94.65,0.0,0.0,1.0000000000000003e-05,19.0,0,True,339.1000061035156
2026-08-27T04:49:56Z,GOOG,2026-10-16,call,250.0,93.45,0.0,0.0,1.0000000000000003e-05,1.0,0,True,339.1000061035156
2026-08-27T04:49:56Z,GOOG,2026-10-16,call,255.0,85.02,0.0,0.0,1.0000000000000003e-05,1.0,0,True,339.1000061035156
2026-08-27T04:49:56Z,GOOG,2026-10-16,call,260.0,85.33,0.0,0.0,1.0000000000000003e-05,1.0,0,True,339.1000061035156
2026-08-27T04:49:56Z,GOOG,2026-10-16,call,265.0,79.95,0.0,0.0,1.0000000000000003e-05,1.0,0,True,339.1000061035156
2026-08-27T04:49:56Z,GOOG,2026-10-16,call,270.0,70.0,0.0,0.0,1.0000000000000003e-05,1.0,0,True,339.1000061035156
2026-08-27T04:49:56Z,GOOG,2026-10-16,call,275.0,75.05,0.0,0.0,1.0000000000000003e-05,1.0,0,True,339.1000061035156
2026-08-27T04:49:56Z,GOOG,2026-10-16,call,280.0,61.15,0.0,0.0,1.0000000000000003e-05,3.0,0,True,339.1000061035156
2026-08-27T04:49:56Z,GOOG,2026-10-16,call,285.0,64.2,0.0,0.0,1.0000000000000003e-05,2.0,0,True,339.1000061035156
2026-08-27T04:49:56Z,GOOG,2026-10-16,call,290.0,51.85,0.0,0.0,1.0000000000000003e-05,1.0,0,True,339.1000061035156
2026-08-27T04:49:56Z,GOOG,2026-10-16,call,295.0,46.8,0.0,0.0,1.0000000000000003e-05,5.0,0,True,339.1000061035156
2026-08-27T04:49:56Z,GOOG,2026-10-16,call,300.0,43.5,0.0,0.0,1.0000000000000003e-05,34.0,0,True,339.1000061035156
2026-08-27T04:49:56Z,GOOG,2026-10-16,call,305.0,42.6,0.0,0.0,1.0000000000000003e-05,1.0,0,True,339.1000061035156
2026-08-27T04:49:56Z,GOOG,2026-10-16,call,310.0,35.15,0.0,0.0,1.0000000000000003e-05,5.0,0,True,339.1000061035156
2026-08-27T04:49:56Z,GOOG,2026-10-16,call,315.0,30.4,0.0,0.0,1.0000000000000003e-05,2.0,0,True,339.1000061035156
2026-08-27T04:49:56Z,GOOG,2026-10-16,call,320.0,27.0,0.0,0.0,1.0000000000000003e-05,30.0,0,True,339.1000061035156
2026-08-27T04:49:56Z,GOOG,2026-10-16,call,325.0,23.46,0.0,0.0,1.0000000000000003e-05,4.0,0,True,339.1000061035156
2026-08-27T04:49:56Z,GOOG,2026-10-16,call,330.0,20.66,0.0,0.0,1.0000000000000003e-05,53.0,0,True,339.1000061035156
2026-08-27T04:49:56Z,GOOG,2026-10-16,call,335.0,17.43,0.0,0.0,1.0000000000000003e-05,37.0,0,True,339.1000061035156
2026-08-27T04:49:56Z,GOOG,2026-10-16,call,340.0,15.0,0.0,0.0,0.00196310546875,2832.0,0,False,339.1000061035156
2026-08-27T04:49:56Z,GOOG,2026-10-16,call,345.0,12.94,0.0,0.0,0.015634843750000002,4960.0,0,False,339.1000061035156
2026-08-27T04:49:56Z,GOOG,2026-10-16,call,350.0,10.68,0.0,0.0,0.015634843750000002,428.0,0,False,339.1000061035156
2026-08-27T04:49:56Z,GOOG,2026-10-16,call,355.0,9.0,0.0,0.0,0.0312596875,69.0,0,False,339.1000061035156
2026-08-27T04:49:56Z,GOOG,2026-10-16,call,360.0,7.4,0.0,0.0,0.0312596875,449.0,0,False,339.1000061035156
2026-08-27T04:49:56Z,GOOG,2026-10-16,call,365.0,6.1,0.0,0.0,0.0312596875,206.0,0,False,339.1000061035156
2026-08-27T04:49:56Z,GOOG,2026-10-16,call,370.0,5.05,0.0,0.0,0.062509375,151.0,0,False,339.1000061035156
2026-08-27T04:49:56Z,GOOG,2026-10-16,call,375.0,4.15,0.0,0.0,0.062509375,3960.0,0,False,339.1000061035156
2026-08-27T04:49:56Z,GOOG,2026-10-16,call,380.0,3.4,0.0,0.0,0.062509375,297.0,0,False,339.1000061035156
2026-08-27T04:49:56Z,GOOG,2026-10-16,call,385.0,2.76,0.0,0.0,0.062509375,68.0,0,False,339.1000061035156
2026-08-27T04:49:56Z,GOOG,2026-10-16,call,390.0,2.31,0.0,0.0,0.062509375,498.0,0,False,339.1000061035156
2026-08-27T04:49:56Z,GOOG,2026-10-16,call,395.0,1.85,0.0,0.0,0.062509375,158.0,0,False,339.1000061035156
2026-08-27T04:49:56Z,GOOG,2026-10-16,call,400.0,1.58,0.0,0.0,0.12500875,660.0,0,False,339.1000061035156
2026-08-27T04:49:56Z,GOOG,2026-10-16,call,405.0,1.4,0.0,0.0,0.12500875,2115.0,0,False,339.1000061035156
2026-08-27T04:49:56Z,GOOG,2026-10-16,call,410.0,1.13,0.0,0.0,0.12500875,99.0,0,False,339.1000061035156
2026-08-27T04:49:56Z,GOOG,2026-10-16,call,415.0,0.93,0.0,0.0,0.12500875,29.0,0,False,339.1000061035156
2026-08-27T04:49:56Z,GOOG,2026-10-16,call,420.0,0.74,0.0,0.0,0.12500875,4.0,0,False,339.1000061035156
2026-08-27T04:49:56Z,GOOG,2026-10-16,call,425.0,0.65,0.0,0.0,0.12500875,15.0,0,False,339.1000061035156
2026-08-27T04:49:56Z,GOOG,2026-10-16,call,430.0,0.55,0.0,0.0,0.12500875,4.0,0,False,339.1000061035156
2026-08-27T04:49:56Z,GOOG,2026-10-16,call,435.0,0.56,0.0,0.0,0.12500875,11.0,0,False,339.1000061035156
2026-08-27T04:49:56Z,GOOG,2026-10-16,call,440.0,0.49,0.0,0.0,0.12500875,1.0,0,False,339.1000061035156
2026-08-27T04:49:56Z,GOOG,2026-10-16,call,445.0,0.38,0.0,0.0,0.12500875,7.0,0,False,339.1000061035156
2026-08-27T04:49:56Z,GOOG,2026-10-16,call,450.0,0.36,0.0,0.0,0.12500875,25.0,0,False,339.1000061035156
2026-08-27T04:49:56Z,GOOG,2026-10-16,call,460.0,0.26,0.0,0.0,0.12500875,43.0,0,False,339.1000061035156
2026-08-27T04:49:56Z,GOOG,2026-10-16,call,470.0,0.12,0.0,0.0,0.12500875,5.0,0,False,339.1000061035156
2026-08-27T04:49:56Z,GOOG,2026-10-16,call,480.0,0.21,0.0,0.0,0.2500075,3.0,0,False,339.1000061035156
2026-08-27T04:49:56Z,GOOG,2026-10-16,call,490.0,0.17,0.0,0.0,0.2500075,2.0,0,False,339.1000061035156
2026-08-27T04:49:56Z,GOOG,2026-10-16,call,500.0,0.16,0.0,0.0,0.2500075,3.0,0,False,339.1000061035156
2026-08-27T04:49:56Z,GOOG,2026-10-16,call,520.0,0.15,0.0,0.0,0.2500075,2.0,0,False,339.1000061035156
2026-08-27T04:49:56Z,GOOG,2026-10-16,call,540.0,0.07,0.0,0.0,0.2500075,6.0,0,False,339.1000061035156
2026-08-27T04:49:56Z,GOOG,2026-10-16,call,560.0,0.14,0.0,0.0,0.2500075,2.0,0,False,339.1000061035156
2026-08-27T04:49:56Z,GOOG,2026-10-16,call,580.0,0.01,0.0,0.0,0.2500075,5.0,0,False,339.1000061035156
2026-08-27T04:49:56Z,GOOG,2026-10-16,put,155.0,0.03,0.0,0.0,0.500005,39.0,0,False,339.1000061035156
2026-08-27T04:49:56Z,GOOG,2026-10-16,put,160.0,0.03,0.0,0.0,0.500005,40.0,0,False,339.1000061035156
2026-08-27T04:49:56Z,GOOG,2026-10-16,put,165.0,0.06,0.0,0.0,0.500005,2.0,0,False,339.1000061035156
2026-08-27T04:49:56Z,GOOG,2026-10-16,put,170.0,0.05,0.0,0.0,0.2500075,1.0,0,False,339.1000061035156
2026-08-27T04:49:56Z,GOOG,2026-10-16,put,175.0,0.03,0.0,0.0,0.2500075,6.0,0,False,339.1000061035156
2026-08-27T04:49:56Z,GOOG,2026-10-16,put,180.0,0.05,0.0,0.0,0.2500075,2.0,0,False,339.1000061035156
2026-08-27T04:49:56Z,GOOG,2026-10-16,put,185.0,0.06,0.0,0.0,0.2500075,2.0,0,False,339.1000061035156
2026-08-27T04:49:56Z,GOOG,2026-10-16,put,190.0,0.07,0.0,0.0,0.2500075,2.0,0,False,339.1000061035156
2026-08-27T04:49:56Z,GOOG,2026-10-16,put,195.0,0.07,0.0,0.0,0.2500075,7.0,0,False,339.1000061035156
2026-08-27T04:49:56Z,GOOG,2026-10-16,put,200.0,0.06,0.0,0.0,0.2500075,8.0,0,False,339.1000061035156
2026-08-27T04:49:56Z,GOOG,2026-10-16,put,205.0,0.07,0.0,0.0,0.2500075,4.0,0,False,339.1000061035156
2026-08-27T04:49:56Z,GOOG,2026-10-16,put,210.0,0.08,0.0,0.0,0.2500075,4.0,0,False,339.1000061035156
2026-08-27T04:49:56Z,GOOG,2026-10-16,put,215.0,0.09,0.0,0.0,0.2500075,6.0,0,False,339.1000061035156
2026-08-27T04:49:56Z,GOOG,2026-10-16,put,220.0,0.14,0.0,0.0,0.2500075,2.0,0,False,339.1000061035156
2026-08-27T04:49:56Z,GOOG,2026-10-16,put,225.0,0.11,0.0,0.0,0.2500075,7.0,0,False,339.1000061035156
2026-08-27T04:49:56Z,GOOG,2026-10-16,put,230.0,0.17,0.0,0.0,0.2500075,1.0,0,False,339.1000061035156
2026-08-27T04:49:56Z,GOOG,2026-10-16,put,235.0,0.13,0.0,0.0,0.2500075,1.0,0,False,339.1000061035156
2026-08-27T04:49:56Z,GOOG,2026-10-16,put,240.0,0.21,0.0,0.0,0.2500075,1.0,0,False,339.1000061035156
2026-08-27T04:49:56Z,GOOG,2026-10-16,put,245.0,0.22,0.0,0.0,0.12500875,2.0,0,False,339.1000061035156
2026-08-27T04:49:56Z,GOOG,2026-10-16,put,250.0,0.26,0.0,0.0,0.12500875,501.0,0,False,339.1000061035156
2026-08-27T04:49:56Z,GOOG,2026-10-16,put,255.0,0.28,0.0,0.0,0.12500875,37.0,0,False,339.1000061035156
2026-08-27T04:49:56Z,GOOG,2026-10-16,put,260.0,0.4,0.0,0.0,0.12500875,3.0,0,False,339.1000061035156
2026-08-27T04:49:56Z,GOOG,2026-10-16,put,265.0,0.52,0.0,0.0,0.12500875,6.0,0,False,339.1000061035156
2026-08-27T04:49:56Z,GOOG,2026-10-16,put,270.0,0.57,0.0,0.0,0.12500875,1.0,0,False,339.1000061035156
2026-08-27T04:49:56Z,GOOG,2026-10-16,put,275.0,0.71,0.0,0.0,0.12500875,24.0,0,False,339.1000061035156
2026-08-27T04:49:56Z,GOOG,2026-10-16,put,280.0,0.93,0.0,0.0,0.12500875,54.0,0,False,339.1000061035156
2026-08-27T04:49:56Z,GOOG,2026-10-16,put,285.0,1.17,0.0,0.0,0.12500875,15.0,0,False,339.1000061035156
2026-08-27T04:49:56Z,GOOG,2026-10-16,put,290.0,1.52,0.0,0.0,0.062509375,113.0,0,False,339.1000061035156
2026-08-27T04:49:56Z,GOOG,2026-10-16,put,295.0,1.99,0.0,0.0,0.062509375,2065.0,0,False,339.1000061035156
2026-08-27T04:49:56Z,GOOG,2026-10-16,put,300.0,2.45,0.0,0.0,0.062509375,118.0,0,False,339.1000061035156
2026-08-27T04:49:56Z,GOOG,2026-10-16,put,305.0,3.25,0.0,0.0,0.062509375,182.0,0,False,339.1000061035156
2026-08-27T04:49:56Z,GOOG,2026-10-16,put,310.0,4.1,0.0,0.0,0.062509375,224.0,0,False,339.1000061035156
2026-08-27T04:49:56Z,GOOG,2026-10-16,put,315.0,5.07,0.0,0.0,0.0312596875,75.0,0,False,339.1000061035156
2026-08-27T04:49:56Z,GOOG,2026-10-16,put,320.0,6.41,0.0,0.0,0.0312596875,234.0,0,False,339.1000061035156
2026-08-27T04:49:56Z,GOOG,2026-10-16,put,325.0,7.85,0.0,0.0,0.0312596875,97.0,0,False,339.1000061035156
2026-08-27T04:49:56Z,GOOG,2026-10-16,put,330.0,9.9,0.0,0.0,0.015634843750000002,156.0,0,False,339.1000061035156
2026-08-27T04:49:56Z,GOOG,2026-10-16,put,335.0,11.78,0.0,0.0,0.007822421875,96.0,0,False,339.1000061035156
2026-08-27T04:49:56Z,GOOG,2026-10-16,put,340.0,14.59,0.0,0.0,1.0000000000000003e-05,1551.0,0,True,339.1000061035156
2026-08-27T04:49:56Z,GOOG,2026-10-16,put,345.0,17.2,0.0,0.0,1.0000000000000003e-05,10.0,0,True,339.1000061035156
2026-08-27T04:49:56Z,GOOG,2026-10-16,put,350.0,20.05,0.0,0.0,1.0000000000000003e-05,21.0,0,True,339.1000061035156
2026-08-27T04:49:56Z,GOOG,2026-10-16,put,355.0,23.42,0.0,0.0,1.0000000000000003e-05,1.0,0,True,339.1000061035156
2026-08-27T04:49:56Z,GOOG,2026-10-16,put,360.0,26.95,0.0,0.0,1.0000000000000003e-05,6.0,0,True,339.1000061035156
2026-08-27T04:49:56Z,GOOG,2026-10-16,put,365.0,30.45,0.0,0.0,1.0000000000000003e-05,7.0,0,True,339.1000061035156
2026-08-27T04:49:56Z,GOOG,2026-10-16,put,370.0,33.93,0.0,0.0,1.0000000000000003e-05,6.0,0,True,339.1000061035156
2026-08-27T04:49:56Z,GOOG,2026-10-16,put,375.0,36.28,0.0,0.0,1.0000000000000003e-05,5.0,0,True,339.1000061035156
2026-08-27T04:49:56Z,GOOG,2026-10-16,put,380.0,39.76,0.0,0.0,1.0000000000000003e-05,6.0,0,True,339.1000061035156
2026-08-27T04:49:56Z,GOOG,2026-10-16,put,385.0,44.42,0.0,0.0,1.0000000000000003e-05,20.0,0,True,339.1000061035156
2026-08-27T04:49:56Z,GOOG,2026-10-16,put,390.0,53.15,0.0,0.0,1.0000000000000003e-05,60.0,0,True,339.1000061035156
2026-08-27T04:49:56Z,GOOG,2026-10-16,put,395.0,57.73,0.0,0.0,1.0000000000000003e-05,60.0,0,True,339.1000061035156
2026-08-27T04:49:56Z,GOOG,2026-10-16,put,400.0,61.9,0.0,0.0,1.0000000000000003e-05,2.0,0,True,339.1000061035156
2026-08-27T04:49:56Z,GOOG,2026-10-16,put,405.0,62.0,0.0,0.0,1.0000000000000003e-05,10.0,0,True,339.1000061035156
2026-08-27T04:49:56Z,GOOG,2026-10-16,put,410.0,71.18,0.0,0.0,1.0000000000000003e-05,4.0,0,True,339.1000061035156
2026-08-27T04:49:56Z,GOOG,2026-10-16,put,415.0,71.75,0.0,0.0,1.0000000000000003e-05,2.0,0,True,339.1000061035156
2026-08-27T04:49:56Z,GOOG,2026-10-16,put,420.0,80.53,0.0,0.0,1.0000000000000003e-05,8.0,0,True,339.1000061035156
2026-08-27T04:49:56Z,GOOG,2026-10-16,put,425.0,85.52,0.0,0.0,1.0000000000000003e-05,4.0,0,True,339.1000061035156
2026-08-27T04:49:56Z,GOOG,2026-10-16,put,430.0,87.6,83.4,87.1,1.0000000000000003e-05,20.0,0,True,339.1000061035156
2026-08-27T04:49:56Z,GOOG,2026-10-16,put,435.0,95.91,0.0,0.0,1.0000000000000003e-05,1.0,0,True,339.1000061035156
2026-08-27T04:49:56Z,GOOG,2026-10-16,put,440.0,97.48,0.0,0.0,1.0000000000000003e-05,1.0,0,True,339.1000061035156
2026-08-27T04:49:56Z,GOOG,2026-10-16,put,445.0,70.7,0.0,0.0,1.0000000000000003e-05,,0,True,339.1000061035156
2026-08-27T04:49:56Z,GOOG,2026-10-16,put,450.0,89.79,0.0,0.0,1.0000000000000003e-05,4.0,0,True,339.1000061035156
2026-08-27T04:49:56Z,GOOG,2026-10-16,put,460.0,81.95,99.8,102.4,1.0000000000000003e-05,,1,True,339.1000061035156
2026-08-27T04:49:56Z,GOOG,2026-10-16,put,470.0,88.31,100.75,102.5,1.0000000000000003e-05,,3,True,339.1000061035156
2026-08-27T04:49:56Z,GOOG,2026-10-16,put,520.0,136.45,157.2,160.55,1.0000000000000003e-05,,1,True,339.1000061035156
2026-08-27T04:49:56Z,GOOG,2026-10-16,put,540.0,184.75,193.4,197.05,1.0000000000000003e-05,,0,True,339.1000061035156
2026-08-27T04:49:56Z,GOOG,2026-10-16,put,560.0,205.0,213.35,216.3,1.0000000000000003e-05,,0,True,339.1000061035156
2026-08-27T04:49:56Z,GOOG,2026-11-20,call,200.0,144.03,0.0,0.0,1.0000000000000003e-05,9.0,0,True,339.1000061035156
2026-08-27T04:49:56Z,GOOG,2026-11-20,call,210.0,134.43,0.0,0.0,1.0000000000000003e-05,2.0,0,True,339.1000061035156
2026-08-27T04:49:56Z,GOOG,2026-11-20,call,220.0,125.0,0.0,0.0,1.0000000000000003e-05,1.0,0,True,339.1000061035156
2026-08-27T04:49:56Z,GOOG,2026-11-20,call,230.0,110.62,0.0,0.0,1.0000000000000003e-05,3.0,0,True,339.1000061035156
2026-08-27T04:49:56Z,GOOG,2026-11-20,call,240.0,101.9,0.0,0.0,1.0000000000000003e-05,3.0,0,True,339.1000061035156
2026-08-27T04:49:56Z,GOOG,2026-11-20,call,250.0,93.55,0.0,0.0,1.0000000000000003e-05,1.0,0,True,339.1000061035156
2026-08-27T04:49:56Z,GOOG,2026-11-20,call,260.0,90.75,0.0,0.0,1.0000000000000003e-05,1.0,0,True,339.1000061035156
2026-08-27T04:49:56Z,GOOG,2026-11-20,call,270.0,78.5,0.0,0.0,1.0000000000000003e-05,1.0,0,True,339.1000061035156
2026-08-27T04:49:56Z,GOOG,2026-11-20,call,280.0,65.22,0.0,0.0,1.0000000000000003e-05,1.0,0,True,339.1000061035156
2026-08-27T04:49:56Z,GOOG,2026-11-20,call,290.0,56.27,0.0,0.0,1.0000000000000003e-05,2.0,0,True,339.1000061035156
2026-08-27T04:49:56Z,GOOG,2026-11-20,call,295.0,52.16,0.0,0.0,1.0000000000000003e-05,12.0,0,True,339.1000061035156
2026-08-27T04:49:56Z,GOOG,2026-11-20,call,300.0,49.0,0.0,0.0,1.0000000000000003e-05,11.0,0,True,339.1000061035156
2026-08-27T04:49:56Z,GOOG,2026-11-20,call,305.0,45.48,0.0,0.0,1.0000000000000003e-05,11.0,0,True,339.1000061035156
2026-08-27T04:49:56Z,GOOG,2026-11-20,call,310.0,40.0,0.0,0.0,1.0000000000000003e-05,29.0,0,True,339.1000061035156
2026-08-27T04:49:56Z,GOOG,2026-11-20,call,315.0,36.66,0.0,0.0,1.0000000000000003e-05,1.0,0,True,339.1000061035156
2026-08-27T04:49:56Z,GOOG,2026-11-20,call,320.0,34.2,0.0,0.0,1.0000000000000003e-05,14.0,0,True,339.1000061035156
2026-08-27T04:49:56Z,GOOG,2026-11-20,call,325.0,31.3,0.0,0.0,1.0000000000000003e-05,7.0,0,True,339.1000061035156
2026-08-27T04:49:56Z,GOOG,2026-11-20,call,330.0,28.3,0.0,0.0,1.0000000000000003e-05,14.0,0,True,339.1000061035156
2026-08-27T04:49:56Z,GOOG,2026-11-20,call,335.0,24.97,0.0,0.0,1.0000000000000003e-05,31.0,0,True,339.1000061035156
2026-08-27T04:49:56Z,GOOG,2026-11-20,call,340.0,22.97,0.0,0.0,0.00196310546875,206.0,0,False,339.1000061035156
2026-08-27T04:49:56Z,GOOG,2026-11-20,call,345.0,21.15,0.0,0.0,0.007822421875,22.0,0,False,339.1000061035156
2026-08-27T04:49:56Z,GOOG,2026-11-20,call,350.0,18.32,0.0,0.0,0.015634843750000002,46.0,0,False,339.1000061035156
2026-08-27T04:49:56Z,GOOG,2026-11-20,call,355.0,16.39,0.0,0.0,0.015634843750000002,14.0,0,False,339.1000061035156
2026-08-27T04:49:56Z,GOOG,2026-11-20,call,360.0,14.66,0.0,0.0,0.0312596875,86.0,0,False,339.1000061035156
2026-08-27T04:49:56Z,GOOG,2026-11-20,call,365.0,13.0,0.0,0.0,0.0312596875,15.0,0,False,339.1000061035156
2026-08-27T04:49:56Z,GOOG,2026-11-20,call,370.0,11.4,0.0,0.0,0.0312596875,41.0,0,False,339.1000061035156
2026-08-27T04:49:56Z,GOOG,2026-11-20,call,375.0,10.1,0.0,0.0,0.0312596875,30.0,0,False,339.1000061035156
2026-08-27T04:49:56Z,GOOG,2026-11-20,call,380.0,8.7,0.0,0.0,0.062509375,366.0,0,False,339.1000061035156
2026-08-27T04:49:56Z,GOOG,2026-11-20,call,385.0,7.9,0.0,0.0,0.062509375,42.0,0,False,339.1000061035156
2026-08-27T04:49:56Z,GOOG,2026-11-20,call,390.0,7.0,0.0,0.0,0.062509375,37.0,0,False,339.1000061035156
2026-08-27T04:49:56Z,GOOG,2026-11-20,call,400.0,5.4,0.0,0.0,0.062509375,369.0,0,False,339.1000061035156
2026-08-27T04:49:56Z,GOOG,2026-11-20,call,410.0,4.1,0.0,0.0,0.062509375,24.0,0,False,339.1000061035156
2026-08-27T04:49:56Z,GOOG,2026-11-20,call,420.0,3.3,0.0,0.0,0.062509375,82.0,0,False,339.1000061035156
2026-08-27T04:49:56Z,GOOG,2026-11-20,call,430.0,2.56,0.0,0.0,0.12500875,22.0,0,False,339.1000061035156
2026-08-27T04:49:56Z,GOOG,2026-11-20,call,440.0,2.0,0.0,0.0,0.12500875,21.0,0,False,339.1000061035156
2026-08-27T04:49:56Z,GOOG,2026-11-20,call,450.0,1.5,0.0,0.0,0.12500875,40.0,0,False,339.1000061035156
2026-08-27T04:49:56Z,GOOG,2026-11-20,call,460.0,1.48,0.0,0.0,0.12500875,10.0,0,False,339.1000061035156
2026-08-27T04:49:56Z,GOOG,2026-11-20,call,470.0,1.17,0.0,0.0,0.12500875,8.0,0,False,339.1000061035156
2026-08-27T04:49:56Z,GOOG,2026-11-20,call,480.0,0.88,0.0,0.0,0.12500875,1.0,0,False,339.1000061035156
2026-08-27T04:49:56Z,GOOG,2026-11-20,call,490.0,0.46,0.0,0.0,0.12500875,1.0,0,False,339.1000061035156
2026-08-27T04:49:56Z,GOOG,2026-11-20,call,500.0,0.5,0.0,0.0,0.12500875,1.0,0,False,339.1000061035156
2026-08-27T04:49:56Z,GOOG,2026-11-20,call,510.0,0.35,0.0,0.0,0.12500875,2.0,0,False,339.1000061035156
2026-08-27T04:49:56Z,GOOG,2026-11-20,call,520.0,0.36,0.0,0.0,0.12500875,1.0,0,False,339.1000061035156
2026-08-27T04:49:56Z,GOOG,2026-11-20,call,530.0,0.41,0.0,0.0,0.12500875,1.0,0,False,339.1000061035156
2026-08-27T04:49:56Z,GOOG,2026-11-20,call,540.0,0.55,0.0,0.0,0.2500075,1.0,0,False,339.1000061035156
2026-08-27T04:49:56Z,GOOG,2026-11-20,call,550.0,0.22,0.0,0.0,0.2500075,1.0,0,False,339.1000061035156
2026-08-27T04:49:56Z,GOOG,2026-11-20,call,560.0,0.29,0.0,0.0,0.2500075,1.0,0,False,339.1000061035156
2026-08-27T04:49:56Z,GOOG,2026-11-20,call,570.0,0.15,0.0,0.0,0.2500075,2.0,0,False,339.1000061035156
2026-08-27T04:49:56Z,GOOG,2026-11-20,call,580.0,0.46,0.0,0.0,0.2500075,2.0,0,False,339.1000061035156
2026-08-27T04:49:56Z,GOOG,2026-11-20,call,590.0,0.14,0.0,0.0,0.2500075,12.0,0,False,339.1000061035156
2026-08-27T04:49:56Z,GOOG,2026-11-20,put,200.0,0.16,0.0,0.0,0.2500075,3.0,0,False,339.1000061035156
2026-08-27T04:49:56Z,GOOG,2026-11-20,put,210.0,0.25,0.0,0.0,0.2500075,2.0,0,False,339.1000061035156
2026-08-27T04:49:56Z,GOOG,2026-11-20,put,220.0,0.34,0.0,0.0,0.12500875,2.0,0,False,339.1000061035156
2026-08-27T04:49:56Z,GOOG,2026-11-20,put,230.0,0.45,0.0,0.0,0.12500875,24.0,0,False,339.1000061035156
2026-08-27T04:49:56Z,GOOG,2026-11-20,put,240.0,0.66,0.0,0.0,0.12500875,26.0,0,False,339.1000061035156
2026-08-27T04:49:56Z,GOOG,2026-11-20,put,250.0,0.98,0.0,0.0,0.12500875,2.0,0,False,339.1000061035156
2026-08-27T04:49:56Z,GOOG,2026-11-20,put,260.0,1.47,0.0,0.0,0.12500875,56.0,0,False,339.1000061035156
2026-08-27T04:49:56Z,GOOG,2026-11-20,put,270.0,2.17,0.0,0.0,0.12500875,15.0,0,False,339.1000061035156
2026-08-27T04:49:56Z,GOOG,2026-11-20,put,280.0,3.15,0.0,0.0,0.062509375,380.0,0,False,339.1000061035156
2026-08-27T04:49:56Z,GOOG,2026-11-20,put,290.0,4.47,0.0,0.0,0.062509375,256.0,0,False,339.1000061035156
2026-08-27T04:49:56Z,GOOG,2026-11-20,put,295.0,5.5,0.0,0.0,0.062509375,10.0,0,False,339.1000061035156
2026-08-27T04:49:56Z,GOOG,2026-11-20,put,300.0,6.3,0.0,0.0,0.062509375,145.0,0,False,339.1000061035156
2026-08-27T04:49:56Z,GOOG,2026-11-20,put,305.0,7.55,0.0,0.0,0.062509375,55.0,0,False,339.1000061035156
2026-08-27T04:49:56Z,GOOG,2026-11-20,put,310.0,8.9,0.0,0.0,0.0312596875,69.0,0,False,339.1000061035156
2026-08-27T04:49:56Z,GOOG,2026-11-20,put,315.0,10.36,0.0,0.0,0.0312596875,54.0,0,False,339.1000061035156
2026-08-27T04:49:56Z,GOOG,2026-11-20,put,320.0,11.85,0.0,0.0,0.0312596875,336.0,0,False,339.1000061035156
2026-08-27T04:49:56Z,GOOG,2026-11-20,put,325.0,14.0,0.0,0.0,0.015634843750000002,177.0,0,False,339.1000061035156
2026-08-27T04:49:56Z,GOOG,2026-11-20,put,330.0,15.86,0.0,0.0,0.015634843750000002,116.0,0,False,339.1000061035156
2026-08-27T04:49:56Z,GOOG,2026-11-20,put,335.0,18.44,0.0,0.0,0.007822421875,45.0,0,False,339.1000061035156
2026-08-27T04:49:56Z,GOOG,2026-11-20,put,340.0,20.85,0.0,0.0,1.0000000000000003e-05,22.0,0,True,339.1000061035156
2026-08-27T04:49:56Z,GOOG,2026-11-20,put,345.0,23.5,0.0,0.0,1.0000000000000003e-05,5.0,0,True,339.1000061035156
2026-08-27T04:49:56Z,GOOG,2026-11-20,put,350.0,26.05,0.0,0.0,1.0000000000000003e-05,105.0,0,True,339.1000061035156
2026-08-27T04:49:56Z,GOOG,2026-11-20,put,355.0,26.51,0.0,0.0,1.0000000000000003e-05,6.0,0,True,339.1000061035156
2026-08-27T04:49:56Z,GOOG,2026-11-20,put,360.0,32.46,0.0,0.0,1.0000000000000003e-05,4.0,0,True,339.1000061035156
2026-08-27T04:49:56Z,GOOG,2026-11-20,put,370.0,39.5,0.0,0.0,1.0000000000000003e-05,6.0,0,True,339.1000061035156
2026-08-27T04:49:56Z,GOOG,2026-11-20,put,375.0,41.37,0.0,0.0,1.0000000000000003e-05,3.0,0,True,339.1000061035156
2026-08-27T04:49:56Z,GOOG,2026-11-20,put,380.0,47.79,0.0,0.0,1.0000000000000003e-05,14.0,0,True,339.1000061035156
2026-08-27T04:49:56Z,GOOG,2026-11-20,put,385.0,50.78,0.0,0.0,1.0000000000000003e-05,7.0,0,True,339.1000061035156
2026-08-27T04:49:56Z,GOOG,2026-11-20,put,390.0,50.39,0.0,0.0,1.0000000000000003e-05,2.0,0,True,339.1000061035156
2026-08-27T04:49:56Z,GOOG,2026-11-20,put,400.0,63.55,0.0,0.0,1.0000000000000003e-05,97.0,0,True,339.1000061035156
2026-08-27T04:49:56Z,GOOG,2026-11-20,put,410.0,70.65,0.0,0.0,1.0000000000000003e-05,12.0,0,True,339.1000061035156
2026-08-27T04:49:56Z,GOOG,2026-11-20,put,420.0,78.95,0.0,0.0,1.0000000000000003e-05,2.0,0,True,339.1000061035156
2026-08-27T04:49:56Z,GOOG,2026-11-20,put,430.0,87.85,0.0,0.0,1.0000000000000003e-05,4.0,0,True,339.1000061035156
2026-08-27T04:49:56Z,GOOG,2026-11-20,put,440.0,94.91,0.0,0.0,1.0000000000000003e-05,1.0,0,True,339.1000061035156
2026-08-27T04:49:56Z,GOOG,2026-11-20,put,450.0,107.79,0.0,0.0,1.0000000000000003e-05,2.0,0,True,339.1000061035156
2026-08-27T04:49:56Z,GOOG,2026-11-20,put,540.0,189.8,193.2,197.0,1.0000000000000003e-05,,0,True,339.1000061035156
2026-08-27T04:49:56Z,GOOG,2026-12-18,call,75.0,263.45,0.0,0.0,1.0000000000000003e-05,50.0,0,True,339.1000061035156
2026-08-27T04:49:56Z,GOOG,2026-12-18,call,80.0,292.23,264.15,267.65,1.9356692669677735,3.0,139,True,339.1000061035156
2026-08-27T04:49:56Z,GOOG,2026-12-18,call,85.0,279.32,0.0,0.0,1.0000000000000003e-05,1.0,0,True,339.1000061035156
2026-08-27T04:49:56Z,GOOG,2026-12-18,call,90.0,254.0,0.0,0.0,1.0000000000000003e-05,1.0,0,True,339.1000061035156
2026-08-27T04:49:56Z,GOOG,2026-12-18,call,95.0,235.0,0.0,0.0,1.0000000000000003e-05,1.0,0,True,339.1000061035156
2026-08-27T04:49:56Z,GOOG,2026-12-18,call,100.0,242.88,0.0,0.0,1.0000000000000003e-05,1.0,0,True,339.1000061035156
2026-08-27T04:49:56Z,GOOG,2026-12-18,call,105.0,250.77,239.55,243.0,1.610475580444336,2.0,52,True,339.1000061035156
2026-08-27T04:49:56Z,GOOG,2026-12-18,call,110.0,240.5,0.0,0.0,1.0000000000000003e-05,1.0,0,True,339.1000061035156
2026-08-27T04:49:56Z,GOOG,2026-12-18,call,115.0,240.21,0.0,0.0,1.0000000000000003e-05,1.0,0,True,339.1000061035156
2026-08-27T04:49:56Z,GOOG,2026-12-18,call,120.0,223.07,0.0,0.0,1.0000000000000003e-05,1.0,0,True,339.1000061035156
2026-08-27T04:49:56Z,GOOG,2026-12-18,call,125.0,216.95,0.0,0.0,1.0000000000000003e-05,1.0,0,True,339.1000061035156
2026-08-27T04:49:56Z,GOOG,2026-12-18,call,130.0,213.16,0.0,0.0,1.0000000000000003e-05,1.0,0,True,339.1000061035156
2026-08-27T04:49:56Z,GOOG,2026-12-18,call,135.0,209.63,0.0,0.0,1.0000000000000003e-05,1.0,0,True,339.1000061035156
2026-08-27T04:49:56Z,GOOG,2026-12-18,call,140.0,203.92,0.0,0.0,1.0000000000000003e-05,1.0,0,True,339.1000061035156
2026-08-27T04:49:56Z,GOOG,2026-12-18,call,145.0,213.0,200.1,203.45,1.231937434082031,20.0,465,True,339.1000061035156
2026-08-27T04:49:56Z,GOOG,2026-12-18,call,150.0,192.7,0.0,0.0,1.0000000000000003e-05,17.0,0,True,339.1000061035156
2026-08-27T04:49:56Z,GOOG,2026-12-18,call,155.0,205.77,0.0,0.0,1.0000000000000003e-05,1.0,0,True,339.1000061035156
2026-08-27T04:49:56Z,GOOG,2026-12-18,call,160.0,179.05,0.0,0.0,1.0000000000000003e-05,3.0,0,True,339.1000061035156
2026-08-27T04:49:56Z,GOOG,2026-12-18,call,165.0,187.05,180.45,183.85,1.0869796627807617,10.0,272,True,339.1000061035156
2026-08-27T04:49:56Z,GOOG,2026-12-18,call,170.0,172.69,0.0,0.0,1.0000000000000003e-05,2.0,0,True,339.1000061035156
2026-08-27T04:49:56Z,GOOG,2026-12-18,call,175.0,168.82,0.0,0.0,1.0000000000000003e-05,1.0,0,True,339.1000061035156
2026-08-27T04:49:56Z,GOOG,2026-12-18,call,180.0,167.85,0.0,0.0,1.0000000000000003e-05,3.0,0,True,339.1000061035156
2026-08-27T04:49:56Z,GOOG,2026-12-18,call,185.0,160.6,0.0,0.0,1.0000000000000003e-05,1.0,0,True,339.1000061035156
2026-08-27T04:49:56Z,GOOG,2026-12-18,call,190.0,156.48,0.0,0.0,1.0000000000000003e-05,2.0,0,True,339.1000061035156
2026-08-27T04:49:56Z,GOOG,2026-12-18,call,195.0,149.25,0.0,0.0,1.0000000000000003e-05,7.0,0,True,339.1000061035156
2026-08-27T04:49:56Z,GOOG,2026-12-18,call,200.0,141.6,0.0,0.0,1.0000000000000003e-05,7.0,0,True,339.1000061035156
2026-08-27T04:49:56Z,GOOG,2026-12-18,call,205.0,172.75,0.0,0.0,1.0000000000000003e-05,1.0,0,True,339.1000061035156
2026-08-27T04:49:56Z,GOOG,2026-12-18,call,210.0,132.66,0.0,0.0,1.0000000000000003e-05,1.0,0,True,339.1000061035156
2026-08-27T04:49:56Z,GOOG,2026-12-18,call,215.0,129.44,0.0,0.0,1.0000000000000003e-05,4.0,0,True,339.1000061035156
2026-08-27T04:49:56Z,GOOG,2026-12-18,call,220.0,130.6,0.0,0.0,1.0000000000000003e-05,1.0,0,True,339.1000061035156
2026-08-27T04:49:56Z,GOOG,2026-12-18,call,225.0,119.67,0.0,0.0,1.0000000000000003e-05,1.0,0,True,339.1000061035156
2026-08-27T04:49:56Z,GOOG,2026-12-18,call,230.0,114.8,0.0,0.0,1.0000000000000003e-05,1.0,0,True,339.1000061035156
2026-08-27T04:49:56Z,GOOG,2026-12-18,call,235.0,103.63,0.0,0.0,1.0000000000000003e-05,400.0,0,True,339.1000061035156
2026-08-27T04:49:56Z,GOOG,2026-12-18,call,240.0,101.92,0.0,0.0,1.0000000000000003e-05,2.0,0,True,339.1000061035156
2026-08-27T04:49:56Z,GOOG,2026-12-18,call,245.0,102.9,0.0,0.0,1.0000000000000003e-05,10.0,0,True,339.1000061035156
2026-08-27T04:49:56Z,GOOG,2026-12-18,call,250.0,97.68,0.0,0.0,1.0000000000000003e-05,1.0,0,True,339.1000061035156
2026-08-27T04:49:56Z,GOOG,2026-12-18,call,255.0,93.51,0.0,0.0,1.0000000000000003e-05,1.0,0,True,339.1000061035156
2026-08-27T04:49:56Z,GOOG,2026-12-18,call,260.0,83.39,0.0,0.0,1.0000000000000003e-05,1.0,0,True,339.1000061035156
2026-08-27T04:49:56Z,GOOG,2026-12-18,call,265.0,85.0,0.0,0.0,1.0000000000000003e-05,1.0,0,True,339.1000061035156
2026-08-27T04:49:56Z,GOOG,2026-12-18,call,270.0,75.37,0.0,0.0,1.0000000000000003e-05,7.0,0,True,339.1000061035156
2026-08-27T04:49:56Z,GOOG,2026-12-18,call,275.0,70.51,0.0,0.0,1.0000000000000003e-05,1.0,0,True,339.1000061035156
2026-08-27T04:49:56Z,GOOG,2026-12-18,call,280.0,70.78,0.0,0.0,1.0000000000000003e-05,2.0,0,True,339.1000061035156
2026-08-27T04:49:56Z,GOOG,2026-12-18,call,285.0,62.9,0.0,0.0,1.0000000000000003e-05,5.0,0,True,339.1000061035156
2026-08-27T04:49:56Z,GOOG,2026-12-18,call,290.0,58.51,0.0,0.0,1.0000000000000003e-05,11.0,0,True,339.1000061035156
2026-08-27T04:49:56Z,GOOG,2026-12-18,call,295.0,58.69,0.0,0.0,1.0000000000000003e-05,76.0,0,True,339.1000061035156
2026-08-27T04:49:56Z,GOOG,2026-12-18,call,300.0,50.0,0.0,0.0,1.0000000000000003e-05,12.0,0,True,339.1000061035156
2026-08-27T04:49:56Z,GOOG,2026-12-18,call,305.0,47.91,0.0,0.0,1.0000000000000003e-05,1.0,0,True,339.1000061035156
2026-08-27T04:49:56Z,GOOG,2026-12-18,call,310.0,42.85,0.0,0.0,1.0000000000000003e-05,4.0,0,True,339.1000061035156
2026-08-27T04:49:56Z,GOOG,2026-12-18,call,315.0,40.65,0.0,0.0,1.0000000000000003e-05,5.0,0,True,339.1000061035156
2026-08-27T04:49:56Z,GOOG,2026-12-18,call,320.0,37.25,0.0,0.0,1.0000000000000003e-05,12.0,0,True,339.1000061035156
2026-08-27T04:49:56Z,GOOG,2026-12-18,call,325.0,33.0,0.0,0.0,1.0000000000000003e-05,9.0,0,True,339.1000061035156
2026-08-27T04:49:56Z,GOOG,2026-12-18,call,330.0,31.3,0.0,0.0,1.0000000000000003e-05,14.0,0,True,339.1000061035156
2026-08-27T04:49:56Z,GOOG,2026-12-18,call,335.0,29.0,0.0,0.0,1.0000000000000003e-05,20.0,0,True,339.1000061035156
2026-08-27T04:49:56Z,GOOG,2026-12-18,call,340.0,25.95,0.0,0.0,0.000986552734375,120.0,0,False,339.1000061035156
2026-08-27T04:49:56Z,GOOG,2026-12-18,call,345.0,23.65,0.0,0.0,0.007822421875,33.0,0,False,339.1000061035156
2026-08-27T04:49:56Z,GOOG,2026-12-18,call,350.0,21.4,0.0,0.0,0.015634843750000002,455.0,0,False,339.1000061035156
2026-08-27T04:49:56Z,GOOG,2026-12-18,call,355.0,19.35,0.0,0.0,0.015634843750000002,1014.0,0,False,339.1000061035156
2026-08-27T04:49:56Z,GOOG,2026-12-18,call,360.0,17.7,0.0,0.0,0.0312596875,279.0,0,False,339.1000061035156
2026-08-27T04:49:56Z,GOOG,2026-12-18,call,365.0,15.65,0.0,0.0,0.0312596875,42.0,0,False,339.1000061035156
2026-08-27T04:49:56Z,GOOG,2026-12-18,call,370.0,14.35,0.0,0.0,0.0312596875,52.0,0,False,339.1000061035156
2026-08-27T04:49:56Z,GOOG,2026-12-18,call,375.0,12.56,0.0,0.0,0.0312596875,26.0,0,False,339.1000061035156
2026-08-27T04:49:56Z,GOOG,2026-12-18,call,380.0,11.25,0.0,0.0,0.0312596875,263.0,0,False,339.1000061035156
2026-08-27T04:49:56Z,GOOG,2026-12-18,call,385.0,10.5,0.0,0.0,0.062509375,76.0,0,False,339.1000061035156
2026-08-27T04:49:56Z,GOOG,2026-12-18,call,390.0,9.3,0.0,0.0,0.062509375,140.0,0,False,339.1000061035156
2026-08-27T04:49:56Z,GOOG,2026-12-18,call,395.0,8.24,0.0,0.0,0.062509375,23.0,0,False,339.1000061035156
2026-08-27T04:49:56Z,GOOG,2026-12-18,call,400.0,7.25,0.0,0.0,0.062509375,825.0,0,False,339.1000061035156
2026-08-27T04:49:56Z,GOOG,2026-12-18,call,405.0,6.66,0.0,0.0,0.062509375,30.0,0,False,339.1000061035156
2026-08-27T04:49:56Z,GOOG,2026-12-18,call,410.0,5.9,0.0,0.0,0.062509375,13.0,0,False,339.1000061035156
2026-08-27T04:49:56Z,GOOG,2026-12-18,call,415.0,5.3,0.0,0.0,0.062509375,1.0,0,False,339.1000061035156
2026-08-27T04:49:56Z,GOOG,2026-12-18,call,420.0,4.8,0.0,0.0,0.062509375,10.0,0,False,339.1000061035156
2026-08-27T04:49:56Z,GOOG,2026-12-18,call,425.0,4.21,0.0,0.0,0.062509375,8.0,0,False,339.1000061035156
2026-08-27T04:49:56Z,GOOG,2026-12-18,call,430.0,3.8,0.0,0.0,0.062509375,14.0,0,False,339.1000061035156
2026-08-27T04:49:56Z,GOOG,2026-12-18,call,440.0,3.02,0.0,0.0,0.12500875,20.0,0,False,339.1000061035156
2026-08-27T04:49:56Z,GOOG,2026-12-18,call,450.0,2.54,0.0,0.0,0.12500875,65.0,0,False,339.1000061035156
2026-08-27T04:49:56Z,GOOG,2026-12-18,call,460.0,2.08,0.0,0.0,0.12500875,38.0,0,False,339.1000061035156
2026-08-27T04:49:56Z,GOOG,2026-12-18,call,470.0,1.64,0.0,0.0,0.12500875,30.0,0,False,339.1000061035156
2026-08-27T04:49:56Z,GOOG,2026-12-18,call,480.0,1.39,0.0,0.0,0.12500875,9.0,0,False,339.1000061035156
2026-08-27T04:49:56Z,GOOG,2026-12-18,call,490.0,1.1,0.0,0.0,0.12500875,4.0,0,False,339.1000061035156
2026-08-27T04:49:56Z,GOOG,2026-12-18,call,500.0,0.94,0.0,0.0,0.12500875,22.0,0,False,339.1000061035156
2026-08-27T04:49:56Z,GOOG,2026-12-18,call,520.0,0.71,0.0,0.0,0.12500875,1.0,0,False,339.1000061035156
2026-08-27T04:49:56Z,GOOG,2026-12-18,call,540.0,0.47,0.0,0.0,0.12500875,3.0,0,False,339.1000061035156
2026-08-27T04:49:56Z,GOOG,2026-12-18,call,560.0,0.42,0.0,0.0,0.12500875,2.0,0,False,339.1000061035156
2026-08-27T04:49:56Z,GOOG,2026-12-18,call,580.0,0.27,0.0,0.0,0.2500075,40.0,0,False,339.1000061035156
2026-08-27T04:49:56Z,GOOG,2026-12-18,put,75.0,0.01,0.0,0.0,0.500005,10.0,0,False,339.1000061035156
2026-08-27T04:49:56Z,GOOG,2026-12-18,put,80.0,0.07,0.0,0.31,1.013676806640625,6.0,225,False,339.1000061035156
2026-08-27T04:49:56Z,GOOG,2026-12-18,put,85.0,0.08,0.0,0.3,0.9687503125,2.0,337,False,339.1000061035156
2026-08-27T04:49:56Z,GOOG,2026-12-18,put,90.0,0.08,0.0,0.0,0.500005,4.0,0,False,339.1000061035156
2026-08-27T04:49:56Z,GOOG,2026-12-18,put,95.0,0.16,0.0,0.0,0.500005,2.0,0,False,339.1000061035156
2026-08-27T04:49:56Z,GOOG,2026-12-18,put,100.0,0.07,0.0,0.0,0.500005,2.0,0,False,339.1000061035156
2026-08-27T04:49:56Z,GOOG,2026-12-18,put,105.0,0.1,0.0,0.0,0.500005,2.0,0,False,339.1000061035156
2026-08-27T04:49:56Z,GOOG,2026-12-18,put,110.0,0.06,0.0,0.0,0.500005,1.0,0,False,339.1000061035156
2026-08-27T04:49:56Z,GOOG,2026-12-18,put,115.0,0.09,0.0,0.0,0.500005,2.0,0,False,339.1000061035156
2026-08-27T04:49:56Z,GOOG,2026-12-18,put,120.0,0.05,0.0,0.0,0.2500075,8.0,0,False,339.1000061035156
2026-08-27T04:49:56Z,GOOG,2026-12-18,put,125.0,0.06,0.0,0.0,0.2500075,2.0,0,False,339.1000061035156
2026-08-27T04:49:56Z,GOOG,2026-12-18,put,130.0,0.03,0.0,0.0,0.2500075,3.0,0,False,339.1000061035156
2026-08-27T04:49:56Z,GOOG,2026-12-18,put,135.0,0.07,0.0,0.0,0.2500075,5.0,0,False,339.1000061035156
2026-08-27T04:49:56Z,GOOG,2026-12-18,put,140.0,0.09,0.0,0.0,0.2500075,6.0,0,False,339.1000061035156
2026-08-27T04:49:56Z,GOOG,2026-12-18,put,145.0,0.09,0.0,0.0,0.2500075,6.0,0,False,339.1000061035156
2026-08-27T04:49:56Z,GOOG,2026-12-18,put,150.0,0.12,0.0,0.0,0.2500075,2.0,0,False,339.1000061035156
2026-08-27T04:49:56Z,GOOG,2026-12-18,put,155.0,0.11,0.0,0.0,0.2500075,4.0,0,False,339.1000061035156
2026-08-27T04:49:56Z,GOOG,2026-12-18,put,160.0,0.13,0.0,0.0,0.2500075,2.0,0,False,339.1000061035156
2026-08-27T04:49:56Z,GOOG,2026-12-18,put,165.0,0.12,0.0,0.0,0.2500075,2.0,0,False,339.1000061035156
2026-08-27T04:49:56Z,GOOG,2026-12-18,put,170.0,0.1,0.0,0.0,0.2500075,4.0,0,False,339.1000061035156
2026-08-27T04:49:56Z,GOOG,2026-12-18,put,175.0,0.13,0.0,0.0,0.2500075,2.0,0,False,339.1000061035156
2026-08-27T04:49:56Z,GOOG,2026-12-18,put,180.0,0.13,0.0,0.0,0.2500075,2.0,0,False,339.1000061035156
2026-08-27T04:49:56Z,GOOG,2026-12-18,put,185.0,0.22,0.0,0.0,0.2500075,15.0,0,False,339.1000061035156
2026-08-27T04:49:56Z,GOOG,2026-12-18,put,190.0,0.29,0.0,0.0,0.2500075,71.0,0,False,339.1000061035156
2026-08-27T04:49:56Z,GOOG,2026-12-18,put,195.0,0.3,0.0,0.0,0.2500075,60.0,0,False,339.1000061035156
2026-08-27T04:49:56Z,GOOG,2026-12-18,put,200.0,0.39,0.0,0.0,0.2500075,4.0,0,False,339.1000061035156
2026-08-27T04:49:56Z,GOOG,2026-12-18,put,205.0,0.32,0.0,0.0,0.12500875,7.0,0,False,339.1000061035156
2026-08-27T04:49:56Z,GOOG,2026-12-18,put,210.0,0.49,0.0,0.0,0.12500875,1.0,0,False,339.1000061035156
2026-08-27T04:49:56Z,GOOG,2026-12-18,put,215.0,0.51,0.0,0.0,0.12500875,20.0,0,False,339.1000061035156
2026-08-27T04:49:56Z,GOOG,2026-12-18,put,220.0,0.51,0.0,0.0,0.12500875,2.0,0,False,339.1000061035156
2026-08-27T04:49:56Z,GOOG,2026-12-18,put,225.0,0.66,0.0,0.0,0.12500875,2.0,0,False,339.1000061035156
2026-08-27T04:49:56Z,GOOG,2026-12-18,put,230.0,0.87,0.0,0.0,0.12500875,13.0,0,False,339.1000061035156
2026-08-27T04:49:56Z,GOOG,2026-12-18,put,235.0,0.98,0.0,0.0,0.12500875,1.0,0,False,339.1000061035156
2026-08-27T04:49:56Z,GOOG,2026-12-18,put,240.0,1.15,0.0,0.0,0.12500875,10.0,0,False,339.1000061035156
2026-08-27T04:49:56Z,GOOG,2026-12-18,put,245.0,1.18,0.0,0.0,0.12500875,170.0,0,False,339.1000061035156
2026-08-27T04:49:56Z,GOOG,2026-12-18,put,250.0,1.55,0.0,0.0,0.12500875,3.0,0,False,339.1000061035156
2026-08-27T04:49:56Z,GOOG,2026-12-18,put,255.0,1.85,0.0,0.0,0.12500875,18.0,0,False,339.1000061035156
2026-08-27T04:49:56Z,GOOG,2026-12-18,put,260.0,2.13,0.0,0.0,0.12500875,19.0,0,False,339.1000061035156
2026-08-27T04:49:56Z,GOOG,2026-12-18,put,265.0,2.61,0.0,0.0,0.062509375,18.0,0,False,339.1000061035156
2026-08-27T04:49:56Z,GOOG,2026-12-18,put,270.0,3.18,0.0,0.0,0.062509375,58.0,0,False,339.1000061035156
2026-08-27T04:49:56Z,GOOG,2026-12-18,put,275.0,3.65,0.0,0.0,0.062509375,27.0,0,False,339.1000061035156
2026-08-27T04:49:56Z,GOOG,2026-12-18,put,280.0,4.4,0.0,0.0,0.062509375,1113.0,0,False,339.1000061035156
2026-08-27T04:49:56Z,GOOG,2026-12-18,put,285.0,5.0,0.0,0.0,0.062509375,8.0,0,False,339.1000061035156
2026-08-27T04:49:56Z,GOOG,2026-12-18,put,290.0,6.25,0.0,0.0,0.062509375,2.0,0,False,339.1000061035156
2026-08-27T04:49:56Z,GOOG,2026-12-18,put,295.0,7.15,0.0,0.0,0.062509375,24.0,0,False,339.1000061035156
2026-08-27T04:49:56Z,GOOG,2026-12-18,put,300.0,8.19,0.0,0.0,0.062509375,80.0,0,False,339.1000061035156
2026-08-27T04:49:56Z,GOOG,2026-12-18,put,305.0,9.48,0.0,0.0,0.0312596875,2.0,0,False,339.1000061035156
2026-08-27T04:49:56Z,GOOG,2026-12-18,put,310.0,10.81,0.0,0.0,0.0312596875,40.0,0,False,339.1000061035156
2026-08-27T04:49:56Z,GOOG,2026-12-18,put,315.0,12.45,0.0,0.0,0.0312596875,8.0,0,False,339.1000061035156
2026-08-27T04:49:56Z,GOOG,2026-12-18,put,320.0,14.21,0.0,0.0,0.0312596875,85.0,0,False,339.1000061035156
2026-08-27T04:49:56Z,GOOG,2026-12-18,put,325.0,16.6,0.0,0.0,0.015634843750000002,38.0,0,False,339.1000061035156
2026-08-27T04:49:56Z,GOOG,2026-12-18,put,330.0,18.3,0.0,0.0,0.015634843750000002,20.0,0,False,339.1000061035156
2026-08-27T04:49:56Z,GOOG,2026-12-18,put,335.0,20.45,0.0,0.0,0.0039162109375,13.0,0,False,339.1000061035156
2026-08-27T04:49:56Z,GOOG,2026-12-18,put,340.0,23.05,0.0,0.0,1.0000000000000003e-05,48.0,0,True,339.1000061035156
2026-08-27T04:49:56Z,GOOG,2026-12-18,put,345.0,25.75,0.0,0.0,1.0000000000000003e-05,17.0,0,True,339.1000061035156
2026-08-27T04:49:56Z,GOOG,2026-12-18,put,350.0,28.7,0.0,0.0,1.0000000000000003e-05,5.0,0,True,339.1000061035156
2026-08-27T04:49:56Z,GOOG,2026-12-18,put,355.0,31.45,0.0,0.0,1.0000000000000003e-05,3.0,0,True,339.1000061035156
2026-08-27T04:49:56Z,GOOG,2026-12-18,put,360.0,32.65,0.0,0.0,1.0000000000000003e-05,2.0,0,True,339.1000061035156
2026-08-27T04:49:56Z,GOOG,2026-12-18,put,365.0,37.8,0.0,0.0,1.0000000000000003e-05,1.0,0,True,339.1000061035156
2026-08-27T04:49:56Z,GOOG,2026-12-18,put,370.0,38.0,0.0,0.0,1.0000000000000003e-05,1.0,0,True,339.1000061035156
2026-08-27T04:49:56Z,GOOG,2026-12-18,put,375.0,45.95,0.0,0.0,1.0000000000000003e-05,10.0,0,True,339.1000061035156
2026-08-27T04:49:56Z,GOOG,2026-12-18,put,380.0,45.85,0.0,0.0,1.0000000000000003e-05,1.0,0,True,339.1000061035156
2026-08-27T04:49:56Z,GOOG,2026-12-18,put,385.0,42.5,0.0,0.0,1.0000000000000003e-05,2.0,0,True,339.1000061035156
2026-08-27T04:49:56Z,GOOG,2026-12-18,put,390.0,56.0,0.0,0.0,1.0000000000000003e-05,1.0,0,True,339.1000061035156
2026-08-27T04:49:56Z,GOOG,2026-12-18,put,395.0,52.35,0.0,0.0,1.0000000000000003e-05,76.0,0,True,339.1000061035156
2026-08-27T04:49:56Z,GOOG,2026-12-18,put,400.0,66.0,0.0,0.0,1.0000000000000003e-05,3.0,0,True,339.1000061035156
2026-08-27T04:49:56Z,GOOG,2026-12-18,put,405.0,47.8,0.0,0.0,1.0000000000000003e-05,7.0,0,True,339.1000061035156
2026-08-27T04:49:56Z,GOOG,2026-12-18,put,410.0,63.35,0.0,0.0,1.0000000000000003e-05,3.0,0,True,339.1000061035156
2026-08-27T04:49:56Z,GOOG,2026-12-18,put,415.0,67.55,0.0,0.0,1.0000000000000003e-05,19.0,0,True,339.1000061035156
2026-08-27T04:49:56Z,GOOG,2026-12-18,put,420.0,79.85,0.0,0.0,1.0000000000000003e-05,20.0,0,True,339.1000061035156
2026-08-27T04:49:56Z,GOOG,2026-12-18,put,425.0,84.95,0.0,0.0,1.0000000000000003e-05,61.0,0,True,339.1000061035156
2026-08-27T04:49:56Z,GOOG,2026-12-18,put,430.0,87.45,0.0,0.0,1.0000000000000003e-05,2.0,0,True,339.1000061035156
2026-08-27T04:49:56Z,GOOG,2026-12-18,put,440.0,89.25,0.0,0.0,1.0000000000000003e-05,6.0,0,True,339.1000061035156
2026-08-27T04:49:56Z,GOOG,2026-12-18,put,450.0,106.85,0.0,0.0,1.0000000000000003e-05,1.0,0,True,339.1000061035156
2026-08-27T04:49:56Z,GOOG,2026-12-18,put,460.0,140.94,114.25,117.0,1.0000000000000003e-05,1.0,0,True,339.1000061035156
2026-08-27T04:49:56Z,GOOG,2026-12-18,put,470.0,129.15,0.0,0.0,1.0000000000000003e-05,1.0,0,True,339.1000061035156
2026-08-27T04:49:56Z,GOOG,2026-12-18,put,480.0,158.9,133.2,136.8,1.0000000000000003e-05,94.0,0,True,339.1000061035156
2026-08-27T04:49:56Z,GOOG,2026-12-18,put,490.0,189.25,0.0,0.0,1.0000000000000003e-05,1.0,0,True,339.1000061035156
2026-08-27T04:49:56Z,GOOG,2026-12-18,put,500.0,156.0,0.0,0.0,1.0000000000000003e-05,1.0,0,True,339.1000061035156
2026-08-27T04:49:56Z,GOOG,2026-12-18,put,560.0,169.25,188.15,190.95,1.0000000000000003e-05,,0,True,339.1000061035156
2026-08-27T04:49:56Z,GOOG,2027-01-15,call,75.0,282.6,0.0,0.0,1.0000000000000003e-05,5.0,0,True,339.1000061035156
2026-08-27T04:49:56Z,GOOG,2027-01-15,call,80.0,202.82,0.0,0.0,1.0000000000000003e-05,1.0,0,True,339.1000061035156
2026-08-27T04:49:56Z,GOOG,2027-01-15,call,85.0,273.67,259.6,263.15,1.694215396118164,1.0,115,True,339.1000061035156
2026-08-27T04:49:56Z,GOOG,2027-01-15,call,90.0,284.5,0.0,0.0,1.0000000000000003e-05,2.0,0,True,339.1000061035156
2026-08-27T04:49:56Z,GOOG,2027-01-15,call,95.0,250.8,0.0,0.0,1.0000000000000003e-05,1.0,0,True,339.1000061035156
2026-08-27T04:49:56Z,GOOG,2027-01-15,call,100.0,239.2,0.0,0.0,1.0000000000000003e-05,2.0,0,True,339.1000061035156
2026-08-27T04:49:56Z,GOOG,2027-01-15,call,105.0,241.0,0.0,0.0,1.0000000000000003e-05,1.0,0,True,339.1000061035156
2026-08-27T04:49:56Z,GOOG,2027-01-15,call,110.0,232.17,235.1,238.5,1.4177275207519533,1.0,156,True,339.1000061035156
2026-08-27T04:49:56Z,GOOG,2027-01-15,call,115.0,219.0,279.1,282.95,3.2061177073669427,3.0,87,True,339.1000061035156
2026-08-27T04:49:56Z,GOOG,2027-01-15,call,120.0,223.95,0.0,0.0,1.0000000000000003e-05,3.0,0,True,339.1000061035156
2026-08-27T04:49:56Z,GOOG,2027-01-15,call,125.0,233.35,220.35,223.95,1.2878453576660154,2.0,95,True,339.1000061035156
2026-08-27T04:49:56Z,GOOG,2027-01-15,call,130.0,221.35,0.0,0.0,1.0000000000000003e-05,1.0,0,True,339.1000061035156
2026-08-27T04:49:56Z,GOOG,2027-01-15,call,135.0,213.77,0.0,0.0,1.0000000000000003e-05,1.0,0,True,339.1000061035156
2026-08-27T04:49:56Z,GOOG,2027-01-15,call,140.0,215.0,0.0,0.0,1.0000000000000003e-05,1.0,0,True,339.1000061035156
2026-08-27T04:49:56Z,GOOG,2027-01-15,call,145.0,214.2,200.6,204.2,1.129154744873047,1.0,139,True,339.1000061035156
2026-08-27T04:49:56Z,GOOG,2027-01-15,call,150.0,197.7,0.0,0.0,1.0000000000000003e-05,2.0,0,True,339.1000061035156
2026-08-27T04:49:56Z,GOOG,2027-01-15,call,155.0,194.17,0.0,0.0,1.0000000000000003e-05,1.0,0,True,339.1000061035156
2026-08-27T04:49:56Z,GOOG,2027-01-15,call,160.0,186.55,0.0,0.0,1.0000000000000003e-05,2.0,0,True,339.1000061035156
2026-08-27T04:49:56Z,GOOG,2027-01-15,call,165.0,176.4,0.0,0.0,1.0000000000000003e-05,1.0,0,True,339.1000061035156
2026-08-27T04:49:56Z,GOOG,2027-01-15,call,170.0,176.5,0.0,0.0,1.0000000000000003e-05,1.0,0,True,339.1000061035156
2026-08-27T04:49:56Z,GOOG,2027-01-15,call,175.0,173.95,0.0,0.0,1.0000000000000003e-05,9.0,0,True,339.1000061035156
2026-08-27T04:49:56Z,GOOG,2027-01-15,call,180.0,160.9,0.0,0.0,1.0000000000000003e-05,1.0,0,True,339.1000061035156
2026-08-27T04:49:56Z,GOOG,2027-01-15,call,185.0,164.2,0.0,0.0,1.0000000000000003e-05,9.0,0,True,339.1000061035156
2026-08-27T04:49:56Z,GOOG,2027-01-15,call,190.0,151.81,0.0,0.0,1.0000000000000003e-05,5.0,0,True,339.1000061035156
2026-08-27T04:49:56Z,GOOG,2027-01-15,call,195.0,152.0,0.0,0.0,1.0000000000000003e-05,1.0,0,True,339.1000061035156
2026-08-27T04:49:56Z,GOOG,2027-01-15,call,200.0,142.82,0.0,0.0,1.0000000000000003e-05,1.0,0,True,339.1000061035156
2026-08-27T04:49:56Z,GOOG,2027-01-15,call,205.0,141.2,0.0,0.0,1.0000000000000003e-05,1.0,0,True,339.1000061035156
2026-08-27T04:49:56Z,GOOG,2027-01-15,call,210.0,134.64,0.0,0.0,1.0000000000000003e-05,2.0,0,True,339.1000061035156
2026-08-27T04:49:56Z,GOOG,2027-01-15,call,215.0,132.7,0.0,0.0,1.0000000000000003e-05,2.0,0,True,339.1000061035156
2026-08-27T04:49:56Z,GOOG,2027-01-15,call,220.0,125.0,0.0,0.0,1.0000000000000003e-05,1.0,0,True,339.1000061035156
2026-08-27T04:49:56Z,GOOG,2027-01-15,call,225.0,129.0,0.0,0.0,1.0000000000000003e-05,1.0,0,True,339.1000061035156
2026-08-27T04:49:56Z,GOOG,2027-01-15,call,230.0,121.32,0.0,0.0,1.0000000000000003e-05,1.0,0,True,339.1000061035156
2026-08-27T04:49:56Z,GOOG,2027-01-15,call,235.0,108.0,0.0,0.0,1.0000000000000003e-05,13.0,0,True,339.1000061035156
2026-08-27T04:49:56Z,GOOG,2027-01-15,call,240.0,104.44,0.0,0.0,1.0000000000000003e-05,5.0,0,True,339.1000061035156
2026-08-27T04:49:56Z,GOOG,2027-01-15,call,245.0,107.88,0.0,0.0,1.0000000000000003e-05,1.0,0,True,339.1000061035156
2026-08-27T04:49:56Z,GOOG,2027-01-15,call,250.0,94.55,0.0,0.0,1.0000000000000003e-05,7.0,0,True,339.1000061035156
2026-08-27T04:49:56Z,GOOG,2027-01-15,call,255.0,96.75,0.0,0.0,1.0000000000000003e-05,3.0,0,True,339.1000061035156
2026-08-27T04:49:56Z,GOOG,2027-01-15,call,260.0,84.75,0.0,0.0,1.0000000000000003e-05,7.0,0,True,339.1000061035156
2026-08-27T04:49:56Z,GOOG,2027-01-15,call,265.0,85.45,0.0,0.0,1.0000000000000003e-05,11.0,0,True,339.1000061035156
2026-08-27T04:49:56Z,GOOG,2027-01-15,call,270.0,82.3,0.0,0.0,1.0000000000000003e-05,7.0,0,True,339.1000061035156
2026-08-27T04:49:56Z,GOOG,2027-01-15,call,275.0,77.6,0.0,0.0,1.0000000000000003e-05,2.0,0,True,339.1000061035156
2026-08-27T04:49:56Z,GOOG,2027-01-15,call,280.0,71.46,0.0,0.0,1.0000000000000003e-05,1.0,0,True,339.1000061035156
2026-08-27T04:49:56Z,GOOG,2027-01-15,call,285.0,69.18,0.0,0.0,1.0000000000000003e-05,73.0,0,True,339.1000061035156
2026-08-27T04:49:56Z,GOOG,2027-01-15,call,290.0,60.66,0.0,0.0,1.0000000000000003e-05,1.0,0,True,339.1000061035156
2026-08-27T04:49:56Z,GOOG,2027-01-15,call,295.0,60.63,0.0,0.0,1.0000000000000003e-05,1.0,0,True,339.1000061035156
2026-08-27T04:49:56Z,GOOG,2027-01-15,call,300.0,53.35,0.0,0.0,1.0000000000000003e-05,12.0,0,True,339.1000061035156
2026-08-27T04:49:56Z,GOOG,2027-01-15,call,305.0,49.45,0.0,0.0,1.0000000000000003e-05,1.0,0,True,339.1000061035156
2026-08-27T04:49:56Z,GOOG,2027-01-15,call,310.0,46.5,0.0,0.0,1.0000000000000003e-05,22.0,0,True,339.1000061035156
2026-08-27T04:49:56Z,GOOG,2027-01-15,call,315.0,42.96,0.0,0.0,1.0000000000000003e-05,26.0,0,True,339.1000061035156
2026-08-27T04:49:56Z,GOOG,2027-01-15,call,320.0,40.02,0.0,0.0,1.0000000000000003e-05,8.0,0,True,339.1000061035156
2026-08-27T04:49:56Z,GOOG,2027-01-15,call,325.0,36.95,0.0,0.0,1.0000000000000003e-05,1.0,0,True,339.1000061035156
2026-08-27T04:49:56Z,GOOG,2027-01-15,call,330.0,33.86,0.0,0.0,1.0000000000000003e-05,7.0,0,True,339.1000061035156
2026-08-27T04:49:56Z,GOOG,2027-01-15,call,335.0,32.1,0.0,0.0,1.0000000000000003e-05,33.0,0,True,339.1000061035156
2026-08-27T04:49:56Z,GOOG,2027-01-15,call,340.0,29.21,0.0,0.0,0.000986552734375,232.0,0,False,339.1000061035156
2026-08-27T04:49:56Z,GOOG,2027-01-15,call,345.0,26.75,0.0,0.0,0.007822421875,593.0,0,False,339.1000061035156
2026-08-27T04:49:56Z,GOOG,2027-01-15,call,350.0,24.7,0.0,0.0,0.015634843750000002,216.0,0,False,339.1000061035156
2026-08-27T04:49:56Z,GOOG,2027-01-15,call,355.0,22.35,0.0,0.0,0.015634843750000002,14.0,0,False,339.1000061035156
2026-08-27T04:49:56Z,GOOG,2027-01-15,call,360.0,20.5,0.0,0.0,0.015634843750000002,135.0,0,False,339.1000061035156
2026-08-27T04:49:56Z,GOOG,2027-01-15,call,365.0,18.6,0.0,0.0,0.0312596875,22.0,0,False,339.1000061035156
2026-08-27T04:49:56Z,GOOG,2027-01-15,call,370.0,16.9,0.0,0.0,0.0312596875,433.0,0,False,339.1000061035156
2026-08-27T04:49:56Z,GOOG,2027-01-15,call,375.0,15.5,0.0,0.0,0.0312596875,43.0,0,False,339.1000061035156
2026-08-27T04:49:56Z,GOOG,2027-01-15,call,380.0,14.24,0.0,0.0,0.0312596875,311.0,0,False,339.1000061035156
2026-08-27T04:49:56Z,GOOG,2027-01-15,call,385.0,12.75,0.0,0.0,0.0312596875,66.0,0,False,339.1000061035156
2026-08-27T04:49:56Z,GOOG,2027-01-15,call,390.0,11.59,0.0,0.0,0.062509375,264.0,0,False,339.1000061035156
2026-08-27T04:49:56Z,GOOG,2027-01-15,call,395.0,10.25,0.0,0.0,0.062509375,12.0,0,False,339.1000061035156
2026-08-27T04:49:56Z,GOOG,2027-01-15,call,400.0,9.7,0.0,0.0,0.062509375,2503.0,0,False,339.1000061035156
2026-08-27T04:49:56Z,GOOG,2027-01-15,call,405.0,8.67,0.0,0.0,0.062509375,77.0,0,False,339.1000061035156
2026-08-27T04:49:56Z,GOOG,2027-01-15,call,410.0,8.0,0.0,0.0,0.062509375,42.0,0,False,339.1000061035156
2026-08-27T04:49:56Z,GOOG,2027-01-15,call,420.0,6.55,0.0,0.0,0.062509375,127.0,0,False,339.1000061035156
2026-08-27T04:49:56Z,GOOG,2027-01-15,call,430.0,5.42,0.0,0.0,0.062509375,21.0,0,False,339.1000061035156
2026-08-27T04:49:56Z,GOOG,2027-01-15,call,440.0,4.43,0.0,0.0,0.062509375,6.0,0,False,339.1000061035156
2026-08-27T04:49:56Z,GOOG,2027-01-15,call,450.0,3.65,0.0,0.0,0.062509375,484.0,0,False,339.1000061035156
2026-08-27T04:49:56Z,GOOG,2027-01-15,call,460.0,3.17,0.0,0.0,0.12500875,570.0,0,False,339.1000061035156
2026-08-27T04:49:56Z,GOOG,2027-01-15,call,470.0,2.63,0.0,0.0,0.12500875,179.0,0,False,339.1000061035156
2026-08-27T04:49:56Z,GOOG,2027-01-15,call,480.0,2.17,0.0,0.0,0.12500875,18.0,0,False,339.1000061035156
2026-08-27T04:49:56Z,GOOG,2027-01-15,call,490.0,1.82,0.0,0.0,0.12500875,1.0,0,False,339.1000061035156
2026-08-27T04:49:56Z,GOOG,2027-01-15,call,500.0,1.57,0.0,0.0,0.12500875,119.0,0,False,339.1000061035156
2026-08-27T04:49:56Z,GOOG,2027-01-15,call,520.0,1.04,0.0,0.0,0.12500875,60.0,0,False,339.1000061035156
2026-08-27T04:49:56Z,GOOG,2027-01-15,call,530.0,1.02,0.0,0.0,0.12500875,1.0,0,False,339.1000061035156
2026-08-27T04:49:56Z,GOOG,2027-01-15,call,540.0,0.83,0.0,0.0,0.12500875,17.0,0,False,339.1000061035156
2026-08-27T04:49:56Z,GOOG,2027-01-15,call,550.0,0.72,0.0,0.0,0.12500875,2.0,0,False,339.1000061035156
2026-08-27T04:49:56Z,GOOG,2027-01-15,call,560.0,0.68,0.0,0.0,0.12500875,10.0,0,False,339.1000061035156
2026-08-27T04:49:56Z,GOOG,2027-01-15,call,580.0,0.52,0.0,0.0,0.12500875,20.0,0,False,339.1000061035156
2026-08-27T04:49:56Z,GOOG,2027-01-15,put,75.0,0.01,0.0,0.0,0.500005,2.0,0,False,339.1000061035156
2026-08-27T04:49:56Z,GOOG,2027-01-15,put,80.0,0.16,0.0,0.0,0.500005,1.0,0,False,339.1000061035156
2026-08-27T04:49:56Z,GOOG,2027-01-15,put,85.0,0.17,0.0,0.0,0.500005,1.0,0,False,339.1000061035156
2026-08-27T04:49:56Z,GOOG,2027-01-15,put,90.0,0.17,0.0,0.0,0.500005,1.0,0,False,339.1000061035156
2026-08-27T04:49:56Z,GOOG,2027-01-15,put,95.0,0.09,0.0,0.0,0.500005,2.0,0,False,339.1000061035156
2026-08-27T04:49:56Z,GOOG,2027-01-15,put,100.0,0.03,0.0,0.0,0.500005,1.0,0,False,339.1000061035156
2026-08-27T04:49:56Z,GOOG,2027-01-15,put,105.0,0.07,0.0,0.0,0.2500075,2.0,0,False,339.1000061035156
2026-08-27T04:49:56Z,GOOG,2027-01-15,put,110.0,0.07,0.0,0.0,0.2500075,2.0,0,False,339.1000061035156
2026-08-27T04:49:56Z,GOOG,2027-01-15,put,115.0,0.09,0.0,0.0,0.2500075,2.0,0,False,339.1000061035156
2026-08-27T04:49:56Z,GOOG,2027-01-15,put,120.0,0.05,0.0,0.0,0.2500075,1.0,0,False,339.1000061035156
2026-08-27T04:49:56Z,GOOG,2027-01-15,put,125.0,0.1,0.0,0.0,0.2500075,2.0,0,False,339.1000061035156
2026-08-27T04:49:56Z,GOOG,2027-01-15,put,130.0,0.09,0.0,0.0,0.2500075,4.0,0,False,339.1000061035156
2026-08-27T04:49:56Z,GOOG,2027-01-15,put,135.0,0.12,0.0,0.0,0.2500075,9.0,0,False,339.1000061035156
2026-08-27T04:49:56Z,GOOG,2027-01-15,put,140.0,0.1,0.0,0.0,0.2500075,4.0,0,False,339.1000061035156
2026-08-27T04:49:56Z,GOOG,2027-01-15,put,145.0,0.09,0.0,0.0,0.2500075,18.0,0,False,339.1000061035156
2026-08-27T04:49:56Z,GOOG,2027-01-15,put,150.0,0.12,0.0,0.0,0.2500075,2.0,0,False,339.1000061035156
2026-08-27T04:49:56Z,GOOG,2027-01-15,put,155.0,0.01,0.0,0.0,0.2500075,429.0,0,False,339.1000061035156
2026-08-27T04:49:56Z,GOOG,2027-01-15,put,160.0,0.23,0.0,0.0,0.2500075,1.0,0,False,339.1000061035156
2026-08-27T04:49:56Z,GOOG,2027-01-15,put,165.0,0.26,0.0,0.0,0.2500075,1.0,0,False,339.1000061035156
2026-08-27T04:49:56Z,GOOG,2027-01-15,put,170.0,0.2,0.0,0.0,0.2500075,8.0,0,False,339.1000061035156
2026-08-27T04:49:56Z,GOOG,2027-01-15,put,175.0,0.21,0.0,0.0,0.2500075,2.0,0,False,339.1000061035156
2026-08-27T04:49:56Z,GOOG,2027-01-15,put,180.0,0.25,0.0,0.0,0.2500075,3.0,0,False,339.1000061035156
2026-08-27T04:49:56Z,GOOG,2027-01-15,put,185.0,0.31,0.0,0.0,0.2500075,1.0,0,False,339.1000061035156
2026-08-27T04:49:56Z,GOOG,2027-01-15,put,190.0,0.67,0.0,0.0,0.2500075,5.0,0,False,339.1000061035156
2026-08-27T04:49:56Z,GOOG,2027-01-15,put,195.0,0.52,0.0,0.0,0.12500875,20.0,0,False,339.1000061035156
2026-08-27T04:49:56Z,GOOG,2027-01-15,put,200.0,0.46,0.0,0.0,0.12500875,2.0,0,False,339.1000061035156
2026-08-27T04:49:56Z,GOOG,2027-01-15,put,205.0,0.49,0.0,0.0,0.12500875,10.0,0,False,339.1000061035156
2026-08-27T04:49:56Z,GOOG,2027-01-15,put,210.0,0.65,0.0,0.0,0.12500875,3.0,0,False,339.1000061035156
2026-08-27T04:49:56Z,GOOG,2027-01-15,put,215.0,0.72,0.0,0.0,0.12500875,2.0,0,False,339.1000061035156
2026-08-27T04:49:56Z,GOOG,2027-01-15,put,220.0,0.87,0.0,0.0,0.12500875,3.0,0,False,339.1000061035156
2026-08-27T04:49:56Z,GOOG,2027-01-15,put,225.0,0.94,0.0,0.0,0.12500875,1.0,0,False,339.1000061035156
2026-08-27T04:49:56Z,GOOG,2027-01-15,put,230.0,1.12,0.0,0.0,0.12500875,1.0,0,False,339.1000061035156
2026-08-27T04:49:56Z,GOOG,2027-01-15,put,235.0,1.3,0.0,0.0,0.12500875,20.0,0,False,339.1000061035156
2026-08-27T04:49:56Z,GOOG,2027-01-15,put,240.0,1.62,0.0,0.0,0.12500875,1.0,0,False,339.1000061035156
2026-08-27T04:49:56Z,GOOG,2027-01-15,put,245.0,1.8,0.0,0.0,0.12500875,32.0,0,False,339.1000061035156
2026-08-27T04:49:56Z,GOOG,2027-01-15,put,250.0,1.96,0.0,0.0,0.12500875,2.0,0,False,339.1000061035156
2026-08-27T04:49:56Z,GOOG,2027-01-15,put,255.0,2.51,0.0,0.0,0.12500875,49.0,0,False,339.1000061035156
2026-08-27T04:49:56Z,GOOG,2027-01-15,put,260.0,2.83,0.0,0.0,0.062509375,23.0,0,False,339.1000061035156
2026-08-27T04:49:56Z,GOOG,2027-01-15,put,265.0,3.54,0.0,0.0,0.062509375,1.0,0,False,339.1000061035156
2026-08-27T04:49:56Z,GOOG,2027-01-15,put,270.0,4.25,0.0,0.0,0.062509375,31.0,0,False,339.1000061035156
2026-08-27T04:49:56Z,GOOG,2027-01-15,put,275.0,4.81,0.0,0.0,0.062509375,21.0,0,False,339.1000061035156
2026-08-27T04:49:56Z,GOOG,2027-01-15,put,280.0,5.5,0.0,0.0,0.062509375,418.0,0,False,339.1000061035156
2026-08-27T04:49:56Z,GOOG,2027-01-15,put,285.0,6.4,0.0,0.0,0.062509375,5.0,0,False,339.1000061035156
2026-08-27T04:49:56Z,GOOG,2027-01-15,put,290.0,7.4,0.0,0.0,0.062509375,2.0,0,False,339.1000061035156
2026-08-27T04:49:56Z,GOOG,2027-01-15,put,295.0,8.55,0.0,0.0,0.062509375,2.0,0,False,339.1000061035156
2026-08-27T04:49:56Z,GOOG,2027-01-15,put,300.0,9.63,0.0,0.0,0.0312596875,51.0,0,False,339.1000061035156
2026-08-27T04:49:56Z,GOOG,2027-01-15,put,305.0,11.06,0.0,0.0,0.0312596875,5.0,0,False,339.1000061035156
2026-08-27T04:49:56Z,GOOG,2027-01-15,put,310.0,12.55,0.0,0.0,0.0312596875,7.0,0,False,339.1000061035156
2026-08-27T04:49:56Z,GOOG,2027-01-15,put,315.0,14.7,0.0,0.0,0.0312596875,12.0,0,False,339.1000061035156
2026-08-27T04:49:56Z,GOOG,2027-01-15,put,320.0,16.23,0.0,0.0,0.015634843750000002,49.0,0,False,339.1000061035156
2026-08-27T04:49:56Z,GOOG,2027-01-15,put,325.0,18.35,0.0,0.0,0.015634843750000002,77.0,0,False,339.1000061035156
2026-08-27T04:49:56Z,GOOG,2027-01-15,put,330.0,20.23,0.0,0.0,0.007822421875,25.0,0,False,339.1000061035156
2026-08-27T04:49:56Z,GOOG,2027-01-15,put,335.0,22.8,0.0,0.0,0.0039162109375,12.0,0,False,339.1000061035156
2026-08-27T04:49:56Z,GOOG,2027-01-15,put,340.0,24.96,0.0,0.0,1.0000000000000003e-05,15.0,0,True,339.1000061035156
2026-08-27T04:49:56Z,GOOG,2027-01-15,put,345.0,28.0,0.0,0.0,1.0000000000000003e-05,10.0,0,True,339.1000061035156
2026-08-27T04:49:56Z,GOOG,2027-01-15,put,350.0,30.45,0.0,0.0,1.0000000000000003e-05,5.0,0,True,339.1000061035156
2026-08-27T04:49:56Z,GOOG,2027-01-15,put,355.0,34.2,0.0,0.0,1.0000000000000003e-05,1.0,0,True,339.1000061035156
2026-08-27T04:49:56Z,GOOG,2027-01-15,put,360.0,37.3,0.0,0.0,1.0000000000000003e-05,12.0,0,True,339.1000061035156
2026-08-27T04:49:56Z,GOOG,2027-01-15,put,365.0,40.6,0.0,0.0,1.0000000000000003e-05,12.0,0,True,339.1000061035156
2026-08-27T04:49:56Z,GOOG,2027-01-15,put,370.0,44.05,0.0,0.0,1.0000000000000003e-05,39.0,0,True,339.1000061035156
2026-08-27T04:49:56Z,GOOG,2027-01-15,put,375.0,47.65,0.0,0.0,1.0000000000000003e-05,20.0,0,True,339.1000061035156
2026-08-27T04:49:56Z,GOOG,2027-01-15,put,380.0,50.36,0.0,0.0,1.0000000000000003e-05,15.0,0,True,339.1000061035156
2026-08-27T04:49:56Z,GOOG,2027-01-15,put,385.0,51.15,0.0,0.0,1.0000000000000003e-05,1.0,0,True,339.1000061035156
2026-08-27T04:49:56Z,GOOG,2027-01-15,put,390.0,55.25,0.0,0.0,1.0000000000000003e-05,1.0,0,True,339.1000061035156
2026-08-27T04:49:56Z,GOOG,2027-01-15,put,395.0,58.05,0.0,0.0,1.0000000000000003e-05,4.0,0,True,339.1000061035156
2026-08-27T04:49:56Z,GOOG,2027-01-15,put,400.0,62.4,0.0,0.0,1.0000000000000003e-05,56.0,0,True,339.1000061035156
2026-08-27T04:49:56Z,GOOG,2027-01-15,put,405.0,71.65,0.0,0.0,1.0000000000000003e-05,27.0,0,True,339.1000061035156
2026-08-27T04:49:56Z,GOOG,2027-01-15,put,410.0,72.95,0.0,0.0,1.0000000000000003e-05,56.0,0,True,339.1000061035156
2026-08-27T04:49:56Z,GOOG,2027-01-15,put,420.0,81.5,0.0,0.0,1.0000000000000003e-05,5.0,0,True,339.1000061035156
2026-08-27T04:49:56Z,GOOG,2027-01-15,put,430.0,89.15,0.0,0.0,1.0000000000000003e-05,1.0,0,True,339.1000061035156
2026-08-27T04:49:56Z,GOOG,2027-01-15,put,440.0,99.45,0.0,0.0,1.0000000000000003e-05,60.0,0,True,339.1000061035156
2026-08-27T04:49:56Z,GOOG,2027-01-15,put,450.0,107.4,0.0,0.0,1.0000000000000003e-05,1.0,0,True,339.1000061035156
2026-08-27T04:49:56Z,GOOG,2027-01-15,put,460.0,116.4,0.0,0.0,1.0000000000000003e-05,775.0,0,True,339.1000061035156
2026-08-27T04:49:56Z,GOOG,2027-01-15,put,470.0,115.7,0.0,0.0,1.0000000000000003e-05,1.0,0,True,339.1000061035156
2026-08-27T04:49:56Z,GOOG,2027-01-15,put,480.0,142.05,0.0,0.0,1.0000000000000003e-05,2450.0,0,True,339.1000061035156
2026-08-27T04:49:56Z,GOOG,2027-01-15,put,490.0,152.25,0.0,0.0,1.0000000000000003e-05,10.0,0,True,339.1000061035156
2026-08-27T04:49:56Z,GOOG,2027-01-15,put,500.0,158.0,0.0,0.0,1.0000000000000003e-05,5.0,0,True,339.1000061035156
2026-08-27T04:49:56Z,GOOG,2027-01-15,put,520.0,129.5,148.9,151.95,1.0000000000000003e-05,,1,True,339.1000061035156
2026-08-27T04:49:56Z,GOOG,2027-01-15,put,550.0,185.6,203.2,207.05,1.0000000000000003e-05,1.0,0,True,339.1000061035156
2026-08-27T05:04:47Z,MSFT,2026-08-28,call,270.0,224.89,0.0,0.0,1.0000000000000003e-05,1.0,0,True,496.3699951171875
2026-08-27T05:04:47Z,MSFT,2026-08-28,call,290.0,205.43,0.0,0.0,1.0000000000000003e-05,24.0,0,True,496.3699951171875
2026-08-27T05:04:47Z,MSFT,2026-08-28,call,300.0,195.44,0.0,0.0,1.0000000000000003e-05,2.0,0,True,496.3699951171875
2026-08-27T05:04:47Z,MSFT,2026-08-28,call,305.0,78.55,181.35,184.55,1.0000000000000003e-05,1.0,0,True,496.3699951171875
2026-08-27T05:04:47Z,MSFT,2026-08-28,call,310.0,174.78,0.0,0.0,1.0000000000000003e-05,1.0,0,True,496.3699951171875
2026-08-27T05:04:47Z,MSFT,2026-08-28,call,315.0,168.7,0.0,0.0,1.0000000000000003e-05,60.0,0,True,496.3699951171875
2026-08-27T05:04:47Z,MSFT,2026-08-28,call,320.0,168.22,0.0,0.0,1.0000000000000003e-05,3.0,0,True,496.3699951171875
2026-08-27T05:04:47Z,MSFT,2026-08-28,call,325.0,126.62,0.0,0.0,1.0000000000000003e-05,1.0,0,True,496.3699951171875
2026-08-27T05:04:47Z,MSFT,2026-08-28,call,330.0,151.8,0.0,0.0,1.0000000000000003e-05,1.0,0,True,496.3699951171875
2026-08-27T05:04:47Z,MSFT,2026-08-28,call,335.0,148.47,0.0,0.0,1.0000000000000003e-05,10.0,0,True,496.3699951171875
2026-08-27T05:04:47Z,MSFT,2026-08-28,call,340.0,147.45,0.0,0.0,1.0000000000000003e-05,1.0,0,True,496.3699951171875
2026-08-27T05:04:47Z,MSFT,2026-08-28,call,345.0,109.46,0.0,0.0,1.0000000000000003e-05,2.0,0,True,496.3699951171875
2026-08-27T05:04:47Z,MSFT,2026-08-28,call,350.0,133.65,0.0,0.0,1.0000000000000003e-05,60.0,0,True,496.3699951171875
2026-08-27T05:04:47Z,MSFT,2026-08-28,call,355.0,128.32,0.0,0.0,1.0000000000000003e-05,10.0,0,True,496.3699951171875
2026-08-27T05:04:47Z,MSFT,2026-08-28,call,360.0,124.1,0.0,0.0,1.0000000000000003e-05,125.0,0,True,496.3699951171875
2026-08-27T05:04:47Z,MSFT,2026-08-28,call,365.0,118.87,0.0,0.0,1.0000000000000003e-05,10.0,0,True,496.3699951171875
2026-08-27T05:04:47Z,MSFT,2026-08-28,call,370.0,114.1,0.0,0.0,1.0000000000000003e-05,60.0,0,True,496.3699951171875
2026-08-27T05:04:47Z,MSFT,2026-08-28,call,375.0,108.6,0.0,0.0,1.0000000000000003e-05,50.0,0,True,496.3699951171875
2026-08-27T05:04:47Z,MSFT,2026-08-28,call,380.0,115.21,0.0,0.0,1.0000000000000003e-05,2.0,0,True,496.3699951171875
2026-08-27T05:04:47Z,MSFT,2026-08-28,call,385.0,110.24,0.0,0.0,1.0000000000000003e-05,2.0,0,True,496.3699951171875
2026-08-27T05:04:47Z,MSFT,2026-08-28,call,390.0,106.02,0.0,0.0,1.0000000000000003e-05,6.0,0,True,496.3699951171875
2026-08-27T05:04:47Z,MSFT,2026-08-28,call,395.0,86.4,0.0,0.0,1.0000000000000003e-05,1.0,0,True,496.3699951171875
2026-08-27T05:04:47Z,MSFT,2026-08-28,call,400.0,96.3,0.0,0.0,1.0000000000000003e-05,3.0,0,True,496.3699951171875
2026-08-27T05:04:47Z,MSFT,2026-08-28,call,405.0,83.89,0.0,0.0,1.0000000000000003e-05,5.0,0,True,496.3699951171875
2026-08-27T05:04:47Z,MSFT,2026-08-28,call,410.0,80.56,0.0,0.0,1.0000000000000003e-05,2.0,0,True,496.3699951171875
2026-08-27T05:04:47Z,MSFT,2026-08-28,call,415.0,68.37,0.0,0.0,1.0000000000000003e-05,1.0,0,True,496.3699951171875
2026-08-27T05:04:47Z,MSFT,2026-08-28,call,420.0,64.77,0.0,0.0,1.0000000000000003e-05,5.0,0,True,496.3699951171875
2026-08-27T05:04:47Z,MSFT,2026-08-28,call,425.0,63.4,0.0,0.0,1.0000000000000003e-05,2.0,0,True,496.3699951171875
2026-08-27T05:04:47Z,MSFT,2026-08-28,call,430.0,65.46,0.0,0.0,1.0000000000000003e-05,1.0,0,True,496.3699951171875
2026-08-27T05:04:47Z,MSFT,2026-08-28,call,435.0,62.3,0.0,0.0,1.0000000000000003e-05,1.0,0,True,496.3699951171875
2026-08-27T05:04:47Z,MSFT,2026-08-28,call,437.5,47.45,0.0,0.0,1.0000000000000003e-05,58.0,0,True,496.3699951171875
2026-08-27T05:04:47Z,MSFT,2026-08-28,call,440.0,54.25,0.0,0.0,1.0000000000000003e-05,3.0,0,True,496.3699951171875
2026-08-27T05:04:47Z,MSFT,2026-08-28,call,442.5,51.82,0.0,0.0,1.0000000000000003e-05,1.0,0,True,496.3699951171875
2026-08-27T05:04:47Z,MSFT,2026-08-28,call,445.0,49.82,0.0,0.0,1.0000000000000003e-05,3.0,0,True,496.3699951171875
2026-08-27T05:04:47Z,MSFT,2026-08-28,call,447.5,41.87,0.0,0.0,1.0000000000000003e-05,2.0,0,True,496.3699951171875
2026-08-27T05:04:47Z,MSFT,2026-08-28,call,450.0,44.25,0.0,0.0,1.0000000000000003e-05,25.0,0,True,496.3699951171875
2026-08-27T05:04:47Z,MSFT,2026-08-28,call,452.5,36.78,0.0,0.0,1.0000000000000003e-05,14.0,0,True,496.3699951171875
2026-08-27T05:04:47Z,MSFT,2026-08-28,call,455.0,41.95,0.0,0.0,1.0000000000000003e-05,40.0,0,True,496.3699951171875
2026-08-27T05:04:47Z,MSFT,2026-08-28,call,457.5,32.45,0.0,0.0,1.0000000000000003e-05,86.0,0,True,496.3699951171875
2026-08-27T05:04:47Z,MSFT,2026-08-28,call,460.0,37.01,0.0,0.0,1.0000000000000003e-05,41.0,0,True,496.3699951171875
2026-08-27T05:04:47Z,MSFT,2026-08-28,call,462.5,31.58,0.0,0.0,1.0000000000000003e-05,1.0,0,True,496.3699951171875
2026-08-27T05:04:47Z,MSFT,2026-08-28,call,465.0,31.64,0.0,0.0,1.0000000000000003e-05,22.0,0,True,496.3699951171875
2026-08-27T05:04:47Z,MSFT,2026-08-28,call,467.5,27.94,0.0,0.0,1.0000000000000003e-05,74.0,0,True,496.3699951171875
2026-08-27T05:04:47Z,MSFT,2026-08-28,call,470.0,26.31,0.0,0.0,1.0000000000000003e-05,159.0,0,True,496.3699951171875
2026-08-27T05:04:47Z,MSFT,2026-08-28,call,472.5,24.8,0.0,0.0,1.0000000000000003e-05,55.0,0,True,496.3699951171875
2026-08-27T05:04:47Z,MSFT,2026-08-28,call,475.0,21.6,0.0,0.0,1.0000000000000003e-05,71.0,0,True,496.3699951171875
2026-08-27T05:04:47Z,MSFT,2026-08-28,call,477.5,19.11,0.0,0.0,1.0000000000000003e-05,46.0,0,True,496.3699951171875
2026-08-27T05:04:47Z,MSFT,2026-08-28,call,480.0,17.37,0.0,0.0,1.0000000000000003e-05,240.0,0,True,496.3699951171875
2026-08-27T05:04:47Z,MSFT,2026-08-28,call,482.5,15.1,0.0,0.0,1.0000000000000003e-05,398.0,0,True,496.3699951171875
2026-08-27T05:04:47Z,MSFT,2026-08-28,call,485.0,12.57,0.0,0.0,1.0000000000000003e-05,488.0,0,True,496.3699951171875
2026-08-27T05:04:47Z,MSFT,2026-08-28,call,487.5,10.3,0.0,0.0,1.0000000000000003e-05,490.0,0,True,496.3699951171875
2026-08-27T05:04:47Z,MSFT,2026-08-28,call,490.0,8.63,0.0,0.0,1.0000000000000003e-05,1812.0,0,True,496.3699951171875
2026-08-27T05:04:47Z,MSFT,2026-08-28,call,492.5,6.8,0.0,0.0,1.0000000000000003e-05,1305.0,0,True,496.3699951171875
2026-08-27T05:04:47Z,MSFT,2026-08-28,call,495.0,5.08,0.0,0.0,1.0000000000000003e-05,9187.0,0,True,496.3699951171875
2026-08-27T05:04:47Z,MSFT,2026-08-28,call,497.5,3.85,0.0,0.0,0.007822421875,3581.0,0,False,496.3699951171875
2026-08-27T05:04:47Z,MSFT,2026-08-28,call,500.0,2.83,0.0,0.0,0.0312596875,13768.0,0,False,496.3699951171875
2026-08-27T05:04:47Z,MSFT,2026-08-28,call,502.5,2.05,0.0,0.0,0.0312596875,2589.0,0,False,496.3699951171875
2026-08-27T05:04:47Z,MSFT,2026-08-28,call,505.0,1.45,0.0,0.0,0.062509375,6612.0,0,False,496.3699951171875
2026-08-27T05:04:47Z,MSFT,2026-08-28,call,507.5,0.98,0.0,0.0,0.062509375,2101.0,0,False,496.3699951171875
2026-08-27T05:04:47Z,MSFT,2026-08-28,call,510.0,0.69,0.0,0.0,0.062509375,3482.0,0,False,496.3699951171875
2026-08-27T05:04:47Z,MSFT,2026-08-28,call,512.5,0.42,0.0,0.0,0.12500875,950.0,0,False,496.3699951171875
2026-08-27T05:04:47Z,MSFT,2026-08-28,call,515.0,0.29,0.0,0.0,0.12500875,1410.0,0,False,496.3699951171875
2026-08-27T05:04:47Z,MSFT,2026-08-28,call,517.5,0.21,0.0,0.0,0.12500875,379.0,0,False,496.3699951171875
2026-08-27T05:04:47Z,MSFT,2026-08-28,call,520.0,0.11,0.0,0.0,0.12500875,819.0,0,False,496.3699951171875
2026-08-27T05:04:47Z,MSFT,2026-08-28,call,522.5,0.13,0.0,0.0,0.12500875,226.0,0,False,496.3699951171875
2026-08-27T05:04:47Z,MSFT,2026-08-28,call,525.0,0.07,0.0,0.0,0.12500875,2605.0,0,False,496.3699951171875
2026-08-27T05:04:47Z,MSFT,2026-08-28,call,527.5,0.04,0.0,0.0,0.12500875,53.0,0,False,496.3699951171875
2026-08-27T05:04:47Z,MSFT,2026-08-28,call,530.0,0.02,0.0,0.0,0.2500075,97.0,0,False,496.3699951171875
2026-08-27T05:04:47Z,MSFT,2026-08-28,call,535.0,0.02,0.0,0.0,0.2500075,86.0,0,False,496.3699951171875
2026-08-27T05:04:47Z,MSFT,2026-08-28,call,540.0,0.02,0.0,0.0,0.2500075,181.0,0,False,496.3699951171875
2026-08-27T05:04:47Z,MSFT,2026-08-28,call,545.0,0.01,0.0,0.0,0.2500075,21.0,0,False,496.3699951171875
2026-08-27T05:04:47Z,MSFT,2026-08-28,call,550.0,0.01,0.0,0.0,0.2500075,21.0,0,False,496.3699951171875
2026-08-27T05:04:47Z,MSFT,2026-08-28,call,555.0,0.01,0.0,0.0,0.2500075,1.0,0,False,496.3699951171875
2026-08-27T05:04:47Z,MSFT,2026-08-28,call,560.0,0.01,0.0,0.0,0.2500075,37.0,0,False,496.3699951171875
2026-08-27T05:04:47Z,MSFT,2026-08-28,call,565.0,0.03,0.0,0.0,0.2500075,25.0,0,False,496.3699951171875
2026-08-27T05:04:47Z,MSFT,2026-08-28,call,570.0,0.01,0.0,0.0,0.500005,35.0,0,False,496.3699951171875
2026-08-27T05:04:47Z,MSFT,2026-08-28,call,575.0,0.04,0.0,0.0,0.500005,76.0,0,False,496.3699951171875
2026-08-27T05:04:47Z,MSFT,2026-08-28,call,580.0,0.01,0.0,0.0,0.500005,62.0,0,False,496.3699951171875
2026-08-27T05:04:47Z,MSFT,2026-08-28,call,585.0,0.04,0.0,0.0,0.500005,73.0,0,False,496.3699951171875
2026-08-27T05:04:47Z,MSFT,2026-08-28,call,590.0,0.03,0.0,0.0,0.500005,64.0,0,False,496.3699951171875
2026-08-27T05:04:47Z,MSFT,2026-08-28,call,600.0,0.15,0.0,0.0,0.500005,3.0,0,False,496.3699951171875
2026-08-27T05:04:47Z,MSFT,2026-08-28,call,610.0,0.01,0.0,0.0,0.500005,1.0,0,False,496.3699951171875
2026-08-27T05:04:47Z,MSFT,2026-08-28,call,620.0,0.01,0.0,0.0,0.500005,3.0,0,False,496.3699951171875
2026-08-27T05:04:47Z,MSFT,2026-08-28,call,630.0,0.02,0.0,0.0,0.500005,4.0,0,False,496.3699951171875
2026-08-27T05:04:47Z,MSFT,2026-08-28,call,640.0,0.01,0.0,0.0,0.500005,1.0,0,False,496.3699951171875
2026-08-27T05:04:47Z,MSFT,2026-08-28,call,650.0,0.01,0.0,0.0,0.500005,4.0,0,False,496.3699951171875
2026-08-27T05:04:47Z,MSFT,2026-08-28,call,660.0,0.01,0.0,0.0,0.500005,1.0,0,False,496.3699951171875
2026-08-27T05:04:47Z,MSFT,2026-08-28,call,670.0,0.01,0.0,0.0,0.500005,10.0,0,False,496.3699951171875
2026-08-27T05:04:47Z,MSFT,2026-08-28,call,680.0,0.01,0.0,0.0,0.500005,2.0,0,False,496.3699951171875
2026-08-27T05:04:47Z,MSFT,2026-08-28,put,270.0,0.01,0.0,0.0,0.500005,1.0,0,False,496.3699951171875
2026-08-27T05:04:47Z,MSFT,2026-08-28,put,280.0,0.01,0.0,0.0,0.500005,2.0,0,False,496.3699951171875
2026-08-27T05:04:47Z,MSFT,2026-08-28,put,290.0,0.01,0.0,0.0,0.500005,10.0,0,False,496.3699951171875
2026-08-27T05:04:47Z,MSFT,2026-08-28,put,300.0,0.01,0.0,0.0,0.500005,11.0,0,False,496.3699951171875
2026-08-27T05:04:47Z,MSFT,2026-08-28,put,305.0,0.01,0.0,0.0,0.500005,1.0,0,False,496.3699951171875
2026-08-27T05:04:47Z,MSFT,2026-08-28,put,310.0,0.01,0.0,0.0,0.500005,5.0,0,False,496.3699951171875
2026-08-27T05:04:47Z,MSFT,2026-08-28,put,315.0,0.01,0.0,0.0,0.500005,10.0,0,False,496.3699951171875
2026-08-27T05:04:47Z,MSFT,2026-08-28,put,320.0,0.03,0.0,0.0,0.500005,908.0,0,False,496.3699951171875
2026-08-27T05:04:47Z,MSFT,2026-08-28,put,325.0,0.02,0.0,0.0,0.500005,1.0,0,False,496.3699951171875
2026-08-27T05:04:47Z,MSFT,2026-08-28,put,330.0,0.01,0.0,0.0,0.500005,8.0,0,False,496.3699951171875
2026-08-27T05:04:47Z,MSFT,2026-08-28,put,335.0,0.01,0.0,0.0,0.500005,2.0,0,False,496.3699951171875
2026-08-27T05:04:47Z,MSFT,2026-08-28,put,340.0,0.01,0.0,0.0,0.500005,1.0,0,False,496.3699951171875
2026-08-27T05:04:47Z,MSFT,2026-08-28,put,345.0,0.01,0.0,0.0,0.500005,1.0,0,False,496.3699951171875
2026-08-27T05:04:47Z,MSFT,2026-08-28,put,350.0,0.01,0.0,0.0,0.500005,2.0,0,False,496.3699951171875
2026-08-27T05:04:47Z,MSFT,2026-08-28,put,355.0,0.01,0.0,0.0,0.500005,1.0,0,False,496.3699951171875
2026-08-27T05:04:47Z,MSFT,2026-08-28,put,360.0,0.01,0.0,0.0,0.500005,1.0,0,False,496.3699951171875
2026-08-27T05:04:47Z,MSFT,2026-08-28,put,365.0,0.01,0.0,0.0,0.500005,2.0,0,False,496.3699951171875
2026-08-27T05:04:47Z,MSFT,2026-08-28,put,370.0,0.02,0.0,0.0,0.500005,100.0,0,False,496.3699951171875
2026-08-27T05:04:47Z,MSFT,2026-08-28,put,375.0,0.01,0.0,0.0,0.500005,86.0,0,False,496.3699951171875
2026-08-27T05:04:47Z,MSFT,2026-08-28,put,380.0,0.01,0.0,0.0,0.500005,3.0,0,False,496.3699951171875
2026-08-27T05:04:47Z,MSFT,2026-08-28,put,385.0,0.03,0.0,0.0,0.500005,1.0,0,False,496.3699951171875
2026-08-27T05:04:47Z,MSFT,2026-08-28,put,390.0,0.01,0.0,0.0,0.500005,22.0,0,False,496.3699951171875
2026-08-27T05:04:47Z,MSFT,2026-08-28,put,395.0,0.01,0.0,0.0,0.500005,2.0,0,False,496.3699951171875
2026-08-27T05:04:47Z,MSFT,2026-08-28,put,400.0,0.02,0.0,0.0,0.500005,68.0,0,False,496.3699951171875
2026-08-27T05:04:47Z,MSFT,2026-08-28,put,405.0,0.01,0.0,0.0,0.500005,104.0,0,False,496.3699951171875
2026-08-27T05:04:47Z,MSFT,2026-08-28,put,410.0,0.01,0.0,0.0,0.500005,42.0,0,False,496.3699951171875
2026-08-27T05:04:47Z,MSFT,2026-08-28,put,415.0,0.01,0.0,0.0,0.500005,29.0,0,False,496.3699951171875
2026-08-27T05:04:47Z,MSFT,2026-08-28,put,420.0,0.01,0.0,0.0,0.500005,54.0,0,False,496.3699951171875
2026-08-27T05:04:47Z,MSFT,2026-08-28,put,425.0,0.01,0.0,0.0,0.500005,187.0,0,False,496.3699951171875
2026-08-27T05:04:47Z,MSFT,2026-08-28,put,430.0,0.02,0.0,0.0,0.500005,81.0,0,False,496.3699951171875
2026-08-27T05:04:47Z,MSFT,2026-08-28,put,435.0,0.02,0.0,0.0,0.500005,11.0,0,False,496.3699951171875
2026-08-27T05:04:47Z,MSFT,2026-08-28,put,437.5,0.08,0.0,0.0,0.2500075,4.0,0,False,496.3699951171875
2026-08-27T05:04:47Z,MSFT,2026-08-28,put,440.0,0.02,0.0,0.0,0.2500075,48.0,0,False,496.3699951171875
2026-08-27T05:04:47Z,MSFT,2026-08-28,put,442.5,0.04,0.0,0.0,0.2500075,3.0,0,False,496.3699951171875
2026-08-27T05:04:47Z,MSFT,2026-08-28,put,445.0,0.02,0.0,0.0,0.2500075,198.0,0,False,496.3699951171875
2026-08-27T05:04:47Z,MSFT,2026-08-28,put,447.5,0.05,0.0,0.0,0.2500075,13.0,0,False,496.3699951171875
2026-08-27T05:04:47Z,MSFT,2026-08-28,put,450.0,0.03,0.0,0.0,0.2500075,218.0,0,False,496.3699951171875
2026-08-27T05:04:47Z,MSFT,2026-08-28,put,452.5,0.08,0.0,0.0,0.2500075,50.0,0,False,496.3699951171875
2026-08-27T05:04:47Z,MSFT,2026-08-28,put,455.0,0.04,0.0,0.0,0.2500075,147.0,0,False,496.3699951171875
2026-08-27T05:04:47Z,MSFT,2026-08-28,put,457.5,0.04,0.0,0.0,0.2500075,548.0,0,False,496.3699951171875
2026-08-27T05:04:47Z,MSFT,2026-08-28,put,460.0,0.05,0.0,0.0,0.2500075,371.0,0,False,496.3699951171875
2026-08-27T05:04:47Z,MSFT,2026-08-28,put,462.5,0.06,0.0,0.0,0.2500075,42.0,0,False,496.3699951171875
2026-08-27T05:04:47Z,MSFT,2026-08-28,put,465.0,0.09,0.0,0.0,0.2500075,737.0,0,False,496.3699951171875
2026-08-27T05:04:47Z,MSFT,2026-08-28,put,467.5,0.09,0.0,0.0,0.12500875,195.0,0,False,496.3699951171875
2026-08-27T05:04:47Z,MSFT,2026-08-28,put,470.0,0.11,0.0,0.0,0.12500875,762.0,0,False,496.3699951171875
2026-08-27T05:04:47Z,MSFT,2026-08-28,put,472.5,0.15,0.0,0.0,0.12500875,193.0,0,False,496.3699951171875
2026-08-27T05:04:47Z,MSFT,2026-08-28,put,475.0,0.22,0.0,0.0,0.12500875,2175.0,0,False,496.3699951171875
2026-08-27T05:04:47Z,MSFT,2026-08-28,put,477.5,0.3,0.0,0.0,0.12500875,491.0,0,False,496.3699951171875
2026-08-27T05:04:47Z,MSFT,2026-08-28,put,480.0,0.45,0.0,0.0,0.12500875,1950.0,0,False,496.3699951171875
2026-08-27T05:04:47Z,MSFT,2026-08-28,put,482.5,0.63,0.0,0.0,0.062509375,2321.0,0,False,496.3699951171875
2026-08-27T05:04:47Z,MSFT,2026-08-28,put,485.0,0.93,0.0,0.0,0.062509375,1624.0,0,False,496.3699951171875
2026-08-27T05:04:47Z,MSFT,2026-08-28,put,487.5,1.35,0.0,0.0,0.062509375,1868.0,0,False,496.3699951171875
2026-08-27T05:04:47Z,MSFT,2026-08-28,put,490.0,1.91,0.0,0.0,0.0312596875,6275.0,0,False,496.3699951171875
2026-08-27T05:04:47Z,MSFT,2026-08-28,put,492.5,2.6,0.0,0.0,0.0312596875,1780.0,0,False,496.3699951171875
2026-08-27T05:04:47Z,MSFT,2026-08-28,put,495.0,3.6,0.0,0.0,0.007822421875,1530.0,0,False,496.3699951171875
2026-08-27T05:04:47Z,MSFT,2026-08-28,put,497.5,4.85,0.0,0.0,1.0000000000000003e-05,566.0,0,True,496.3699951171875
2026-08-27T05:04:47Z,MSFT,2026-08-28,put,500.0,6.0,0.0,0.0,1.0000000000000003e-05,155.0,0,True,496.3699951171875
2026-08-27T05:04:47Z,MSFT,2026-08-28,put,502.5,7.67,0.0,0.0,1.0000000000000003e-05,90.0,0,True,496.3699951171875
2026-08-27T05:04:47Z,MSFT,2026-08-28,put,505.0,9.84,0.0,0.0,1.0000000000000003e-05,46.0,0,True,496.3699951171875
2026-08-27T05:04:47Z,MSFT,2026-08-28,put,507.5,13.62,0.0,0.0,1.0000000000000003e-05,2.0,0,True,496.3699951171875
2026-08-27T05:04:47Z,MSFT,2026-08-28,put,510.0,13.59,0.0,0.0,1.0000000000000003e-05,13.0,0,True,496.3699951171875
2026-08-27T05:04:47Z,MSFT,2026-08-28,put,512.5,17.81,0.0,0.0,1.0000000000000003e-05,5.0,0,True,496.3699951171875
2026-08-27T05:04:47Z,MSFT,2026-08-28,put,515.0,18.42,0.0,0.0,1.0000000000000003e-05,64.0,0,True,496.3699951171875
2026-08-27T05:04:47Z,MSFT,2026-08-28,put,517.5,20.77,0.0,0.0,1.0000000000000003e-05,64.0,0,True,496.3699951171875
2026-08-27T05:04:47Z,MSFT,2026-08-28,put,520.0,33.27,0.0,0.0,1.0000000000000003e-05,2.0,0,True,496.3699951171875
2026-08-27T05:04:47Z,MSFT,2026-08-28,put,522.5,33.9,0.0,0.0,1.0000000000000003e-05,1.0,0,True,496.3699951171875
2026-08-27T05:04:47Z,MSFT,2026-08-28,put,525.0,31.5,0.0,0.0,1.0000000000000003e-05,2.0,0,True,496.3699951171875
2026-08-27T05:04:47Z,MSFT,2026-08-28,put,527.5,33.88,0.0,0.0,1.0000000000000003e-05,,0,True,496.3699951171875
2026-08-27T05:04:47Z,MSFT,2026-08-28,put,530.0,49.06,0.0,0.0,1.0000000000000003e-05,62.0,0,True,496.3699951171875
2026-08-27T05:04:47Z,MSFT,2026-08-28,put,535.0,51.55,0.0,0.0,1.0000000000000003e-05,15.0,0,True,496.3699951171875
2026-08-27T05:04:47Z,MSFT,2026-08-28,put,540.0,50.5,0.0,0.0,1.0000000000000003e-05,20.0,0,True,496.3699951171875
2026-08-27T05:04:47Z,MSFT,2026-08-28,put,545.0,61.9,0.0,0.0,1.0000000000000003e-05,18.0,0,True,496.3699951171875
2026-08-27T05:04:47Z,MSFT,2026-08-28,put,550.0,55.19,0.0,0.0,1.0000000000000003e-05,1.0,0,True,496.3699951171875
2026-08-27T05:04:47Z,MSFT,2026-08-28,put,555.0,71.14,0.0,0.0,1.0000000000000003e-05,1.0,0,True,496.3699951171875
2026-08-27T05:04:47Z,MSFT,2026-08-28,put,560.0,76.12,0.0,0.0,1.0000000000000003e-05,1.0,0,True,496.3699951171875
2026-08-27T05:04:47Z,MSFT,2026-08-28,put,570.0,75.2,0.0,0.0,1.0000000000000003e-05,,0,True,496.3699951171875
2026-08-27T05:04:47Z,MSFT,2026-08-28,put,585.0,101.2,0.0,0.0,1.0000000000000003e-05,2.0,0,True,496.3699951171875
2026-08-27T05:04:47Z,MSFT,2026-08-28,put,590.0,106.18,0.0,0.0,1.0000000000000003e-05,1.0,0,True,496.3699951171875
2026-08-27T05:04:47Z,MSFT,2026-08-28,put,600.0,116.21,0.0,0.0,1.0000000000000003e-05,1.0,0,True,496.3699951171875
2026-08-27T05:04:47Z,MSFT,2026-08-31,call,400.0,94.15,0.0,0.0,1.0000000000000003e-05,2.0,0,True,496.3699951171875
2026-08-27T05:04:47Z,MSFT,2026-08-31,call,410.0,73.1,0.0,0.0,1.0000000000000003e-05,,0,True,496.3699951171875
2026-08-27T05:04:47Z,MSFT,2026-08-31,call,425.0,57.21,0.0,0.0,1.0000000000000003e-05,,0,True,496.3699951171875
2026-08-27T05:04:47Z,MSFT,2026-08-31,call,430.0,52.3,0.0,0.0,1.0000000000000003e-05,,0,True,496.3699951171875
2026-08-27T05:04:47Z,MSFT,2026-08-31,call,435.0,46.14,0.0,0.0,1.0000000000000003e-05,,0,True,496.3699951171875
2026-08-27T05:04:47Z,MSFT,2026-08-31,call,437.5,57.54,0.0,0.0,1.0000000000000003e-05,1.0,0,True,496.3699951171875
2026-08-27T05:04:47Z,MSFT,2026-08-31,call,440.0,46.0,0.0,0.0,1.0000000000000003e-05,1.0,0,True,496.3699951171875
2026-08-27T05:04:47Z,MSFT,2026-08-31,call,442.5,39.68,0.0,0.0,1.0000000000000003e-05,,0,True,496.3699951171875
2026-08-27T05:04:47Z,MSFT,2026-08-31,call,445.0,45.8,0.0,0.0,1.0000000000000003e-05,8.0,0,True,496.3699951171875
2026-08-27T05:04:47Z,MSFT,2026-08-31,call,447.5,37.76,0.0,0.0,1.0000000000000003e-05,1.0,0,True,496.3699951171875
2026-08-27T05:04:47Z,MSFT,2026-08-31,call,450.0,37.48,0.0,0.0,1.0000000000000003e-05,1.0,0,True,496.3699951171875
2026-08-27T05:04:47Z,MSFT,2026-08-31,call,455.0,32.37,0.0,0.0,1.0000000000000003e-05,4.0,0,True,496.3699951171875
2026-08-27T05:04:47Z,MSFT,2026-08-31,call,457.5,31.24,0.0,0.0,1.0000000000000003e-05,60.0,0,True,496.3699951171875
2026-08-27T05:04:47Z,MSFT,2026-08-31,call,460.0,36.23,0.0,0.0,1.0000000000000003e-05,12.0,0,True,496.3699951171875
2026-08-27T05:04:47Z,MSFT,2026-08-31,call,462.5,27.22,0.0,0.0,1.0000000000000003e-05,1.0,0,True,496.3699951171875
2026-08-27T05:04:47Z,MSFT,2026-08-31,call,465.0,26.3,0.0,0.0,1.0000000000000003e-05,1.0,0,True,496.3699951171875
2026-08-27T05:04:47Z,MSFT,2026-08-31,call,467.5,19.45,0.0,0.0,1.0000000000000003e-05,2.0,0,True,496.3699951171875
2026-08-27T05:04:47Z,MSFT,2026-08-31,call,470.0,24.8,0.0,0.0,1.0000000000000003e-05,2.0,0,True,496.3699951171875
2026-08-27T05:04:47Z,MSFT,2026-08-31,call,472.5,22.7,0.0,0.0,1.0000000000000003e-05,1.0,0,True,496.3699951171875
2026-08-27T05:04:47Z,MSFT,2026-08-31,call,475.0,21.6,0.0,0.0,1.0000000000000003e-05,2.0,0,True,496.3699951171875
2026-08-27T05:04:47Z,MSFT,2026-08-31,call,477.5,19.11,0.0,0.0,1.0000000000000003e-05,1.0,0,True,496.3699951171875
2026-08-27T05:04:47Z,MSFT,2026-08-31,call,480.0,17.65,0.0,0.0,1.0000000000000003e-05,5.0,0,True,496.3699951171875
2026-08-27T05:04:47Z,MSFT,2026-08-31,call,482.5,15.2,0.0,0.0,1.0000000000000003e-05,20.0,0,True,496.3699951171875
2026-08-27T05:04:47Z,MSFT,2026-08-31,call,485.0,13.6,0.0,0.0,1.0000000000000003e-05,106.0,0,True,496.3699951171875
2026-08-27T05:04:47Z,MSFT,2026-08-31,call,487.5,10.4,0.0,0.0,1.0000000000000003e-05,32.0,0,True,496.3699951171875
2026-08-27T05:04:47Z,MSFT,2026-08-31,call,490.0,9.68,0.0,0.0,1.0000000000000003e-05,374.0,0,True,496.3699951171875
2026-08-27T05:04:47Z,MSFT,2026-08-31,call,492.5,7.75,0.0,0.0,1.0000000000000003e-05,229.0,0,True,496.3699951171875
2026-08-27T05:04:47Z,MSFT,2026-08-31,call,495.0,6.0,0.0,0.0,1.0000000000000003e-05,448.0,0,True,496.3699951171875
2026-08-27T05:04:47Z,MSFT,2026-08-31,call,497.5,5.1,0.0,0.0,0.007822421875,235.0,0,False,496.3699951171875
2026-08-27T05:04:47Z,MSFT,2026-08-31,call,500.0,3.6,0.0,0.0,0.015634843750000002,1225.0,0,False,496.3699951171875
2026-08-27T05:04:47Z,MSFT,2026-08-31,call,502.5,3.05,0.0,0.0,0.0312596875,327.0,0,False,496.3699951171875
2026-08-27T05:04:47Z,MSFT,2026-08-31,call,505.0,2.2,0.0,0.0,0.0312596875,400.0,0,False,496.3699951171875
2026-08-27T05:04:47Z,MSFT,2026-08-31,call,507.5,1.49,0.0,0.0,0.0312596875,188.0,0,False,496.3699951171875
2026-08-27T05:04:47Z,MSFT,2026-08-31,call,510.0,1.23,0.0,0.0,0.062509375,402.0,0,False,496.3699951171875
2026-08-27T05:04:47Z,MSFT,2026-08-31,call,512.5,0.98,0.0,0.0,0.062509375,153.0,0,False,496.3699951171875
2026-08-27T05:04:47Z,MSFT,2026-08-31,call,515.0,0.62,0.0,0.0,0.062509375,150.0,0,False,496.3699951171875
2026-08-27T05:04:47Z,MSFT,2026-08-31,call,517.5,0.43,0.0,0.0,0.062509375,54.0,0,False,496.3699951171875
2026-08-27T05:04:47Z,MSFT,2026-08-31,call,520.0,0.28,0.0,0.0,0.062509375,205.0,0,False,496.3699951171875
2026-08-27T05:04:47Z,MSFT,2026-08-31,call,522.5,0.19,0.0,0.0,0.12500875,13.0,0,False,496.3699951171875
2026-08-27T05:04:47Z,MSFT,2026-08-31,call,525.0,0.14,0.0,0.0,0.12500875,162.0,0,False,496.3699951171875
2026-08-27T05:04:47Z,MSFT,2026-08-31,call,527.5,0.16,0.0,0.0,0.12500875,,0,False,496.3699951171875
2026-08-27T05:04:47Z,MSFT,2026-08-31,call,530.0,0.07,0.0,0.0,0.12500875,15.0,0,False,496.3699951171875
2026-08-27T05:04:47Z,MSFT,2026-08-31,call,535.0,0.04,0.0,0.0,0.12500875,16.0,0,False,496.3699951171875
2026-08-27T05:04:47Z,MSFT,2026-08-31,call,540.0,0.02,0.0,0.0,0.12500875,1.0,0,False,496.3699951171875
2026-08-27T05:04:47Z,MSFT,2026-08-31,call,545.0,0.02,0.0,0.0,0.12500875,59.0,0,False,496.3699951171875
2026-08-27T05:04:47Z,MSFT,2026-08-31,call,550.0,0.02,0.0,0.0,0.2500075,1.0,0,False,496.3699951171875
2026-08-27T05:04:47Z,MSFT,2026-08-31,call,555.0,0.01,0.0,0.0,0.2500075,8.0,0,False,496.3699951171875
2026-08-27T05:04:47Z,MSFT,2026-08-31,call,560.0,0.01,0.0,0.0,0.2500075,,0,False,496.3699951171875
2026-08-27T05:04:47Z,MSFT,2026-08-31,call,565.0,0.11,0.0,0.0,0.2500075,6.0,0,False,496.3699951171875
2026-08-27T05:04:47Z,MSFT,2026-08-31,call,570.0,0.11,0.0,0.0,0.2500075,2.0,0,False,496.3699951171875
2026-08-27T05:04:47Z,MSFT,2026-08-31,put,300.0,0.59,0.0,0.0,0.500005,31.0,0,False,496.3699951171875
2026-08-27T05:04:47Z,MSFT,2026-08-31,put,330.0,0.02,0.0,0.0,0.500005,2.0,0,False,496.3699951171875
2026-08-27T05:04:47Z,MSFT,2026-08-31,put,335.0,1.11,0.0,0.0,0.500005,13.0,0,False,496.3699951171875
2026-08-27T05:04:47Z,MSFT,2026-08-31,put,345.0,0.06,0.0,0.0,0.500005,132.0,0,False,496.3699951171875
2026-08-27T05:04:47Z,MSFT,2026-08-31,put,375.0,0.05,0.0,0.0,0.500005,,0,False,496.3699951171875
2026-08-27T05:04:47Z,MSFT,2026-08-31,put,385.0,0.06,0.0,0.0,0.500005,7.0,0,False,496.3699951171875
2026-08-27T05:04:47Z,MSFT,2026-08-31,put,390.0,0.06,0.0,0.0,0.500005,6.0,0,False,496.3699951171875
2026-08-27T05:04:47Z,MSFT,2026-08-31,put,395.0,1.41,0.0,0.0,0.500005,4.0,0,False,496.3699951171875
2026-08-27T05:04:47Z,MSFT,2026-08-31,put,400.0,0.01,0.0,0.0,0.500005,20.0,0,False,496.3699951171875
2026-08-27T05:04:47Z,MSFT,2026-08-31,put,405.0,0.08,0.0,0.0,0.2500075,1.0,0,False,496.3699951171875
2026-08-27T05:04:47Z,MSFT,2026-08-31,put,410.0,0.03,0.0,0.0,0.2500075,3.0,0,False,496.3699951171875
2026-08-27T05:04:47Z,MSFT,2026-08-31,put,415.0,0.02,0.0,0.0,0.2500075,38.0,0,False,496.3699951171875
2026-08-27T05:04:47Z,MSFT,2026-08-31,put,420.0,0.03,0.0,0.0,0.2500075,11.0,0,False,496.3699951171875
2026-08-27T05:04:47Z,MSFT,2026-08-31,put,425.0,0.06,0.0,0.0,0.2500075,4.0,0,False,496.3699951171875
2026-08-27T05:04:47Z,MSFT,2026-08-31,put,430.0,0.05,0.0,0.0,0.2500075,20.0,0,False,496.3699951171875
2026-08-27T05:04:47Z,MSFT,2026-08-31,put,435.0,0.05,0.0,0.0,0.2500075,3.0,0,False,496.3699951171875
2026-08-27T05:04:47Z,MSFT,2026-08-31,put,437.5,0.05,0.0,0.0,0.2500075,2.0,0,False,496.3699951171875
2026-08-27T05:04:47Z,MSFT,2026-08-31,put,440.0,0.03,0.0,0.0,0.2500075,25.0,0,False,496.3699951171875
2026-08-27T05:04:47Z,MSFT,2026-08-31,put,442.5,0.09,0.0,0.0,0.2500075,17.0,0,False,496.3699951171875
2026-08-27T05:04:47Z,MSFT,2026-08-31,put,445.0,0.08,0.0,0.0,0.2500075,18.0,0,False,496.3699951171875
2026-08-27T05:04:47Z,MSFT,2026-08-31,put,447.5,0.16,0.0,0.0,0.2500075,21.0,0,False,496.3699951171875
2026-08-27T05:04:47Z,MSFT,2026-08-31,put,450.0,0.07,0.0,0.0,0.12500875,9.0,0,False,496.3699951171875
2026-08-27T05:04:47Z,MSFT,2026-08-31,put,452.5,0.22,0.0,0.0,0.12500875,3.0,0,False,496.3699951171875
2026-08-27T05:04:47Z,MSFT,2026-08-31,put,455.0,0.02,0.0,0.0,0.12500875,50.0,0,False,496.3699951171875
2026-08-27T05:04:47Z,MSFT,2026-08-31,put,457.5,0.11,0.0,0.0,0.12500875,8.0,0,False,496.3699951171875
2026-08-27T05:04:47Z,MSFT,2026-08-31,put,460.0,0.1,0.0,0.0,0.12500875,24.0,0,False,496.3699951171875
2026-08-27T05:04:47Z,MSFT,2026-08-31,put,462.5,0.12,0.0,0.0,0.12500875,44.0,0,False,496.3699951171875
2026-08-27T05:04:47Z,MSFT,2026-08-31,put,465.0,0.15,0.0,0.0,0.12500875,66.0,0,False,496.3699951171875
2026-08-27T05:04:47Z,MSFT,2026-08-31,put,467.5,0.2,0.0,0.0,0.12500875,69.0,0,False,496.3699951171875
2026-08-27T05:04:47Z,MSFT,2026-08-31,put,470.0,0.31,0.0,0.0,0.12500875,111.0,0,False,496.3699951171875
2026-08-27T05:04:47Z,MSFT,2026-08-31,put,472.5,0.32,0.0,0.0,0.12500875,44.0,0,False,496.3699951171875
2026-08-27T05:04:47Z,MSFT,2026-08-31,put,475.0,0.45,0.0,0.0,0.062509375,111.0,0,False,496.3699951171875
2026-08-27T05:04:47Z,MSFT,2026-08-31,put,477.5,0.44,0.0,0.0,0.062509375,133.0,0,False,496.3699951171875
2026-08-27T05:04:47Z,MSFT,2026-08-31,put,480.0,0.85,0.0,0.0,0.062509375,210.0,0,False,496.3699951171875
2026-08-27T05:04:47Z,MSFT,2026-08-31,put,482.5,1.12,0.0,0.0,0.062509375,133.0,0,False,496.3699951171875
2026-08-27T05:04:47Z,MSFT,2026-08-31,put,485.0,1.51,0.0,0.0,0.062509375,186.0,0,False,496.3699951171875
2026-08-27T05:04:47Z,MSFT,2026-08-31,put,487.5,2.04,0.0,0.0,0.0312596875,60.0,0,False,496.3699951171875
2026-08-27T05:04:47Z,MSFT,2026-08-31,put,490.0,2.55,0.0,0.0,0.0312596875,652.0,0,False,496.3699951171875
2026-08-27T05:04:47Z,MSFT,2026-08-31,put,492.5,3.4,0.0,0.0,0.015634843750000002,123.0,0,False,496.3699951171875
2026-08-27T05:04:47Z,MSFT,2026-08-31,put,495.0,4.6,0.0,0.0,0.007822421875,602.0,0,False,496.3699951171875
2026-08-27T05:04:47Z,MSFT,2026-08-31,put,497.5,5.55,0.0,0.0,1.0000000000000003e-05,64.0,0,True,496.3699951171875
2026-08-27T05:04:47Z,MSFT,2026-08-31,put,500.0,6.9,0.0,0.0,1.0000000000000003e-05,114.0,0,True,496.3699951171875
2026-08-27T05:04:47Z,MSFT,2026-08-31,put,502.5,19.0,0.0,0.0,1.0000000000000003e-05,1.0,0,True,496.3699951171875
2026-08-27T05:04:47Z,MSFT,2026-08-31,put,505.0,10.02,0.0,0.0,1.0000000000000003e-05,10.0,0,True,496.3699951171875
2026-08-27T05:04:47Z,MSFT,2026-08-31,put,510.0,21.74,0.0,0.0,1.0000000000000003e-05,1.0,0,True,496.3699951171875
2026-08-27T05:04:47Z,MSFT,2026-08-31,put,512.5,29.61,0.0,0.0,1.0000000000000003e-05,,0,True,496.3699951171875
2026-08-27T05:04:47Z,MSFT,2026-08-31,put,515.0,26.68,0.0,0.0,1.0000000000000003e-05,34.0,0,True,496.3699951171875
2026-08-27T05:04:47Z,MSFT,2026-08-31,put,517.5,29.03,0.0,0.0,1.0000000000000003e-05,34.0,0,True,496.3699951171875
2026-08-27T05:04:47Z,MSFT,2026-08-31,put,520.0,33.02,0.0,0.0,1.0000000000000003e-05,2.0,0,True,496.3699951171875
2026-08-27T05:04:47Z,MSFT,2026-08-31,put,550.0,71.55,0.0,0.0,1.0000000000000003e-05,,0,True,496.3699951171875
2026-08-27T05:04:47Z,MSFT,2026-09-02,call,320.0,167.4,0.0,0.0,1.0000000000000003e-05,1.0,0,True,496.3699951171875
2026-08-27T05:04:47Z,MSFT,2026-09-02,call,410.0,72.63,0.0,0.0,1.0000000000000003e-05,3.0,0,True,496.3699951171875
2026-08-27T05:04:47Z,MSFT,2026-09-02,call,430.0,59.34,0.0,0.0,1.0000000000000003e-05,144.0,0,True,496.3699951171875
2026-08-27T05:04:47Z,MSFT,2026-09-02,call,432.5,56.89,0.0,0.0,1.0000000000000003e-05,62.0,0,True,496.3699951171875
2026-08-27T05:04:47Z,MSFT,2026-09-02,call,435.0,56.03,0.0,0.0,1.0000000000000003e-05,1.0,0,True,496.3699951171875
2026-08-27T05:04:47Z,MSFT,2026-09-02,call,437.5,51.56,0.0,0.0,1.0000000000000003e-05,192.0,0,True,496.3699951171875
2026-08-27T05:04:47Z,MSFT,2026-09-02,call,440.0,55.21,0.0,0.0,1.0000000000000003e-05,1.0,0,True,496.3699951171875
2026-08-27T05:04:47Z,MSFT,2026-09-02,call,445.0,38.02,0.0,0.0,1.0000000000000003e-05,,0,True,496.3699951171875
2026-08-27T05:04:47Z,MSFT,2026-09-02,call,447.5,40.6,0.0,0.0,1.0000000000000003e-05,2.0,0,True,496.3699951171875
2026-08-27T05:04:47Z,MSFT,2026-09-02,call,450.0,44.92,0.0,0.0,1.0000000000000003e-05,2.0,0,True,496.3699951171875
2026-08-27T05:04:47Z,MSFT,2026-09-02,call,452.5,37.58,0.0,0.0,1.0000000000000003e-05,168.0,0,True,496.3699951171875
2026-08-27T05:04:47Z,MSFT,2026-09-02,call,455.0,35.18,0.0,0.0,1.0000000000000003e-05,168.0,0,True,496.3699951171875
2026-08-27T05:04:47Z,MSFT,2026-09-02,call,460.0,36.45,0.0,0.0,1.0000000000000003e-05,136.0,0,True,496.3699951171875
2026-08-27T05:04:47Z,MSFT,2026-09-02,call,462.5,33.37,0.0,0.0,1.0000000000000003e-05,134.0,0,True,496.3699951171875
2026-08-27T05:04:47Z,MSFT,2026-09-02,call,465.0,30.86,0.0,0.0,1.0000000000000003e-05,32.0,0,True,496.3699951171875
2026-08-27T05:04:47Z,MSFT,2026-09-02,call,467.5,28.5,0.0,0.0,1.0000000000000003e-05,33.0,0,True,496.3699951171875
2026-08-27T05:04:47Z,MSFT,2026-09-02,call,470.0,25.17,0.0,0.0,1.0000000000000003e-05,4.0,0,True,496.3699951171875
2026-08-27T05:04:47Z,MSFT,2026-09-02,call,472.5,15.3,0.0,0.0,1.0000000000000003e-05,2.0,0,True,496.3699951171875
2026-08-27T05:04:47Z,MSFT,2026-09-02,call,475.0,18.33,0.0,0.0,1.0000000000000003e-05,34.0,0,True,496.3699951171875
2026-08-27T05:04:47Z,MSFT,2026-09-02,call,477.5,13.09,0.0,0.0,1.0000000000000003e-05,1.0,0,True,496.3699951171875
2026-08-27T05:04:47Z,MSFT,2026-09-02,call,480.0,17.5,0.0,0.0,1.0000000000000003e-05,10.0,0,True,496.3699951171875
2026-08-27T05:04:47Z,MSFT,2026-09-02,call,482.5,11.51,0.0,0.0,1.0000000000000003e-05,9.0,0,True,496.3699951171875
2026-08-27T05:04:47Z,MSFT,2026-09-02,call,485.0,14.55,0.0,0.0,1.0000000000000003e-05,25.0,0,True,496.3699951171875
2026-08-27T05:04:47Z,MSFT,2026-09-02,call,487.5,12.18,0.0,0.0,1.0000000000000003e-05,24.0,0,True,496.3699951171875
2026-08-27T05:04:47Z,MSFT,2026-09-02,call,490.0,10.95,0.0,0.0,1.0000000000000003e-05,55.0,0,True,496.3699951171875
2026-08-27T05:04:47Z,MSFT,2026-09-02,call,492.5,8.95,0.0,0.0,1.0000000000000003e-05,88.0,0,True,496.3699951171875
2026-08-27T05:04:47Z,MSFT,2026-09-02,call,495.0,7.6,0.0,0.0,1.0000000000000003e-05,174.0,0,True,496.3699951171875
2026-08-27T05:04:47Z,MSFT,2026-09-02,call,497.5,6.13,0.0,0.0,0.0039162109375,56.0,0,False,496.3699951171875
2026-08-27T05:04:47Z,MSFT,2026-09-02,call,500.0,5.14,0.0,0.0,0.015634843750000002,230.0,0,False,496.3699951171875
2026-08-27T05:04:47Z,MSFT,2026-09-02,call,502.5,4.35,0.0,0.0,0.015634843750000002,151.0,0,False,496.3699951171875
2026-08-27T05:04:47Z,MSFT,2026-09-02,call,505.0,3.24,0.0,0.0,0.0312596875,77.0,0,False,496.3699951171875
2026-08-27T05:04:47Z,MSFT,2026-09-02,call,507.5,2.69,0.0,0.0,0.0312596875,27.0,0,False,496.3699951171875
2026-08-27T05:04:47Z,MSFT,2026-09-02,call,510.0,2.12,0.0,0.0,0.0312596875,145.0,0,False,496.3699951171875
2026-08-27T05:04:47Z,MSFT,2026-09-02,call,512.5,1.42,0.0,0.0,0.062509375,43.0,0,False,496.3699951171875
2026-08-27T05:04:47Z,MSFT,2026-09-02,call,515.0,1.26,0.0,0.0,0.062509375,81.0,0,False,496.3699951171875
2026-08-27T05:04:47Z,MSFT,2026-09-02,call,517.5,0.91,0.0,0.0,0.062509375,43.0,0,False,496.3699951171875
2026-08-27T05:04:47Z,MSFT,2026-09-02,call,520.0,0.72,0.0,0.0,0.062509375,84.0,0,False,496.3699951171875
2026-08-27T05:04:47Z,MSFT,2026-09-02,call,522.5,0.51,0.0,0.0,0.062509375,17.0,0,False,496.3699951171875
2026-08-27T05:04:47Z,MSFT,2026-09-02,call,525.0,0.41,0.0,0.0,0.062509375,10.0,0,False,496.3699951171875
2026-08-27T05:04:47Z,MSFT,2026-09-02,call,527.5,0.28,0.0,0.0,0.12500875,8.0,0,False,496.3699951171875
2026-08-27T05:04:47Z,MSFT,2026-09-02,call,530.0,0.21,0.0,0.0,0.12500875,8.0,0,False,496.3699951171875
2026-08-27T05:04:47Z,MSFT,2026-09-02,call,535.0,0.14,0.0,0.0,0.12500875,4.0,0,False,496.3699951171875
2026-08-27T05:04:47Z,MSFT,2026-09-02,call,540.0,0.19,0.0,0.0,0.12500875,1.0,0,False,496.3699951171875
2026-08-27T05:04:47Z,MSFT,2026-09-02,call,545.0,0.05,0.0,0.0,0.12500875,13.0,0,False,496.3699951171875
2026-08-27T05:04:47Z,MSFT,2026-09-02,call,550.0,0.13,0.0,0.0,0.12500875,16.0,0,False,496.3699951171875
2026-08-27T05:04:47Z,MSFT,2026-09-02,call,570.0,0.03,0.0,0.0,0.2500075,3.0,0,False,496.3699951171875
2026-08-27T05:04:47Z,MSFT,2026-09-02,call,575.0,0.04,0.0,0.0,0.2500075,1.0,0,False,496.3699951171875
2026-08-27T05:04:47Z,MSFT,2026-09-02,put,300.0,0.08,0.0,0.0,0.500005,67.0,0,False,496.3699951171875
2026-08-27T05:04:47Z,MSFT,2026-09-02,put,335.0,0.03,0.0,0.0,0.500005,12.0,0,False,496.3699951171875
2026-08-27T05:04:47Z,MSFT,2026-09-02,put,340.0,0.01,0.0,0.0,0.500005,11.0,0,False,496.3699951171875
2026-08-27T05:04:47Z,MSFT,2026-09-02,put,385.0,0.05,0.0,0.0,0.500005,6.0,0,False,496.3699951171875
2026-08-27T05:04:47Z,MSFT,2026-09-02,put,390.0,0.06,0.0,0.0,0.2500075,4.0,0,False,496.3699951171875
2026-08-27T05:04:47Z,MSFT,2026-09-02,put,395.0,0.13,0.0,0.0,0.2500075,1.0,0,False,496.3699951171875
2026-08-27T05:04:47Z,MSFT,2026-09-02,put,400.0,0.14,0.0,0.0,0.2500075,12.0,0,False,496.3699951171875
2026-08-27T05:04:47Z,MSFT,2026-09-02,put,405.0,0.12,0.0,0.0,0.2500075,3.0,0,False,496.3699951171875
2026-08-27T05:04:47Z,MSFT,2026-09-02,put,415.0,0.1,0.0,0.0,0.2500075,8.0,0,False,496.3699951171875
2026-08-27T05:04:47Z,MSFT,2026-09-02,put,420.0,0.1,0.0,0.0,0.2500075,7.0,0,False,496.3699951171875
2026-08-27T05:04:47Z,MSFT,2026-09-02,put,430.0,0.2,0.0,0.0,0.2500075,1.0,0,False,496.3699951171875
2026-08-27T05:04:47Z,MSFT,2026-09-02,put,432.5,0.16,0.0,0.0,0.2500075,2.0,0,False,496.3699951171875
2026-08-27T05:04:47Z,MSFT,2026-09-02,put,435.0,0.21,0.0,0.0,0.2500075,21.0,0,False,496.3699951171875
2026-08-27T05:04:47Z,MSFT,2026-09-02,put,437.5,0.21,0.0,0.0,0.2500075,1.0,0,False,496.3699951171875
2026-08-27T05:04:47Z,MSFT,2026-09-02,put,440.0,0.14,0.0,0.0,0.12500875,20.0,0,False,496.3699951171875
2026-08-27T05:04:47Z,MSFT,2026-09-02,put,442.5,0.08,0.0,0.0,0.12500875,9.0,0,False,496.3699951171875
2026-08-27T05:04:47Z,MSFT,2026-09-02,put,445.0,0.08,0.0,0.0,0.12500875,5.0,0,False,496.3699951171875
2026-08-27T05:04:47Z,MSFT,2026-09-02,put,447.5,0.13,0.0,0.0,0.12500875,22.0,0,False,496.3699951171875
2026-08-27T05:04:47Z,MSFT,2026-09-02,put,450.0,0.12,0.0,0.0,0.12500875,29.0,0,False,496.3699951171875
2026-08-27T05:04:47Z,MSFT,2026-09-02,put,452.5,0.18,0.0,0.0,0.12500875,10.0,0,False,496.3699951171875
2026-08-27T05:04:47Z,MSFT,2026-09-02,put,455.0,0.24,0.0,0.0,0.12500875,4.0,0,False,496.3699951171875
2026-08-27T05:04:47Z,MSFT,2026-09-02,put,457.5,0.33,0.0,0.0,0.12500875,3.0,0,False,496.3699951171875
2026-08-27T05:04:47Z,MSFT,2026-09-02,put,460.0,0.25,0.0,0.0,0.12500875,12.0,0,False,496.3699951171875
2026-08-27T05:04:47Z,MSFT,2026-09-02,put,462.5,0.3,0.0,0.0,0.12500875,22.0,0,False,496.3699951171875
2026-08-27T05:04:47Z,MSFT,2026-09-02,put,465.0,0.47,0.0,0.0,0.12500875,11.0,0,False,496.3699951171875
2026-08-27T05:04:47Z,MSFT,2026-09-02,put,467.5,0.6,0.0,0.0,0.12500875,11.0,0,False,496.3699951171875
2026-08-27T05:04:47Z,MSFT,2026-09-02,put,470.0,0.75,0.0,0.0,0.062509375,77.0,0,False,496.3699951171875
2026-08-27T05:04:47Z,MSFT,2026-09-02,put,472.5,0.95,0.0,0.0,0.062509375,52.0,0,False,496.3699951171875
2026-08-27T05:04:47Z,MSFT,2026-09-02,put,475.0,0.99,0.0,0.0,0.062509375,22.0,0,False,496.3699951171875
2026-08-27T05:04:47Z,MSFT,2026-09-02,put,477.5,1.6,0.0,0.0,0.062509375,24.0,0,False,496.3699951171875
2026-08-27T05:04:47Z,MSFT,2026-09-02,put,480.0,1.6,0.0,0.0,0.062509375,91.0,0,False,496.3699951171875
2026-08-27T05:04:47Z,MSFT,2026-09-02,put,482.5,2.0,0.0,0.0,0.062509375,49.0,0,False,496.3699951171875
2026-08-27T05:04:47Z,MSFT,2026-09-02,put,485.0,2.51,0.0,0.0,0.0312596875,61.0,0,False,496.3699951171875
2026-08-27T05:04:47Z,MSFT,2026-09-02,put,487.5,3.13,0.0,0.0,0.0312596875,27.0,0,False,496.3699951171875
2026-08-27T05:04:47Z,MSFT,2026-09-02,put,490.0,3.9,0.0,0.0,0.0312596875,47.0,0,False,496.3699951171875
2026-08-27T05:04:47Z,MSFT,2026-09-02,put,500.0,8.17,0.0,0.0,1.0000000000000003e-05,56.0,0,True,496.3699951171875
2026-08-27T05:04:47Z,MSFT,2026-09-02,put,502.5,12.38,0.0,0.0,1.0000000000000003e-05,1.0,0,True,496.3699951171875
2026-08-27T05:04:47Z,MSFT,2026-09-02,put,535.0,55.65,0.0,0.0,1.0000000000000003e-05,,0,True,496.3699951171875
2026-08-27T05:04:47Z,MSFT,2026-09-04,call,300.0,199.01,0.0,0.0,1.0000000000000003e-05,1.0,0,True,496.3699951171875
2026-08-27T05:04:47Z,MSFT,2026-09-04,call,310.0,193.37,0.0,0.0,1.0000000000000003e-05,,0,True,496.3699951171875
2026-08-27T05:04:47Z,MSFT,2026-09-04,call,315.0,167.67,0.0,0.0,1.0000000000000003e-05,1.0,0,True,496.3699951171875
2026-08-27T05:04:47Z,MSFT,2026-09-04,call,320.0,159.47,0.0,0.0,1.0000000000000003e-05,,0,True,496.3699951171875
2026-08-27T05:04:47Z,MSFT,2026-09-04,call,325.0,154.53,0.0,0.0,1.0000000000000003e-05,,0,True,496.3699951171875
2026-08-27T05:04:47Z,MSFT,2026-09-04,call,330.0,128.69,0.0,0.0,1.0000000000000003e-05,8.0,0,True,496.3699951171875
2026-08-27T05:04:47Z,MSFT,2026-09-04,call,335.0,148.05,0.0,0.0,1.0000000000000003e-05,10.0,0,True,496.3699951171875
2026-08-27T05:04:47Z,MSFT,2026-09-04,call,340.0,118.26,0.0,0.0,1.0000000000000003e-05,11.0,0,True,496.3699951171875
2026-08-27T05:04:47Z,MSFT,2026-09-04,call,345.0,144.3,0.0,0.0,1.0000000000000003e-05,2.0,0,True,496.3699951171875
2026-08-27T05:04:47Z,MSFT,2026-09-04,call,350.0,133.58,0.0,0.0,1.0000000000000003e-05,1.0,0,True,496.3699951171875
2026-08-27T05:04:47Z,MSFT,2026-09-04,call,355.0,128.2,0.0,0.0,1.0000000000000003e-05,20.0,0,True,496.3699951171875
2026-08-27T05:04:47Z,MSFT,2026-09-04,call,360.0,123.4,0.0,0.0,1.0000000000000003e-05,10.0,0,True,496.3699951171875
2026-08-27T05:04:47Z,MSFT,2026-09-04,call,365.0,132.42,0.0,0.0,1.0000000000000003e-05,20.0,0,True,496.3699951171875
2026-08-27T05:04:47Z,MSFT,2026-09-04,call,370.0,124.95,0.0,0.0,1.0000000000000003e-05,7.0,0,True,496.3699951171875
2026-08-27T05:04:47Z,MSFT,2026-09-04,call,375.0,111.1,0.0,0.0,1.0000000000000003e-05,10.0,0,True,496.3699951171875
2026-08-27T05:04:47Z,MSFT,2026-09-04,call,380.0,104.94,0.0,0.0,1.0000000000000003e-05,1.0,0,True,496.3699951171875
2026-08-27T05:04:47Z,MSFT,2026-09-04,call,385.0,101.49,0.0,0.0,1.0000000000000003e-05,25.0,0,True,496.3699951171875
2026-08-27T05:04:47Z,MSFT,2026-09-04,call,390.0,96.41,0.0,0.0,1.0000000000000003e-05,17.0,0,True,496.3699951171875
2026-08-27T05:04:47Z,MSFT,2026-09-04,call,395.0,86.4,0.0,0.0,1.0000000000000003e-05,52.0,0,True,496.3699951171875
2026-08-27T05:04:47Z,MSFT,2026-09-04,call,400.0,94.78,0.0,0.0,1.0000000000000003e-05,1.0,0,True,496.3699951171875
2026-08-27T05:04:47Z,MSFT,2026-09-04,call,405.0,80.67,0.0,0.0,1.0000000000000003e-05,1.0,0,True,496.3699951171875
2026-08-27T05:04:47Z,MSFT,2026-09-04,call,410.0,75.25,0.0,0.0,1.0000000000000003e-05,5.0,0,True,496.3699951171875
2026-08-27T05:04:47Z,MSFT,2026-09-04,call,415.0,73.0,0.0,0.0,1.0000000000000003e-05,5.0,0,True,496.3699951171875
2026-08-27T05:04:47Z,MSFT,2026-09-04,call,420.0,69.58,0.0,0.0,1.0000000000000003e-05,1.0,0,True,496.3699951171875
2026-08-27T05:04:47Z,MSFT,2026-09-04,call,425.0,71.0,0.0,0.0,1.0000000000000003e-05,1.0,0,True,496.3699951171875
2026-08-27T05:04:47Z,MSFT,2026-09-04,call,427.5,62.38,0.0,0.0,1.0000000000000003e-05,241.0,0,True,496.3699951171875
2026-08-27T05:04:47Z,MSFT,2026-09-04,call,430.0,65.5,0.0,0.0,1.0000000000000003e-05,2.0,0,True,496.3699951171875
2026-08-27T05:04:47Z,MSFT,2026-09-04,call,432.5,57.47,0.0,0.0,1.0000000000000003e-05,238.0,0,True,496.3699951171875
2026-08-27T05:04:47Z,MSFT,2026-09-04,call,435.0,55.26,0.0,0.0,1.0000000000000003e-05,1.0,0,True,496.3699951171875
2026-08-27T05:04:47Z,MSFT,2026-09-04,call,440.0,50.46,0.0,0.0,1.0000000000000003e-05,1.0,0,True,496.3699951171875
2026-08-27T05:04:47Z,MSFT,2026-09-04,call,445.0,45.89,0.0,0.0,1.0000000000000003e-05,10.0,0,True,496.3699951171875
2026-08-27T05:04:47Z,MSFT,2026-09-04,call,447.5,41.54,0.0,0.0,1.0000000000000003e-05,60.0,0,True,496.3699951171875
2026-08-27T05:04:47Z,MSFT,2026-09-04,call,450.0,45.18,0.0,0.0,1.0000000000000003e-05,2.0,0,True,496.3699951171875
2026-08-27T05:04:47Z,MSFT,2026-09-04,call,452.5,42.81,0.0,0.0,1.0000000000000003e-05,2.0,0,True,496.3699951171875
2026-08-27T05:04:47Z,MSFT,2026-09-04,call,455.0,41.27,0.0,0.0,1.0000000000000003e-05,96.0,0,True,496.3699951171875
2026-08-27T05:04:47Z,MSFT,2026-09-04,call,460.0,35.66,0.0,0.0,1.0000000000000003e-05,92.0,0,True,496.3699951171875
2026-08-27T05:04:47Z,MSFT,2026-09-04,call,462.5,33.11,0.0,0.0,1.0000000000000003e-05,91.0,0,True,496.3699951171875
2026-08-27T05:04:47Z,MSFT,2026-09-04,call,465.0,30.96,0.0,0.0,1.0000000000000003e-05,26.0,0,True,496.3699951171875
2026-08-27T05:04:47Z,MSFT,2026-09-04,call,467.5,22.83,0.0,0.0,1.0000000000000003e-05,12.0,0,True,496.3699951171875
2026-08-27T05:04:47Z,MSFT,2026-09-04,call,470.0,28.57,0.0,0.0,1.0000000000000003e-05,18.0,0,True,496.3699951171875
2026-08-27T05:04:47Z,MSFT,2026-09-04,call,472.5,20.68,0.0,0.0,1.0000000000000003e-05,10.0,0,True,496.3699951171875
2026-08-27T05:04:47Z,MSFT,2026-09-04,call,475.0,23.6,0.0,0.0,1.0000000000000003e-05,9.0,0,True,496.3699951171875
2026-08-27T05:04:47Z,MSFT,2026-09-04,call,477.5,19.7,0.0,0.0,1.0000000000000003e-05,2.0,0,True,496.3699951171875
2026-08-27T05:04:47Z,MSFT,2026-09-04,call,480.0,19.95,0.0,0.0,1.0000000000000003e-05,563.0,0,True,496.3699951171875
2026-08-27T05:04:47Z,MSFT,2026-09-04,call,482.5,17.34,0.0,0.0,1.0000000000000003e-05,35.0,0,True,496.3699951171875
2026-08-27T05:04:47Z,MSFT,2026-09-04,call,485.0,15.75,0.0,0.0,1.0000000000000003e-05,41.0,0,True,496.3699951171875
2026-08-27T05:04:47Z,MSFT,2026-09-04,call,487.5,14.0,0.0,0.0,1.0000000000000003e-05,248.0,0,True,496.3699951171875
2026-08-27T05:04:47Z,MSFT,2026-09-04,call,490.0,12.0,0.0,0.0,1.0000000000000003e-05,950.0,0,True,496.3699951171875
2026-08-27T05:04:47Z,MSFT,2026-09-04,call,492.5,10.59,0.0,0.0,1.0000000000000003e-05,70.0,0,True,496.3699951171875
2026-08-27T05:04:47Z,MSFT,2026-09-04,call,495.0,8.9,0.0,0.0,1.0000000000000003e-05,546.0,0,True,496.3699951171875
2026-08-27T05:04:47Z,MSFT,2026-09-04,call,497.5,7.86,0.0,0.0,0.0039162109375,159.0,0,False,496.3699951171875
2026-08-27T05:04:47Z,MSFT,2026-09-04,call,500.0,6.5,0.0,0.0,0.015634843750000002,963.0,0,False,496.3699951171875
2026-08-27T05:04:47Z,MSFT,2026-09-04,call,502.5,5.7,0.0,0.0,0.015634843750000002,81.0,0,False,496.3699951171875
2026-08-27T05:04:47Z,MSFT,2026-09-04,call,505.0,4.55,0.0,0.0,0.0312596875,866.0,0,False,496.3699951171875
2026-08-27T05:04:47Z,MSFT,2026-09-04,call,507.5,3.75,0.0,0.0,0.0312596875,748.0,0,False,496.3699951171875
2026-08-27T05:04:47Z,MSFT,2026-09-04,call,510.0,3.2,0.0,0.0,0.0312596875,632.0,0,False,496.3699951171875
2026-08-27T05:04:47Z,MSFT,2026-09-04,call,512.5,2.44,0.0,0.0,0.062509375,137.0,0,False,496.3699951171875
2026-08-27T05:04:47Z,MSFT,2026-09-04,call,515.0,1.96,0.0,0.0,0.062509375,225.0,0,False,496.3699951171875
2026-08-27T05:04:47Z,MSFT,2026-09-04,call,517.5,1.65,0.0,0.0,0.062509375,175.0,0,False,496.3699951171875
2026-08-27T05:04:47Z,MSFT,2026-09-04,call,520.0,1.28,0.0,0.0,0.062509375,480.0,0,False,496.3699951171875
2026-08-27T05:04:47Z,MSFT,2026-09-04,call,522.5,0.94,0.0,0.0,0.062509375,49.0,0,False,496.3699951171875
2026-08-27T05:04:47Z,MSFT,2026-09-04,call,525.0,0.82,0.0,0.0,0.062509375,183.0,0,False,496.3699951171875
2026-08-27T05:04:47Z,MSFT,2026-09-04,call,527.5,0.72,0.0,0.0,0.062509375,125.0,0,False,496.3699951171875
2026-08-27T05:04:47Z,MSFT,2026-09-04,call,530.0,0.53,0.0,0.0,0.062509375,36.0,0,False,496.3699951171875
2026-08-27T05:04:47Z,MSFT,2026-09-04,call,532.5,0.44,0.0,0.0,0.12500875,57.0,0,False,496.3699951171875
2026-08-27T05:04:47Z,MSFT,2026-09-04,call,535.0,0.31,0.0,0.0,0.12500875,53.0,0,False,496.3699951171875
2026-08-27T05:04:47Z,MSFT,2026-09-04,call,537.5,0.23,0.0,0.0,0.12500875,6.0,0,False,496.3699951171875
2026-08-27T05:04:47Z,MSFT,2026-09-04,call,540.0,0.24,0.0,0.0,0.12500875,237.0,0,False,496.3699951171875
2026-08-27T05:04:47Z,MSFT,2026-09-04,call,545.0,0.09,0.0,0.0,0.12500875,2.0,0,False,496.3699951171875
2026-08-27T05:04:47Z,MSFT,2026-09-04,call,550.0,0.07,0.0,0.0,0.12500875,4.0,0,False,496.3699951171875
2026-08-27T05:04:47Z,MSFT,2026-09-04,call,555.0,0.06,0.0,0.0,0.12500875,7.0,0,False,496.3699951171875
2026-08-27T05:04:47Z,MSFT,2026-09-04,call,560.0,0.04,0.0,0.0,0.12500875,48.0,0,False,496.3699951171875
2026-08-27T05:04:47Z,MSFT,2026-09-04,call,565.0,0.05,0.0,0.0,0.12500875,7.0,0,False,496.3699951171875
2026-08-27T05:04:47Z,MSFT,2026-09-04,call,570.0,0.03,0.0,0.0,0.12500875,19.0,0,False,496.3699951171875
2026-08-27T05:04:47Z,MSFT,2026-09-04,call,575.0,0.02,0.0,0.0,0.2500075,138.0,0,False,496.3699951171875
2026-08-27T05:04:47Z,MSFT,2026-09-04,call,580.0,0.01,0.0,0.0,0.2500075,22.0,0,False,496.3699951171875
2026-08-27T05:04:47Z,MSFT,2026-09-04,call,590.0,0.01,0.0,0.0,0.2500075,50.0,0,False,496.3699951171875
2026-08-27T05:04:47Z,MSFT,2026-09-04,call,600.0,0.01,0.0,0.0,0.2500075,7.0,0,False,496.3699951171875
2026-08-27T05:04:47Z,MSFT,2026-09-04,call,610.0,0.03,0.0,0.0,0.2500075,6.0,0,False,496.3699951171875
2026-08-27T05:04:47Z,MSFT,2026-09-04,call,620.0,0.07,0.0,0.0,0.2500075,10.0,0,False,496.3699951171875
2026-08-27T05:04:47Z,MSFT,2026-09-04,call,630.0,0.13,0.0,0.0,0.2500075,10.0,0,False,496.3699951171875
2026-08-27T05:04:47Z,MSFT,2026-09-04,call,640.0,0.12,0.0,0.0,0.2500075,3.0,0,False,496.3699951171875
2026-08-27T05:04:47Z,MSFT,2026-09-04,call,650.0,0.01,0.0,0.0,0.2500075,28.0,0,False,496.3699951171875
2026-08-27T05:04:47Z,MSFT,2026-09-04,call,660.0,0.04,0.0,0.0,0.2500075,5.0,0,False,496.3699951171875
2026-08-27T05:04:47Z,MSFT,2026-09-04,call,670.0,0.25,0.0,0.0,0.500005,1.0,0,False,496.3699951171875
2026-08-27T05:04:47Z,MSFT,2026-09-04,call,680.0,0.04,0.0,0.0,0.500005,1.0,0,False,496.3699951171875
2026-08-27T05:04:47Z,MSFT,2026-09-04,put,270.0,0.11,0.0,0.0,0.500005,1.0,0,False,496.3699951171875
2026-08-27T05:04:47Z,MSFT,2026-09-04,put,280.0,0.05,0.0,0.0,0.500005,1.0,0,False,496.3699951171875
2026-08-27T05:04:47Z,MSFT,2026-09-04,put,290.0,0.02,0.0,0.0,0.500005,3.0,0,False,496.3699951171875
2026-08-27T05:04:47Z,MSFT,2026-09-04,put,300.0,0.01,0.0,0.0,0.500005,7.0,0,False,496.3699951171875
2026-08-27T05:04:47Z,MSFT,2026-09-04,put,305.0,0.08,0.0,0.0,0.500005,5.0,0,False,496.3699951171875
2026-08-27T05:04:47Z,MSFT,2026-09-04,put,310.0,0.01,0.0,0.0,0.500005,5.0,0,False,496.3699951171875
2026-08-27T05:04:47Z,MSFT,2026-09-04,put,315.0,0.13,0.0,0.0,0.500005,2.0,0,False,496.3699951171875
2026-08-27T05:04:47Z,MSFT,2026-09-04,put,320.0,0.01,0.0,0.0,0.500005,1.0,0,False,496.3699951171875
2026-08-27T05:04:47Z,MSFT,2026-09-04,put,325.0,0.07,0.0,0.0,0.500005,30.0,0,False,496.3699951171875
2026-08-27T05:04:47Z,MSFT,2026-09-04,put,330.0,0.05,0.0,0.0,0.500005,15.0,0,False,496.3699951171875
2026-08-27T05:04:47Z,MSFT,2026-09-04,put,335.0,0.1,0.0,0.0,0.500005,18.0,0,False,496.3699951171875
2026-08-27T05:04:47Z,MSFT,2026-09-04,put,340.0,0.04,0.0,0.0,0.500005,38.0,0,False,496.3699951171875
2026-08-27T05:04:47Z,MSFT,2026-09-04,put,345.0,0.03,0.0,0.0,0.500005,34.0,0,False,496.3699951171875
2026-08-27T05:04:47Z,MSFT,2026-09-04,put,350.0,0.02,0.0,0.0,0.500005,10.0,0,False,496.3699951171875
2026-08-27T05:04:47Z,MSFT,2026-09-04,put,355.0,0.03,0.0,0.0,0.500005,2.0,0,False,496.3699951171875
2026-08-27T05:04:47Z,MSFT,2026-09-04,put,360.0,0.01,0.0,0.0,0.500005,3.0,0,False,496.3699951171875
2026-08-27T05:04:47Z,MSFT,2026-09-04,put,365.0,0.06,0.0,0.0,0.500005,6.0,0,False,496.3699951171875
2026-08-27T05:04:47Z,MSFT,2026-09-04,put,370.0,0.01,0.0,0.0,0.500005,20.0,0,False,496.3699951171875
2026-08-27T05:04:47Z,MSFT,2026-09-04,put,375.0,0.02,0.0,0.0,0.2500075,12.0,0,False,496.3699951171875
2026-08-27T05:04:47Z,MSFT,2026-09-04,put,380.0,0.04,0.0,0.0,0.2500075,6.0,0,False,496.3699951171875
2026-08-27T05:04:47Z,MSFT,2026-09-04,put,385.0,0.01,0.0,0.0,0.2500075,1.0,0,False,496.3699951171875
2026-08-27T05:04:47Z,MSFT,2026-09-04,put,390.0,0.05,0.0,0.0,0.2500075,362.0,0,False,496.3699951171875
2026-08-27T05:04:47Z,MSFT,2026-09-04,put,395.0,0.02,0.0,0.0,0.2500075,8.0,0,False,496.3699951171875
2026-08-27T05:04:47Z,MSFT,2026-09-04,put,400.0,0.04,0.0,0.0,0.2500075,4.0,0,False,496.3699951171875
2026-08-27T05:04:47Z,MSFT,2026-09-04,put,405.0,0.07,0.0,0.0,0.2500075,5.0,0,False,496.3699951171875
2026-08-27T05:04:47Z,MSFT,2026-09-04,put,410.0,0.06,0.0,0.0,0.2500075,2.0,0,False,496.3699951171875
2026-08-27T05:04:47Z,MSFT,2026-09-04,put,415.0,0.16,0.0,0.0,0.2500075,2.0,0,False,496.3699951171875
2026-08-27T05:04:47Z,MSFT,2026-09-04,put,420.0,0.09,0.0,0.0,0.2500075,2.0,0,False,496.3699951171875
2026-08-27T05:04:47Z,MSFT,2026-09-04,put,425.0,0.09,0.0,0.0,0.2500075,89.0,0,False,496.3699951171875
2026-08-27T05:04:47Z,MSFT,2026-09-04,put,430.0,0.1,0.0,0.0,0.2500075,20.0,0,False,496.3699951171875
2026-08-27T05:04:47Z,MSFT,2026-09-04,put,432.5,0.09,0.0,0.0,0.12500875,12.0,0,False,496.3699951171875
2026-08-27T05:04:47Z,MSFT,2026-09-04,put,435.0,0.1,0.0,0.0,0.12500875,35.0,0,False,496.3699951171875
2026-08-27T05:04:47Z,MSFT,2026-09-04,put,437.5,0.36,0.0,0.0,0.12500875,5.0,0,False,496.3699951171875
2026-08-27T05:04:47Z,MSFT,2026-09-04,put,440.0,0.13,0.0,0.0,0.12500875,140.0,0,False,496.3699951171875
2026-08-27T05:04:47Z,MSFT,2026-09-04,put,442.5,0.17,0.0,0.0,0.12500875,21.0,0,False,496.3699951171875
2026-08-27T05:04:47Z,MSFT,2026-09-04,put,445.0,0.16,0.0,0.0,0.12500875,33.0,0,False,496.3699951171875
2026-08-27T05:04:47Z,MSFT,2026-09-04,put,447.5,0.2,0.0,0.0,0.12500875,28.0,0,False,496.3699951171875
2026-08-27T05:04:47Z,MSFT,2026-09-04,put,450.0,0.22,0.0,0.0,0.12500875,144.0,0,False,496.3699951171875
2026-08-27T05:04:47Z,MSFT,2026-09-04,put,452.5,0.37,0.0,0.0,0.12500875,2.0,0,False,496.3699951171875
2026-08-27T05:04:47Z,MSFT,2026-09-04,put,455.0,0.3,0.0,0.0,0.12500875,59.0,0,False,496.3699951171875
2026-08-27T05:04:47Z,MSFT,2026-09-04,put,457.5,0.47,0.0,0.0,0.12500875,38.0,0,False,496.3699951171875
2026-08-27T05:04:47Z,MSFT,2026-09-04,put,460.0,0.44,0.0,0.0,0.12500875,540.0,0,False,496.3699951171875
2026-08-27T05:04:47Z,MSFT,2026-09-04,put,462.5,0.6,0.0,0.0,0.12500875,100.0,0,False,496.3699951171875
2026-08-27T05:04:47Z,MSFT,2026-09-04,put,465.0,0.66,0.0,0.0,0.062509375,297.0,0,False,496.3699951171875
2026-08-27T05:04:47Z,MSFT,2026-09-04,put,467.5,0.84,0.0,0.0,0.062509375,57.0,0,False,496.3699951171875
2026-08-27T05:04:47Z,MSFT,2026-09-04,put,470.0,0.98,0.0,0.0,0.062509375,291.0,0,False,496.3699951171875
2026-08-27T05:04:47Z,MSFT,2026-09-04,put,472.5,1.25,0.0,0.0,0.062509375,39.0,0,False,496.3699951171875
2026-08-27T05:04:47Z,MSFT,2026-09-04,put,475.0,1.46,0.0,0.0,0.062509375,599.0,0,False,496.3699951171875
2026-08-27T05:04:47Z,MSFT,2026-09-04,put,477.5,1.86,0.0,0.0,0.062509375,46.0,0,False,496.3699951171875
2026-08-27T05:04:47Z,MSFT,2026-09-04,put,480.0,2.35,0.0,0.0,0.062509375,221.0,0,False,496.3699951171875
2026-08-27T05:04:47Z,MSFT,2026-09-04,put,482.5,2.67,0.0,0.0,0.0312596875,59.0,0,False,496.3699951171875
2026-08-27T05:04:47Z,MSFT,2026-09-04,put,485.0,3.4,0.0,0.0,0.0312596875,121.0,0,False,496.3699951171875
2026-08-27T05:04:47Z,MSFT,2026-09-04,put,487.5,4.1,0.0,0.0,0.0312596875,174.0,0,False,496.3699951171875
2026-08-27T05:04:47Z,MSFT,2026-09-04,put,490.0,4.62,0.0,0.0,0.015634843750000002,173.0,0,False,496.3699951171875
2026-08-27T05:04:47Z,MSFT,2026-09-04,put,492.5,5.7,0.0,0.0,0.015634843750000002,149.0,0,False,496.3699951171875
2026-08-27T05:04:47Z,MSFT,2026-09-04,put,495.0,6.77,0.0,0.0,0.0039162109375,328.0,0,False,496.3699951171875
2026-08-27T05:04:47Z,MSFT,2026-09-04,put,497.5,8.25,0.0,0.0,1.0000000000000003e-05,34.0,0,True,496.3699951171875
2026-08-27T05:04:47Z,MSFT,2026-09-04,put,500.0,9.55,0.0,0.0,1.0000000000000003e-05,115.0,0,True,496.3699951171875
2026-08-27T05:04:47Z,MSFT,2026-09-04,put,502.5,11.66,0.0,0.0,1.0000000000000003e-05,2.0,0,True,496.3699951171875
2026-08-27T05:04:47Z,MSFT,2026-09-04,put,505.0,12.62,0.0,0.0,1.0000000000000003e-05,58.0,0,True,496.3699951171875
2026-08-27T05:04:47Z,MSFT,2026-09-04,put,507.5,15.4,0.0,0.0,1.0000000000000003e-05,8.0,0,True,496.3699951171875
2026-08-27T05:04:47Z,MSFT,2026-09-04,put,510.0,17.1,0.0,0.0,1.0000000000000003e-05,2.0,0,True,496.3699951171875
2026-08-27T05:04:47Z,MSFT,2026-09-04,put,512.5,19.8,0.0,0.0,1.0000000000000003e-05,2.0,0,True,496.3699951171875
2026-08-27T05:04:47Z,MSFT,2026-09-04,put,515.0,21.11,0.0,0.0,1.0000000000000003e-05,2.0,0,True,496.3699951171875
2026-08-27T05:04:47Z,MSFT,2026-09-04,put,520.0,24.4,0.0,0.0,1.0000000000000003e-05,2.0,0,True,496.3699951171875
2026-08-27T05:04:47Z,MSFT,2026-09-04,put,525.0,44.0,0.0,0.0,1.0000000000000003e-05,1.0,0,True,496.3699951171875
2026-08-27T05:04:47Z,MSFT,2026-09-04,put,530.0,33.0,0.0,0.0,1.0000000000000003e-05,2.0,0,True,496.3699951171875
2026-08-27T05:04:47Z,MSFT,2026-09-04,put,535.0,56.0,0.0,0.0,1.0000000000000003e-05,1.0,0,True,496.3699951171875
2026-08-27T05:04:47Z,MSFT,2026-09-04,put,540.0,58.24,0.0,0.0,1.0000000000000003e-05,3.0,0,True,496.3699951171875
2026-08-27T05:04:47Z,MSFT,2026-09-04,put,570.0,73.6,0.0,0.0,1.0000000000000003e-05,,0,True,496.3699951171875
2026-08-27T05:04:47Z,MSFT,2026-09-11,call,290.0,209.5,0.0,0.0,1.0000000000000003e-05,,0,True,496.3699951171875
2026-08-27T05:04:47Z,MSFT,2026-09-11,call,300.0,196.65,0.0,0.0,1.0000000000000003e-05,,0,True,496.3699951171875
2026-08-27T05:04:47Z,MSFT,2026-09-11,call,305.0,184.25,0.0,0.0,1.0000000000000003e-05,,0,True,496.3699951171875
2026-08-27T05:04:47Z,MSFT,2026-09-11,call,310.0,193.45,0.0,0.0,1.0000000000000003e-05,10.0,0,True,496.3699951171875
2026-08-27T05:04:47Z,MSFT,2026-09-11,call,325.0,164.45,0.0,0.0,1.0000000000000003e-05,,0,True,496.3699951171875
2026-08-27T05:04:47Z,MSFT,2026-09-11,call,330.0,155.15,0.0,0.0,1.0000000000000003e-05,2.0,0,True,496.3699951171875
2026-08-27T05:04:47Z,MSFT,2026-09-11,call,335.0,154.5,0.0,0.0,1.0000000000000003e-05,,0,True,496.3699951171875
2026-08-27T05:04:47Z,MSFT,2026-09-11,call,345.0,143.8,0.0,0.0,1.0000000000000003e-05,,0,True,496.3699951171875
2026-08-27T05:04:47Z,MSFT,2026-09-11,call,350.0,139.0,0.0,0.0,1.0000000000000003e-05,,0,True,496.3699951171875
2026-08-27T05:04:47Z,MSFT,2026-09-11,call,355.0,149.0,0.0,0.0,1.0000000000000003e-05,2.0,0,True,496.3699951171875
2026-08-27T05:04:47Z,MSFT,2026-09-11,call,360.0,129.75,0.0,0.0,1.0000000000000003e-05,,0,True,496.3699951171875
2026-08-27T05:04:47Z,MSFT,2026-09-11,call,370.0,125.12,0.0,0.0,1.0000000000000003e-05,7.0,0,True,496.3699951171875
2026-08-27T05:04:47Z,MSFT,2026-09-11,call,375.0,110.75,0.0,0.0,1.0000000000000003e-05,4.0,0,True,496.3699951171875
2026-08-27T05:04:47Z,MSFT,2026-09-11,call,380.0,99.01,0.0,0.0,1.0000000000000003e-05,12.0,0,True,496.3699951171875
2026-08-27T05:04:47Z,MSFT,2026-09-11,call,390.0,106.72,0.0,0.0,1.0000000000000003e-05,6.0,0,True,496.3699951171875
2026-08-27T05:04:47Z,MSFT,2026-09-11,call,395.0,91.52,0.0,0.0,1.0000000000000003e-05,60.0,0,True,496.3699951171875
2026-08-27T05:04:47Z,MSFT,2026-09-11,call,400.0,82.15,0.0,0.0,1.0000000000000003e-05,12.0,0,True,496.3699951171875
2026-08-27T05:04:47Z,MSFT,2026-09-11,call,405.0,77.06,0.0,0.0,1.0000000000000003e-05,10.0,0,True,496.3699951171875
2026-08-27T05:04:47Z,MSFT,2026-09-11,call,410.0,76.4,0.0,0.0,1.0000000000000003e-05,1.0,0,True,496.3699951171875
2026-08-27T05:04:47Z,MSFT,2026-09-11,call,415.0,82.4,0.0,0.0,1.0000000000000003e-05,1.0,0,True,496.3699951171875
2026-08-27T05:04:47Z,MSFT,2026-09-11,call,420.0,75.22,0.0,0.0,1.0000000000000003e-05,5.0,0,True,496.3699951171875
2026-08-27T05:04:47Z,MSFT,2026-09-11,call,425.0,65.84,0.0,0.0,1.0000000000000003e-05,42.0,0,True,496.3699951171875
2026-08-27T05:04:47Z,MSFT,2026-09-11,call,430.0,66.45,0.0,0.0,1.0000000000000003e-05,2.0,0,True,496.3699951171875
2026-08-27T05:04:47Z,MSFT,2026-09-11,call,435.0,61.01,0.0,0.0,1.0000000000000003e-05,1.0,0,True,496.3699951171875
2026-08-27T05:04:47Z,MSFT,2026-09-11,call,440.0,55.74,0.0,0.0,1.0000000000000003e-05,3.0,0,True,496.3699951171875
2026-08-27T05:04:47Z,MSFT,2026-09-11,call,445.0,46.8,0.0,0.0,1.0000000000000003e-05,11.0,0,True,496.3699951171875
2026-08-27T05:04:47Z,MSFT,2026-09-11,call,450.0,48.25,0.0,0.0,1.0000000000000003e-05,7.0,0,True,496.3699951171875
2026-08-27T05:04:47Z,MSFT,2026-09-11,call,455.0,40.82,0.0,0.0,1.0000000000000003e-05,8.0,0,True,496.3699951171875
2026-08-27T05:04:47Z,MSFT,2026-09-11,call,460.0,38.39,0.0,0.0,1.0000000000000003e-05,4.0,0,True,496.3699951171875
2026-08-27T05:04:47Z,MSFT,2026-09-11,call,462.5,34.43,0.0,0.0,1.0000000000000003e-05,2.0,0,True,496.3699951171875
2026-08-27T05:04:47Z,MSFT,2026-09-11,call,465.0,28.43,0.0,0.0,1.0000000000000003e-05,6.0,0,True,496.3699951171875
2026-08-27T05:04:47Z,MSFT,2026-09-11,call,467.5,29.53,0.0,0.0,1.0000000000000003e-05,1.0,0,True,496.3699951171875
2026-08-27T05:04:47Z,MSFT,2026-09-11,call,470.0,27.5,0.0,0.0,1.0000000000000003e-05,2.0,0,True,496.3699951171875
2026-08-27T05:04:47Z,MSFT,2026-09-11,call,472.5,20.2,0.0,0.0,1.0000000000000003e-05,2.0,0,True,496.3699951171875
2026-08-27T05:04:47Z,MSFT,2026-09-11,call,475.0,25.2,0.0,0.0,1.0000000000000003e-05,8.0,0,True,496.3699951171875
2026-08-27T05:04:47Z,MSFT,2026-09-11,call,477.5,21.96,0.0,0.0,1.0000000000000003e-05,1.0,0,True,496.3699951171875
2026-08-27T05:04:47Z,MSFT,2026-09-11,call,480.0,21.5,0.0,0.0,1.0000000000000003e-05,28.0,0,True,496.3699951171875
2026-08-27T05:04:47Z,MSFT,2026-09-11,call,482.5,16.1,0.0,0.0,1.0000000000000003e-05,7.0,0,True,496.3699951171875
2026-08-27T05:04:47Z,MSFT,2026-09-11,call,485.0,17.62,0.0,0.0,1.0000000000000003e-05,13.0,0,True,496.3699951171875
2026-08-27T05:04:47Z,MSFT,2026-09-11,call,487.5,15.0,0.0,0.0,1.0000000000000003e-05,11.0,0,True,496.3699951171875
2026-08-27T05:04:47Z,MSFT,2026-09-11,call,490.0,14.65,0.0,0.0,1.0000000000000003e-05,53.0,0,True,496.3699951171875
2026-08-27T05:04:47Z,MSFT,2026-09-11,call,492.5,12.55,0.0,0.0,1.0000000000000003e-05,118.0,0,True,496.3699951171875
2026-08-27T05:04:47Z,MSFT,2026-09-11,call,495.0,11.49,0.0,0.0,1.0000000000000003e-05,72.0,0,True,496.3699951171875
2026-08-27T05:04:47Z,MSFT,2026-09-11,call,497.5,10.05,0.0,0.0,0.0039162109375,65.0,0,False,496.3699951171875
2026-08-27T05:04:47Z,MSFT,2026-09-11,call,500.0,8.75,0.0,0.0,0.007822421875,614.0,0,False,496.3699951171875
2026-08-27T05:04:47Z,MSFT,2026-09-11,call,502.5,7.51,0.0,0.0,0.015634843750000002,20.0,0,False,496.3699951171875
2026-08-27T05:04:47Z,MSFT,2026-09-11,call,505.0,6.7,0.0,0.0,0.015634843750000002,308.0,0,False,496.3699951171875
2026-08-27T05:04:47Z,MSFT,2026-09-11,call,507.5,6.05,0.0,0.0,0.0312596875,174.0,0,False,496.3699951171875
2026-08-27T05:04:47Z,MSFT,2026-09-11,call,510.0,5.11,0.0,0.0,0.0312596875,90.0,0,False,496.3699951171875
2026-08-27T05:04:47Z,MSFT,2026-09-11,call,515.0,3.59,0.0,0.0,0.0312596875,74.0,0,False,496.3699951171875
2026-08-27T05:04:47Z,MSFT,2026-09-11,call,520.0,2.67,0.0,0.0,0.062509375,1075.0,0,False,496.3699951171875
2026-08-27T05:04:47Z,MSFT,2026-09-11,call,525.0,1.87,0.0,0.0,0.062509375,85.0,0,False,496.3699951171875
2026-08-27T05:04:47Z,MSFT,2026-09-11,call,530.0,1.3,0.0,0.0,0.062509375,75.0,0,False,496.3699951171875
2026-08-27T05:04:47Z,MSFT,2026-09-11,call,535.0,0.92,0.0,0.0,0.062509375,92.0,0,False,496.3699951171875
2026-08-27T05:04:47Z,MSFT,2026-09-11,call,540.0,0.61,0.0,0.0,0.062509375,41.0,0,False,496.3699951171875
2026-08-27T05:04:47Z,MSFT,2026-09-11,call,545.0,0.43,0.0,0.0,0.12500875,66.0,0,False,496.3699951171875
2026-08-27T05:04:47Z,MSFT,2026-09-11,call,550.0,0.28,0.0,0.0,0.12500875,40.0,0,False,496.3699951171875
2026-08-27T05:04:47Z,MSFT,2026-09-11,call,555.0,0.29,0.0,0.0,0.12500875,2.0,0,False,496.3699951171875
2026-08-27T05:04:47Z,MSFT,2026-09-11,call,560.0,0.1,0.0,0.0,0.12500875,2.0,0,False,496.3699951171875
2026-08-27T05:04:47Z,MSFT,2026-09-11,call,570.0,0.08,0.0,0.0,0.12500875,18.0,0,False,496.3699951171875
2026-08-27T05:04:47Z,MSFT,2026-09-11,call,580.0,0.06,0.0,0.0,0.12500875,802.0,0,False,496.3699951171875
2026-08-27T05:04:47Z,MSFT,2026-09-11,call,590.0,0.05,0.0,0.0,0.12500875,4.0,0,False,496.3699951171875
2026-08-27T05:04:47Z,MSFT,2026-09-11,call,600.0,0.12,0.0,0.0,0.12500875,1.0,0,False,496.3699951171875
2026-08-27T05:04:47Z,MSFT,2026-09-11,call,610.0,0.11,0.0,0.0,0.2500075,3.0,0,False,496.3699951171875
2026-08-27T05:04:47Z,MSFT,2026-09-11,call,620.0,0.14,0.0,0.0,0.2500075,5.0,0,False,496.3699951171875
2026-08-27T05:04:47Z,MSFT,2026-09-11,call,630.0,0.13,0.0,0.0,0.2500075,6.0,0,False,496.3699951171875
2026-08-27T05:04:47Z,MSFT,2026-09-11,call,640.0,0.01,0.0,0.0,0.2500075,5.0,0,False,496.3699951171875
2026-08-27T05:04:47Z,MSFT,2026-09-11,call,650.0,0.02,0.0,0.0,0.2500075,1.0,0,False,496.3699951171875
2026-08-27T05:04:47Z,MSFT,2026-09-11,call,660.0,0.01,0.0,0.0,0.2500075,21.0,0,False,496.3699951171875
2026-08-27T05:04:47Z,MSFT,2026-09-11,call,670.0,0.02,0.0,0.0,0.2500075,4.0,0,False,496.3699951171875
2026-08-27T05:04:47Z,MSFT,2026-09-11,call,680.0,0.01,0.0,0.0,0.2500075,11.0,0,False,496.3699951171875
2026-08-27T05:04:47Z,MSFT,2026-09-11,put,280.0,0.01,0.0,0.0,0.500005,41.0,0,False,496.3699951171875
2026-08-27T05:04:47Z,MSFT,2026-09-11,put,300.0,0.08,0.0,0.0,0.500005,3.0,0,False,496.3699951171875
2026-08-27T05:04:47Z,MSFT,2026-09-11,put,305.0,0.01,0.0,0.0,0.500005,39.0,0,False,496.3699951171875
2026-08-27T05:04:47Z,MSFT,2026-09-11,put,310.0,0.02,0.0,0.0,0.500005,7.0,0,False,496.3699951171875
2026-08-27T05:04:47Z,MSFT,2026-09-11,put,315.0,0.16,0.0,0.0,0.500005,3.0,0,False,496.3699951171875
2026-08-27T05:04:47Z,MSFT,2026-09-11,put,320.0,0.02,0.0,0.0,0.500005,5.0,0,False,496.3699951171875
2026-08-27T05:04:47Z,MSFT,2026-09-11,put,325.0,0.03,0.0,0.0,0.500005,10.0,0,False,496.3699951171875
2026-08-27T05:04:47Z,MSFT,2026-09-11,put,330.0,0.14,0.0,0.0,0.500005,12.0,0,False,496.3699951171875
2026-08-27T05:04:47Z,MSFT,2026-09-11,put,335.0,0.13,0.0,0.0,0.500005,2.0,0,False,496.3699951171875
2026-08-27T05:04:47Z,MSFT,2026-09-11,put,340.0,0.02,0.0,0.0,0.2500075,2.0,0,False,496.3699951171875
2026-08-27T05:04:47Z,MSFT,2026-09-11,put,345.0,0.04,0.0,0.0,0.2500075,19.0,0,False,496.3699951171875
2026-08-27T05:04:47Z,MSFT,2026-09-11,put,350.0,0.05,0.0,0.0,0.2500075,2.0,0,False,496.3699951171875
2026-08-27T05:04:47Z,MSFT,2026-09-11,put,355.0,0.14,0.0,0.0,0.2500075,5.0,0,False,496.3699951171875
2026-08-27T05:04:47Z,MSFT,2026-09-11,put,360.0,0.05,0.0,0.0,0.2500075,10.0,0,False,496.3699951171875
2026-08-27T05:04:47Z,MSFT,2026-09-11,put,365.0,0.04,0.0,0.0,0.2500075,11.0,0,False,496.3699951171875
2026-08-27T05:04:47Z,MSFT,2026-09-11,put,370.0,0.05,0.0,0.0,0.2500075,14.0,0,False,496.3699951171875
2026-08-27T05:04:47Z,MSFT,2026-09-11,put,375.0,0.07,0.0,0.0,0.2500075,2.0,0,False,496.3699951171875
2026-08-27T05:04:47Z,MSFT,2026-09-11,put,380.0,0.05,0.0,0.0,0.2500075,30.0,0,False,496.3699951171875
2026-08-27T05:04:47Z,MSFT,2026-09-11,put,385.0,0.07,0.0,0.0,0.2500075,16.0,0,False,496.3699951171875
2026-08-27T05:04:47Z,MSFT,2026-09-11,put,390.0,0.08,0.0,0.0,0.2500075,4.0,0,False,496.3699951171875
2026-08-27T05:04:47Z,MSFT,2026-09-11,put,395.0,0.15,0.0,0.0,0.2500075,1.0,0,False,496.3699951171875
2026-08-27T05:04:47Z,MSFT,2026-09-11,put,400.0,0.13,0.0,0.0,0.2500075,3.0,0,False,496.3699951171875
2026-08-27T05:04:47Z,MSFT,2026-09-11,put,405.0,0.13,0.0,0.0,0.2500075,76.0,0,False,496.3699951171875
2026-08-27T05:04:47Z,MSFT,2026-09-11,put,410.0,0.14,0.0,0.0,0.2500075,2.0,0,False,496.3699951171875
2026-08-27T05:04:47Z,MSFT,2026-09-11,put,415.0,0.16,0.0,0.0,0.12500875,91.0,0,False,496.3699951171875
2026-08-27T05:04:47Z,MSFT,2026-09-11,put,420.0,0.17,0.0,0.0,0.12500875,91.0,0,False,496.3699951171875
2026-08-27T05:04:47Z,MSFT,2026-09-11,put,425.0,0.22,0.0,0.0,0.12500875,15.0,0,False,496.3699951171875
2026-08-27T05:04:47Z,MSFT,2026-09-11,put,430.0,0.22,0.0,0.0,0.12500875,32.0,0,False,496.3699951171875
2026-08-27T05:04:47Z,MSFT,2026-09-11,put,435.0,0.29,0.0,0.0,0.12500875,47.0,0,False,496.3699951171875
2026-08-27T05:04:47Z,MSFT,2026-09-11,put,440.0,0.37,0.0,0.0,0.12500875,61.0,0,False,496.3699951171875
2026-08-27T05:04:47Z,MSFT,2026-09-11,put,445.0,0.47,0.0,0.0,0.12500875,17.0,0,False,496.3699951171875
2026-08-27T05:04:47Z,MSFT,2026-09-11,put,450.0,0.65,0.0,0.0,0.12500875,234.0,0,False,496.3699951171875
2026-08-27T05:04:47Z,MSFT,2026-09-11,put,455.0,0.85,0.0,0.0,0.062509375,216.0,0,False,496.3699951171875
2026-08-27T05:04:47Z,MSFT,2026-09-11,put,460.0,1.14,0.0,0.0,0.062509375,83.0,0,False,496.3699951171875
2026-08-27T05:04:47Z,MSFT,2026-09-11,put,462.5,1.56,0.0,0.0,0.062509375,30.0,0,False,496.3699951171875
2026-08-27T05:04:47Z,MSFT,2026-09-11,put,465.0,1.5,0.0,0.0,0.062509375,70.0,0,False,496.3699951171875
2026-08-27T05:04:47Z,MSFT,2026-09-11,put,467.5,2.12,0.0,0.0,0.062509375,6.0,0,False,496.3699951171875
2026-08-27T05:04:47Z,MSFT,2026-09-11,put,470.0,2.0,0.0,0.0,0.062509375,103.0,0,False,496.3699951171875
2026-08-27T05:04:47Z,MSFT,2026-09-11,put,472.5,2.71,0.0,0.0,0.062509375,7.0,0,False,496.3699951171875
2026-08-27T05:04:47Z,MSFT,2026-09-11,put,475.0,2.83,0.0,0.0,0.062509375,41.0,0,False,496.3699951171875
2026-08-27T05:04:47Z,MSFT,2026-09-11,put,477.5,3.79,0.0,0.0,0.0312596875,5.0,0,False,496.3699951171875
2026-08-27T05:04:47Z,MSFT,2026-09-11,put,480.0,3.8,0.0,0.0,0.0312596875,35.0,0,False,496.3699951171875
2026-08-27T05:04:47Z,MSFT,2026-09-11,put,482.5,5.0,0.0,0.0,0.0312596875,16.0,0,False,496.3699951171875
2026-08-27T05:04:47Z,MSFT,2026-09-11,put,485.0,5.05,0.0,0.0,0.0312596875,79.0,0,False,496.3699951171875
2026-08-27T05:04:47Z,MSFT,2026-09-11,put,487.5,6.7,0.0,0.0,0.015634843750000002,161.0,0,False,496.3699951171875
2026-08-27T05:04:47Z,MSFT,2026-09-11,put,490.0,6.8,0.0,0.0,0.015634843750000002,69.0,0,False,496.3699951171875
2026-08-27T05:04:47Z,MSFT,2026-09-11,put,492.5,8.0,0.0,0.0,0.007822421875,11.0,0,False,496.3699951171875
2026-08-27T05:04:47Z,MSFT,2026-09-11,put,495.0,9.1,0.0,0.0,0.0039162109375,45.0,0,False,496.3699951171875
2026-08-27T05:04:47Z,MSFT,2026-09-11,put,497.5,11.1,0.0,0.0,1.0000000000000003e-05,1.0,0,True,496.3699951171875
2026-08-27T05:04:47Z,MSFT,2026-09-11,put,500.0,11.5,0.0,0.0,1.0000000000000003e-05,20.0,0,True,496.3699951171875
2026-08-27T05:04:47Z,MSFT,2026-09-11,put,505.0,16.4,0.0,0.0,1.0000000000000003e-05,4.0,0,True,496.3699951171875
2026-08-27T05:04:47Z,MSFT,2026-09-11,put,510.0,32.5,0.0,0.0,1.0000000000000003e-05,9.0,0,True,496.3699951171875
2026-08-27T05:04:47Z,MSFT,2026-09-11,put,515.0,22.4,0.0,0.0,1.0000000000000003e-05,2.0,0,True,496.3699951171875
2026-08-27T05:04:47Z,MSFT,2026-09-11,put,520.0,38.53,0.0,0.0,1.0000000000000003e-05,8.0,0,True,496.3699951171875
2026-08-27T05:04:47Z,MSFT,2026-09-11,put,525.0,42.1,0.0,0.0,1.0000000000000003e-05,2.0,0,True,496.3699951171875
2026-08-27T05:04:47Z,MSFT,2026-09-11,put,530.0,50.0,0.0,0.0,1.0000000000000003e-05,1.0,0,True,496.3699951171875
2026-08-27T05:04:47Z,MSFT,2026-09-11,put,535.0,51.21,0.0,0.0,1.0000000000000003e-05,2.0,0,True,496.3699951171875
2026-08-27T05:04:47Z,MSFT,2026-09-11,put,540.0,59.65,0.0,0.0,1.0000000000000003e-05,1.0,0,True,496.3699951171875
2026-08-27T05:04:47Z,MSFT,2026-09-11,put,545.0,43.75,0.0,0.0,1.0000000000000003e-05,,0,True,496.3699951171875
2026-08-27T05:04:47Z,MSFT,2026-09-11,put,550.0,51.88,0.0,0.0,1.0000000000000003e-05,2.0,0,True,496.3699951171875
2026-08-27T05:04:47Z,MSFT,2026-09-11,put,555.0,54.8,0.0,0.0,1.0000000000000003e-05,3.0,0,True,496.3699951171875
2026-08-27T05:04:47Z,MSFT,2026-09-11,put,560.0,55.0,0.0,0.0,1.0000000000000003e-05,1.0,0,True,496.3699951171875
2026-08-27T05:04:47Z,MSFT,2026-09-11,put,570.0,68.15,0.0,0.0,1.0000000000000003e-05,2.0,0,True,496.3699951171875
2026-08-27T05:04:47Z,MSFT,2026-09-11,put,600.0,103.3,0.0,0.0,1.0000000000000003e-05,,0,True,496.3699951171875
2026-08-27T05:04:47Z,MSFT,2026-09-18,call,215.0,273.65,0.0,0.0,1.0000000000000003e-05,4.0,0,True,496.3699951171875
2026-08-27T05:04:47Z,MSFT,2026-09-18,call,220.0,265.0,0.0,0.0,1.0000000000000003e-05,38.0,0,True,496.3699951171875
2026-08-27T05:04:47Z,MSFT,2026-09-18,call,225.0,150.91,196.95,200.35,1.0000000000000003e-05,6.0,6,True,496.3699951171875
2026-08-27T05:04:47Z,MSFT,2026-09-18,call,230.0,280.36,0.0,0.0,1.0000000000000003e-05,5.0,0,True,496.3699951171875
2026-08-27T05:04:47Z,MSFT,2026-09-18,call,235.0,271.6,0.0,0.0,1.0000000000000003e-05,13.0,0,True,496.3699951171875
2026-08-27T05:04:47Z,MSFT,2026-09-18,call,240.0,266.71,0.0,0.0,1.0000000000000003e-05,16.0,0,True,496.3699951171875
2026-08-27T05:04:47Z,MSFT,2026-09-18,call,245.0,261.78,0.0,0.0,1.0000000000000003e-05,10.0,0,True,496.3699951171875
2026-08-27T05:04:47Z,MSFT,2026-09-18,call,250.0,232.02,0.0,0.0,1.0000000000000003e-05,1.0,0,True,496.3699951171875
2026-08-27T05:04:47Z,MSFT,2026-09-18,call,255.0,179.8,0.0,0.0,1.0000000000000003e-05,1.0,0,True,496.3699951171875
2026-08-27T05:04:47Z,MSFT,2026-09-18,call,260.0,229.8,0.0,0.0,1.0000000000000003e-05,2.0,0,True,496.3699951171875
2026-08-27T05:04:47Z,MSFT,2026-09-18,call,265.0,225.0,0.0,0.0,1.0000000000000003e-05,1.0,0,True,496.3699951171875
2026-08-27T05:04:47Z,MSFT,2026-09-18,call,270.0,231.85,0.0,0.0,1.0000000000000003e-05,1.0,0,True,496.3699951171875
2026-08-27T05:04:47Z,MSFT,2026-09-18,call,275.0,218.31,0.0,0.0,1.0000000000000003e-05,1.0,0,True,496.3699951171875
2026-08-27T05:04:47Z,MSFT,2026-09-18,call,280.0,202.26,0.0,0.0,1.0000000000000003e-05,8.0,0,True,496.3699951171875
2026-08-27T05:04:47Z,MSFT,2026-09-18,call,285.0,196.87,0.0,0.0,1.0000000000000003e-05,1.0,0,True,496.3699951171875
2026-08-27T05:04:47Z,MSFT,2026-09-18,call,290.0,204.1,0.0,0.0,1.0000000000000003e-05,1.0,0,True,496.3699951171875
2026-08-27T05:04:47Z,MSFT,2026-09-18,call,295.0,154.45,0.0,0.0,1.0000000000000003e-05,5.0,0,True,496.3699951171875
2026-08-27T05:04:47Z,MSFT,2026-09-18,call,300.0,196.81,0.0,0.0,1.0000000000000003e-05,3.0,0,True,496.3699951171875
2026-08-27T05:04:47Z,MSFT,2026-09-18,call,305.0,160.05,0.0,0.0,1.0000000000000003e-05,2.0,0,True,496.3699951171875
2026-08-27T05:04:47Z,MSFT,2026-09-18,call,310.0,175.42,0.0,0.0,1.0000000000000003e-05,1.0,0,True,496.3699951171875
2026-08-27T05:04:47Z,MSFT,2026-09-18,call,315.0,138.1,0.0,0.0,1.0000000000000003e-05,2.0,0,True,496.3699951171875
2026-08-27T05:04:47Z,MSFT,2026-09-18,call,320.0,175.05,0.0,0.0,1.0000000000000003e-05,1.0,0,True,496.3699951171875
2026-08-27T05:04:47Z,MSFT,2026-09-18,call,325.0,159.29,0.0,0.0,1.0000000000000003e-05,2.0,0,True,496.3699951171875
2026-08-27T05:04:47Z,MSFT,2026-09-18,call,330.0,160.27,0.0,0.0,1.0000000000000003e-05,3.0,0,True,496.3699951171875
2026-08-27T05:04:47Z,MSFT,2026-09-18,call,335.0,154.2,0.0,0.0,1.0000000000000003e-05,2.0,0,True,496.3699951171875
2026-08-27T05:04:47Z,MSFT,2026-09-18,call,340.0,155.26,0.0,0.0,1.0000000000000003e-05,6.0,0,True,496.3699951171875
2026-08-27T05:04:47Z,MSFT,2026-09-18,call,345.0,150.32,0.0,0.0,1.0000000000000003e-05,6.0,0,True,496.3699951171875
2026-08-27T05:04:47Z,MSFT,2026-09-18,call,350.0,145.6,0.0,0.0,1.0000000000000003e-05,40.0,0,True,496.3699951171875
2026-08-27T05:04:47Z,MSFT,2026-09-18,call,355.0,134.67,0.0,0.0,1.0000000000000003e-05,2.0,0,True,496.3699951171875
2026-08-27T05:04:47Z,MSFT,2026-09-18,call,360.0,128.15,0.0,0.0,1.0000000000000003e-05,33.0,0,True,496.3699951171875
2026-08-27T05:04:47Z,MSFT,2026-09-18,call,365.0,124.0,0.0,0.0,1.0000000000000003e-05,12.0,0,True,496.3699951171875
2026-08-27T05:04:47Z,MSFT,2026-09-18,call,370.0,127.55,0.0,0.0,1.0000000000000003e-05,2.0,0,True,496.3699951171875
2026-08-27T05:04:47Z,MSFT,2026-09-18,call,375.0,107.5,0.0,0.0,1.0000000000000003e-05,80.0,0,True,496.3699951171875
2026-08-27T05:04:47Z,MSFT,2026-09-18,call,380.0,117.0,0.0,0.0,1.0000000000000003e-05,6.0,0,True,496.3699951171875
2026-08-27T05:04:47Z,MSFT,2026-09-18,call,385.0,112.38,0.0,0.0,1.0000000000000003e-05,1.0,0,True,496.3699951171875
2026-08-27T05:04:47Z,MSFT,2026-09-18,call,390.0,104.17,0.0,0.0,1.0000000000000003e-05,3.0,0,True,496.3699951171875
2026-08-27T05:04:47Z,MSFT,2026-09-18,call,395.0,94.92,0.0,0.0,1.0000000000000003e-05,2.0,0,True,496.3699951171875
2026-08-27T05:04:47Z,MSFT,2026-09-18,call,400.0,98.0,0.0,0.0,1.0000000000000003e-05,33.0,0,True,496.3699951171875
2026-08-27T05:04:47Z,MSFT,2026-09-18,call,405.0,78.45,0.0,0.0,1.0000000000000003e-05,15.0,0,True,496.3699951171875
2026-08-27T05:04:47Z,MSFT,2026-09-18,call,410.0,87.0,0.0,0.0,1.0000000000000003e-05,10.0,0,True,496.3699951171875
2026-08-27T05:04:47Z,MSFT,2026-09-18,call,415.0,77.0,0.0,0.0,1.0000000000000003e-05,3.0,0,True,496.3699951171875
2026-08-27T05:04:47Z,MSFT,2026-09-18,call,420.0,78.7,0.0,0.0,1.0000000000000003e-05,52.0,0,True,496.3699951171875
2026-08-27T05:04:47Z,MSFT,2026-09-18,call,425.0,73.0,0.0,0.0,1.0000000000000003e-05,6.0,0,True,496.3699951171875
2026-08-27T05:04:47Z,MSFT,2026-09-18,call,430.0,68.9,0.0,0.0,1.0000000000000003e-05,46.0,0,True,496.3699951171875
2026-08-27T05:04:47Z,MSFT,2026-09-18,call,435.0,61.42,0.0,0.0,1.0000000000000003e-05,3.0,0,True,496.3699951171875
2026-08-27T05:04:47Z,MSFT,2026-09-18,call,440.0,58.49,0.0,0.0,1.0000000000000003e-05,25.0,0,True,496.3699951171875
2026-08-27T05:04:47Z,MSFT,2026-09-18,call,445.0,51.8,0.0,0.0,1.0000000000000003e-05,20.0,0,True,496.3699951171875
2026-08-27T05:04:47Z,MSFT,2026-09-18,call,450.0,48.95,0.0,0.0,1.0000000000000003e-05,157.0,0,True,496.3699951171875
2026-08-27T05:04:47Z,MSFT,2026-09-18,call,455.0,44.58,0.0,0.0,1.0000000000000003e-05,17.0,0,True,496.3699951171875
2026-08-27T05:04:47Z,MSFT,2026-09-18,call,460.0,40.35,0.0,0.0,1.0000000000000003e-05,88.0,0,True,496.3699951171875
2026-08-27T05:04:47Z,MSFT,2026-09-18,call,462.5,31.95,0.0,0.0,1.0000000000000003e-05,10.0,0,True,496.3699951171875
2026-08-27T05:04:47Z,MSFT,2026-09-18,call,465.0,34.35,0.0,0.0,1.0000000000000003e-05,7.0,0,True,496.3699951171875
2026-08-27T05:04:47Z,MSFT,2026-09-18,call,470.0,31.1,0.0,0.0,1.0000000000000003e-05,68.0,0,True,496.3699951171875
2026-08-27T05:04:47Z,MSFT,2026-09-18,call,472.5,27.0,0.0,0.0,1.0000000000000003e-05,1.0,0,True,496.3699951171875
2026-08-27T05:04:47Z,MSFT,2026-09-18,call,475.0,27.3,0.0,0.0,1.0000000000000003e-05,55.0,0,True,496.3699951171875
2026-08-27T05:04:47Z,MSFT,2026-09-18,call,477.5,19.95,0.0,0.0,1.0000000000000003e-05,6.0,0,True,496.3699951171875
2026-08-27T05:04:47Z,MSFT,2026-09-18,call,480.0,23.35,0.0,0.0,1.0000000000000003e-05,166.0,0,True,496.3699951171875
2026-08-27T05:04:47Z,MSFT,2026-09-18,call,482.5,22.0,0.0,0.0,1.0000000000000003e-05,15.0,0,True,496.3699951171875
2026-08-27T05:04:47Z,MSFT,2026-09-18,call,485.0,19.7,0.0,0.0,1.0000000000000003e-05,296.0,0,True,496.3699951171875
2026-08-27T05:04:47Z,MSFT,2026-09-18,call,487.5,18.1,0.0,0.0,1.0000000000000003e-05,35.0,0,True,496.3699951171875
2026-08-27T05:04:47Z,MSFT,2026-09-18,call,490.0,16.36,0.0,0.0,1.0000000000000003e-05,394.0,0,True,496.3699951171875
2026-08-27T05:04:47Z,MSFT,2026-09-18,call,492.5,13.8,0.0,0.0,1.0000000000000003e-05,198.0,0,True,496.3699951171875
2026-08-27T05:04:47Z,MSFT,2026-09-18,call,495.0,13.45,0.0,0.0,1.0000000000000003e-05,662.0,0,True,496.3699951171875
2026-08-27T05:04:47Z,MSFT,2026-09-18,call,497.5,12.7,0.0,0.0,0.00196310546875,250.0,0,False,496.3699951171875
2026-08-27T05:04:47Z,MSFT,2026-09-18,call,500.0,10.97,0.0,0.0,0.007822421875,2453.0,0,False,496.3699951171875
2026-08-27T05:04:47Z,MSFT,2026-09-18,call,502.5,10.28,0.0,0.0,0.015634843750000002,160.0,0,False,496.3699951171875
2026-08-27T05:04:47Z,MSFT,2026-09-18,call,505.0,8.7,0.0,0.0,0.015634843750000002,1184.0,0,False,496.3699951171875
2026-08-27T05:04:47Z,MSFT,2026-09-18,call,507.5,7.7,0.0,0.0,0.015634843750000002,69.0,0,False,496.3699951171875
2026-08-27T05:04:47Z,MSFT,2026-09-18,call,510.0,6.9,0.0,0.0,0.0312596875,927.0,0,False,496.3699951171875
2026-08-27T05:04:47Z,MSFT,2026-09-18,call,515.0,5.42,0.0,0.0,0.0312596875,257.0,0,False,496.3699951171875
2026-08-27T05:04:47Z,MSFT,2026-09-18,call,520.0,4.0,0.0,0.0,0.0312596875,571.0,0,False,496.3699951171875
2026-08-27T05:04:47Z,MSFT,2026-09-18,call,525.0,3.1,0.0,0.0,0.062509375,421.0,0,False,496.3699951171875
2026-08-27T05:04:47Z,MSFT,2026-09-18,call,530.0,2.23,0.0,0.0,0.062509375,512.0,0,False,496.3699951171875
2026-08-27T05:04:47Z,MSFT,2026-09-18,call,535.0,1.82,0.0,0.0,0.062509375,250.0,0,False,496.3699951171875
2026-08-27T05:04:47Z,MSFT,2026-09-18,call,540.0,1.29,0.0,0.0,0.062509375,304.0,0,False,496.3699951171875
2026-08-27T05:04:47Z,MSFT,2026-09-18,call,545.0,1.0,0.0,0.0,0.062509375,57.0,0,False,496.3699951171875
2026-08-27T05:04:47Z,MSFT,2026-09-18,call,550.0,0.74,0.0,0.0,0.062509375,290.0,0,False,496.3699951171875
2026-08-27T05:04:47Z,MSFT,2026-09-18,call,555.0,0.5,0.0,0.0,0.12500875,63.0,0,False,496.3699951171875
2026-08-27T05:04:47Z,MSFT,2026-09-18,call,560.0,0.4,0.0,0.0,0.12500875,133.0,0,False,496.3699951171875
2026-08-27T05:04:47Z,MSFT,2026-09-18,call,565.0,0.29,0.0,0.0,0.12500875,11.0,0,False,496.3699951171875
2026-08-27T05:04:47Z,MSFT,2026-09-18,call,570.0,0.25,0.0,0.0,0.12500875,724.0,0,False,496.3699951171875
2026-08-27T05:04:47Z,MSFT,2026-09-18,call,575.0,0.2,0.0,0.0,0.12500875,44.0,0,False,496.3699951171875
2026-08-27T05:04:47Z,MSFT,2026-09-18,call,580.0,0.1,0.0,0.0,0.12500875,13.0,0,False,496.3699951171875
2026-08-27T05:04:47Z,MSFT,2026-09-18,call,585.0,0.11,0.0,0.0,0.12500875,6.0,0,False,496.3699951171875
2026-08-27T05:04:47Z,MSFT,2026-09-18,call,590.0,0.08,0.0,0.0,0.12500875,18.0,0,False,496.3699951171875
2026-08-27T05:04:47Z,MSFT,2026-09-18,call,595.0,0.1,0.0,0.0,0.12500875,3.0,0,False,496.3699951171875
2026-08-27T05:04:47Z,MSFT,2026-09-18,call,600.0,0.05,0.0,0.0,0.12500875,19.0,0,False,496.3699951171875
2026-08-27T05:04:47Z,MSFT,2026-09-18,call,605.0,0.07,0.0,0.0,0.12500875,3.0,0,False,496.3699951171875
2026-08-27T05:04:47Z,MSFT,2026-09-18,call,610.0,0.05,0.0,0.0,0.12500875,5.0,0,False,496.3699951171875
2026-08-27T05:04:47Z,MSFT,2026-09-18,call,620.0,0.05,0.0,0.0,0.12500875,81.0,0,False,496.3699951171875
2026-08-27T05:04:47Z,MSFT,2026-09-18,call,630.0,0.03,0.0,0.0,0.2500075,6.0,0,False,496.3699951171875
2026-08-27T05:04:47Z,MSFT,2026-09-18,call,640.0,0.03,0.0,0.0,0.2500075,15.0,0,False,496.3699951171875
2026-08-27T05:04:47Z,MSFT,2026-09-18,call,650.0,0.01,0.0,0.0,0.2500075,115.0,0,False,496.3699951171875
2026-08-27T05:04:47Z,MSFT,2026-09-18,call,660.0,0.02,0.0,0.0,0.2500075,21.0,0,False,496.3699951171875
2026-08-27T05:04:47Z,MSFT,2026-09-18,call,670.0,0.01,0.0,0.0,0.2500075,1.0,0,False,496.3699951171875
2026-08-27T05:04:47Z,MSFT,2026-09-18,call,680.0,0.02,0.0,0.0,0.2500075,1.0,0,False,496.3699951171875
2026-08-27T05:04:47Z,MSFT,2026-09-18,call,700.0,0.02,0.0,0.0,0.2500075,204.0,0,False,496.3699951171875
2026-08-27T05:04:47Z,MSFT,2026-09-18,call,720.0,0.03,0.0,0.0,0.2500075,94.0,0,False,496.3699951171875
2026-08-27T05:04:47Z,MSFT,2026-09-18,call,740.0,0.04,0.0,0.0,0.2500075,24.0,0,False,496.3699951171875
2026-08-27T05:04:47Z,MSFT,2026-09-18,call,760.0,0.01,0.0,0.0,0.2500075,20.0,0,False,496.3699951171875
2026-08-27T05:04:47Z,MSFT,2026-09-18,call,780.0,0.01,0.0,0.0,0.2500075,1.0,0,False,496.3699951171875
2026-08-27T05:04:47Z,MSFT,2026-09-18,call,800.0,0.01,0.0,0.0,0.2500075,1.0,0,False,496.3699951171875
2026-08-27T05:04:47Z,MSFT,2026-09-18,put,215.0,0.01,0.0,0.0,0.500005,4.0,0,False,496.3699951171875
2026-08-27T05:04:47Z,MSFT,2026-09-18,put,220.0,0.01,0.0,0.0,0.500005,2.0,0,False,496.3699951171875
2026-08-27T05:04:47Z,MSFT,2026-09-18,put,225.0,0.01,0.0,0.0,0.500005,1.0,0,False,496.3699951171875
2026-08-27T05:04:47Z,MSFT,2026-09-18,put,230.0,0.02,0.0,0.0,0.500005,1.0,0,False,496.3699951171875
2026-08-27T05:04:47Z,MSFT,2026-09-18,put,235.0,0.02,0.0,0.0,0.500005,20.0,0,False,496.3699951171875
2026-08-27T05:04:47Z,MSFT,2026-09-18,put,240.0,0.02,0.0,0.0,0.500005,1.0,0,False,496.3699951171875
2026-08-27T05:04:47Z,MSFT,2026-09-18,put,245.0,0.02,0.0,0.0,0.500005,45.0,0,False,496.3699951171875
2026-08-27T05:04:47Z,MSFT,2026-09-18,put,250.0,0.01,0.0,0.0,0.500005,99.0,0,False,496.3699951171875
2026-08-27T05:04:47Z,MSFT,2026-09-18,put,255.0,0.02,0.0,0.0,0.500005,20.0,0,False,496.3699951171875
2026-08-27T05:04:47Z,MSFT,2026-09-18,put,260.0,0.01,0.0,0.0,0.500005,2.0,0,False,496.3699951171875
2026-08-27T05:04:47Z,MSFT,2026-09-18,put,265.0,0.02,0.0,0.0,0.500005,67.0,0,False,496.3699951171875
2026-08-27T05:04:47Z,MSFT,2026-09-18,put,270.0,0.02,0.0,0.0,0.500005,30.0,0,False,496.3699951171875
2026-08-27T05:04:47Z,MSFT,2026-09-18,put,275.0,0.02,0.0,0.0,0.500005,132.0,0,False,496.3699951171875
2026-08-27T05:04:47Z,MSFT,2026-09-18,put,280.0,0.02,0.0,0.0,0.500005,48.0,0,False,496.3699951171875
2026-08-27T05:04:47Z,MSFT,2026-09-18,put,285.0,0.03,0.0,0.0,0.500005,242.0,0,False,496.3699951171875
2026-08-27T05:04:47Z,MSFT,2026-09-18,put,290.0,0.05,0.0,0.0,0.500005,50.0,0,False,496.3699951171875
2026-08-27T05:04:47Z,MSFT,2026-09-18,put,295.0,0.05,0.0,0.0,0.500005,1.0,0,False,496.3699951171875
2026-08-27T05:04:47Z,MSFT,2026-09-18,put,300.0,0.04,0.0,0.0,0.500005,6.0,0,False,496.3699951171875
2026-08-27T05:04:47Z,MSFT,2026-09-18,put,305.0,0.11,0.0,0.0,0.500005,48.0,0,False,496.3699951171875
2026-08-27T05:04:47Z,MSFT,2026-09-18,put,310.0,0.04,0.0,0.0,0.2500075,47.0,0,False,496.3699951171875
2026-08-27T05:04:47Z,MSFT,2026-09-18,put,315.0,0.13,0.0,0.0,0.2500075,1.0,0,False,496.3699951171875
2026-08-27T05:04:47Z,MSFT,2026-09-18,put,320.0,0.05,0.0,0.0,0.2500075,6.0,0,False,496.3699951171875
2026-08-27T05:04:47Z,MSFT,2026-09-18,put,325.0,0.04,0.0,0.0,0.2500075,9.0,0,False,496.3699951171875
2026-08-27T05:04:47Z,MSFT,2026-09-18,put,330.0,0.06,0.0,0.0,0.2500075,3.0,0,False,496.3699951171875
2026-08-27T05:04:47Z,MSFT,2026-09-18,put,335.0,0.04,0.0,0.0,0.2500075,30.0,0,False,496.3699951171875
2026-08-27T05:04:47Z,MSFT,2026-09-18,put,340.0,0.07,0.0,0.0,0.2500075,25.0,0,False,496.3699951171875
2026-08-27T05:04:47Z,MSFT,2026-09-18,put,345.0,0.09,0.0,0.0,0.2500075,403.0,0,False,496.3699951171875
2026-08-27T05:04:47Z,MSFT,2026-09-18,put,350.0,0.07,0.0,0.0,0.2500075,27.0,0,False,496.3699951171875
2026-08-27T05:04:47Z,MSFT,2026-09-18,put,355.0,0.07,0.0,0.0,0.2500075,1.0,0,False,496.3699951171875
2026-08-27T05:04:47Z,MSFT,2026-09-18,put,360.0,0.12,0.0,0.0,0.2500075,29.0,0,False,496.3699951171875
2026-08-27T05:04:47Z,MSFT,2026-09-18,put,365.0,0.13,0.0,0.0,0.2500075,4.0,0,False,496.3699951171875
2026-08-27T05:04:47Z,MSFT,2026-09-18,put,370.0,0.13,0.0,0.0,0.2500075,3.0,0,False,496.3699951171875
2026-08-27T05:04:47Z,MSFT,2026-09-18,put,375.0,0.15,0.0,0.0,0.2500075,280.0,0,False,496.3699951171875
2026-08-27T05:04:47Z,MSFT,2026-09-18,put,380.0,0.21,0.0,0.0,0.2500075,40.0,0,False,496.3699951171875
2026-08-27T05:04:47Z,MSFT,2026-09-18,put,385.0,0.17,0.0,0.0,0.2500075,240.0,0,False,496.3699951171875
2026-08-27T05:04:47Z,MSFT,2026-09-18,put,390.0,0.2,0.0,0.0,0.2500075,17.0,0,False,496.3699951171875
2026-08-27T05:04:47Z,MSFT,2026-09-18,put,395.0,0.22,0.0,0.0,0.2500075,4.0,0,False,496.3699951171875
2026-08-27T05:04:47Z,MSFT,2026-09-18,put,400.0,0.26,0.0,0.0,0.12500875,99.0,0,False,496.3699951171875
2026-08-27T05:04:47Z,MSFT,2026-09-18,put,405.0,0.22,0.0,0.0,0.12500875,54.0,0,False,496.3699951171875
2026-08-27T05:04:47Z,MSFT,2026-09-18,put,410.0,0.22,0.0,0.0,0.12500875,30.0,0,False,496.3699951171875
2026-08-27T05:04:47Z,MSFT,2026-09-18,put,415.0,0.35,0.0,0.0,0.12500875,15.0,0,False,496.3699951171875
2026-08-27T05:04:47Z,MSFT,2026-09-18,put,420.0,0.4,0.0,0.0,0.12500875,71.0,0,False,496.3699951171875
2026-08-27T05:04:47Z,MSFT,2026-09-18,put,425.0,0.45,0.0,0.0,0.12500875,65.0,0,False,496.3699951171875
2026-08-27T05:04:47Z,MSFT,2026-09-18,put,430.0,0.54,0.0,0.0,0.12500875,82.0,0,False,496.3699951171875
2026-08-27T05:04:47Z,MSFT,2026-09-18,put,435.0,0.67,0.0,0.0,0.12500875,126.0,0,False,496.3699951171875
2026-08-27T05:04:47Z,MSFT,2026-09-18,put,440.0,0.8,0.0,0.0,0.12500875,272.0,0,False,496.3699951171875
2026-08-27T05:04:47Z,MSFT,2026-09-18,put,445.0,0.99,0.0,0.0,0.12500875,219.0,0,False,496.3699951171875
2026-08-27T05:04:47Z,MSFT,2026-09-18,put,450.0,1.22,0.0,0.0,0.062509375,434.0,0,False,496.3699951171875
2026-08-27T05:04:47Z,MSFT,2026-09-18,put,455.0,1.54,0.0,0.0,0.062509375,248.0,0,False,496.3699951171875
2026-08-27T05:04:47Z,MSFT,2026-09-18,put,460.0,2.0,0.0,0.0,0.062509375,1481.0,0,False,496.3699951171875
2026-08-27T05:04:47Z,MSFT,2026-09-18,put,462.5,2.25,0.0,0.0,0.062509375,94.0,0,False,496.3699951171875
2026-08-27T05:04:47Z,MSFT,2026-09-18,put,465.0,2.57,0.0,0.0,0.062509375,286.0,0,False,496.3699951171875
2026-08-27T05:04:47Z,MSFT,2026-09-18,put,467.5,3.05,0.0,0.0,0.062509375,71.0,0,False,496.3699951171875
2026-08-27T05:04:47Z,MSFT,2026-09-18,put,470.0,3.25,0.0,0.0,0.062509375,346.0,0,False,496.3699951171875
2026-08-27T05:04:47Z,MSFT,2026-09-18,put,472.5,3.76,0.0,0.0,0.0312596875,92.0,0,False,496.3699951171875
2026-08-27T05:04:47Z,MSFT,2026-09-18,put,475.0,4.22,0.0,0.0,0.0312596875,225.0,0,False,496.3699951171875
2026-08-27T05:04:47Z,MSFT,2026-09-18,put,477.5,4.98,0.0,0.0,0.0312596875,133.0,0,False,496.3699951171875
2026-08-27T05:04:47Z,MSFT,2026-09-18,put,480.0,5.49,0.0,0.0,0.0312596875,543.0,0,False,496.3699951171875
2026-08-27T05:04:47Z,MSFT,2026-09-18,put,482.5,6.2,0.0,0.0,0.0312596875,28.0,0,False,496.3699951171875
2026-08-27T05:04:47Z,MSFT,2026-09-18,put,485.0,6.87,0.0,0.0,0.015634843750000002,191.0,0,False,496.3699951171875
2026-08-27T05:04:47Z,MSFT,2026-09-18,put,487.5,8.55,0.0,0.0,0.015634843750000002,35.0,0,False,496.3699951171875
2026-08-27T05:04:47Z,MSFT,2026-09-18,put,490.0,9.05,0.0,0.0,0.015634843750000002,422.0,0,False,496.3699951171875
2026-08-27T05:04:47Z,MSFT,2026-09-18,put,492.5,10.0,0.0,0.0,0.007822421875,83.0,0,False,496.3699951171875
2026-08-27T05:04:47Z,MSFT,2026-09-18,put,495.0,11.06,0.0,0.0,0.0039162109375,843.0,0,False,496.3699951171875
2026-08-27T05:04:47Z,MSFT,2026-09-18,put,500.0,13.15,0.0,0.0,1.0000000000000003e-05,276.0,0,True,496.3699951171875
2026-08-27T05:04:47Z,MSFT,2026-09-18,put,505.0,17.5,0.0,0.0,1.0000000000000003e-05,43.0,0,True,496.3699951171875
2026-08-27T05:04:47Z,MSFT,2026-09-18,put,510.0,19.5,0.0,0.0,1.0000000000000003e-05,4.0,0,True,496.3699951171875
2026-08-27T05:04:47Z,MSFT,2026-09-18,put,515.0,32.75,0.0,0.0,1.0000000000000003e-05,2.0,0,True,496.3699951171875
2026-08-27T05:04:47Z,MSFT,2026-09-18,put,520.0,26.71,0.0,0.0,1.0000000000000003e-05,19.0,0,True,496.3699951171875
2026-08-27T05:04:47Z,MSFT,2026-09-18,put,525.0,43.31,0.0,0.0,1.0000000000000003e-05,6.0,0,True,496.3699951171875
2026-08-27T05:04:47Z,MSFT,2026-09-18,put,530.0,36.1,0.0,0.0,1.0000000000000003e-05,1.0,0,True,496.3699951171875
2026-08-27T05:04:47Z,MSFT,2026-09-18,put,535.0,39.3,0.0,0.0,1.0000000000000003e-05,2.0,0,True,496.3699951171875
2026-08-27T05:04:47Z,MSFT,2026-09-18,put,540.0,57.99,0.0,0.0,1.0000000000000003e-05,20.0,0,True,496.3699951171875
2026-08-27T05:04:47Z,MSFT,2026-09-18,put,545.0,64.02,0.0,0.0,1.0000000000000003e-05,100.0,0,True,496.3699951171875
2026-08-27T05:04:47Z,MSFT,2026-09-18,put,550.0,60.7,0.0,0.0,1.0000000000000003e-05,1.0,0,True,496.3699951171875
2026-08-27T05:04:47Z,MSFT,2026-09-18,put,560.0,78.53,0.0,0.0,1.0000000000000003e-05,15.0,0,True,496.3699951171875
2026-08-27T05:04:47Z,MSFT,2026-09-18,put,570.0,199.45,0.0,0.0,1.0000000000000003e-05,1.0,0,True,496.3699951171875
2026-08-27T05:04:47Z,MSFT,2026-09-18,put,575.0,91.15,0.0,0.0,1.0000000000000003e-05,22.0,0,True,496.3699951171875
2026-08-27T05:04:47Z,MSFT,2026-09-18,put,580.0,96.15,0.0,0.0,1.0000000000000003e-05,22.0,0,True,496.3699951171875
2026-08-27T05:04:47Z,MSFT,2026-09-18,put,585.0,101.35,0.0,0.0,1.0000000000000003e-05,38.0,0,True,496.3699951171875
2026-08-27T05:04:47Z,MSFT,2026-09-18,put,590.0,108.53,0.0,0.0,1.0000000000000003e-05,25.0,0,True,496.3699951171875
2026-08-27T05:04:47Z,MSFT,2026-09-18,put,595.0,111.14,0.0,0.0,1.0000000000000003e-05,3.0,0,True,496.3699951171875
2026-08-27T05:04:47Z,MSFT,2026-09-18,put,600.0,103.74,0.0,0.0,1.0000000000000003e-05,1.0,0,True,496.3699951171875
2026-08-27T05:04:47Z,MSFT,2026-09-18,put,605.0,108.76,0.0,0.0,1.0000000000000003e-05,1.0,0,True,496.3699951171875
2026-08-27T05:04:47Z,MSFT,2026-09-18,put,610.0,111.4,0.0,0.0,1.0000000000000003e-05,1.0,0,True,496.3699951171875
2026-08-27T05:04:47Z,MSFT,2026-09-18,put,620.0,121.0,0.0,0.0,1.0000000000000003e-05,12.0,0,True,496.3699951171875
2026-08-27T05:04:47Z,MSFT,2026-09-18,put,630.0,171.1,0.0,0.0,1.0000000000000003e-05,130.0,0,True,496.3699951171875
2026-08-27T05:04:47Z,MSFT,2026-09-18,put,640.0,140.7,0.0,0.0,1.0000000000000003e-05,2.0,0,True,496.3699951171875
2026-08-27T05:04:47Z,MSFT,2026-09-18,put,650.0,166.35,0.0,0.0,1.0000000000000003e-05,15.0,0,True,496.3699951171875
2026-08-27T05:04:47Z,MSFT,2026-09-18,put,660.0,157.42,180.6,184.45,1.2832067089843748,2.0,0,True,496.3699951171875
2026-08-27T05:04:47Z,MSFT,2026-09-18,put,670.0,153.07,178.75,181.45,0.9368902795410157,1.0,0,True,496.3699951171875
2026-08-27T05:04:47Z,MSFT,2026-09-18,put,680.0,157.89,200.45,204.55,1.35779129699707,5.0,0,True,496.3699951171875
2026-08-27T05:04:47Z,MSFT,2026-09-18,put,700.0,200.5,0.0,0.0,1.0000000000000003e-05,2.0,0,True,496.3699951171875
2026-08-27T05:04:47Z,MSFT,2026-09-18,put,720.0,220.55,0.0,0.0,1.0000000000000003e-05,,0,True,496.3699951171875
2026-08-27T05:04:47Z,MSFT,2026-09-18,put,740.0,202.9,226.65,230.3,1.0000000000000003e-05,,0,True,496.3699951171875
2026-08-27T05:04:47Z,MSFT,2026-09-18,put,800.0,393.9,375.2,378.9,3.0116296681976316,,0,True,496.3699951171875
2026-08-27T05:04:47Z,MSFT,2026-09-25,call,320.0,163.92,0.0,0.0,1.0000000000000003e-05,,0,True,496.3699951171875
2026-08-27T05:04:47Z,MSFT,2026-09-25,call,355.0,129.53,0.0,0.0,1.0000000000000003e-05,1.0,0,True,496.3699951171875
2026-08-27T05:04:47Z,MSFT,2026-09-25,call,360.0,124.5,0.0,0.0,1.0000000000000003e-05,1.0,0,True,496.3699951171875
2026-08-27T05:04:47Z,MSFT,2026-09-25,call,365.0,119.7,0.0,0.0,1.0000000000000003e-05,,0,True,496.3699951171875
2026-08-27T05:04:47Z,MSFT,2026-09-25,call,370.0,132.17,0.0,0.0,1.0000000000000003e-05,3.0,0,True,496.3699951171875
2026-08-27T05:04:47Z,MSFT,2026-09-25,call,375.0,109.0,0.0,0.0,1.0000000000000003e-05,3.0,0,True,496.3699951171875
2026-08-27T05:04:47Z,MSFT,2026-09-25,call,380.0,105.15,0.0,0.0,1.0000000000000003e-05,5.0,0,True,496.3699951171875
2026-08-27T05:04:47Z,MSFT,2026-09-25,call,385.0,100.1,0.0,0.0,1.0000000000000003e-05,2.0,0,True,496.3699951171875
2026-08-27T05:04:47Z,MSFT,2026-09-25,call,390.0,100.3,0.0,0.0,1.0000000000000003e-05,2.0,0,True,496.3699951171875
2026-08-27T05:04:47Z,MSFT,2026-09-25,call,395.0,96.73,0.0,0.0,1.0000000000000003e-05,1.0,0,True,496.3699951171875
2026-08-27T05:04:47Z,MSFT,2026-09-25,call,400.0,91.17,0.0,0.0,1.0000000000000003e-05,1.0,0,True,496.3699951171875
2026-08-27T05:04:47Z,MSFT,2026-09-25,call,405.0,84.15,0.0,0.0,1.0000000000000003e-05,1.0,0,True,496.3699951171875
2026-08-27T05:04:47Z,MSFT,2026-09-25,call,410.0,74.12,0.0,0.0,1.0000000000000003e-05,,0,True,496.3699951171875
2026-08-27T05:04:47Z,MSFT,2026-09-25,call,415.0,67.62,0.0,0.0,1.0000000000000003e-05,3.0,0,True,496.3699951171875
2026-08-27T05:04:47Z,MSFT,2026-09-25,call,420.0,76.57,0.0,0.0,1.0000000000000003e-05,5.0,0,True,496.3699951171875
2026-08-27T05:04:47Z,MSFT,2026-09-25,call,425.0,71.73,0.0,0.0,1.0000000000000003e-05,40.0,0,True,496.3699951171875
2026-08-27T05:04:47Z,MSFT,2026-09-25,call,430.0,66.93,0.0,0.0,1.0000000000000003e-05,40.0,0,True,496.3699951171875
2026-08-27T05:04:47Z,MSFT,2026-09-25,call,435.0,62.81,0.0,0.0,1.0000000000000003e-05,38.0,0,True,496.3699951171875
2026-08-27T05:04:47Z,MSFT,2026-09-25,call,440.0,58.09,0.0,0.0,1.0000000000000003e-05,40.0,0,True,496.3699951171875
2026-08-27T05:04:47Z,MSFT,2026-09-25,call,445.0,45.35,0.0,0.0,1.0000000000000003e-05,1.0,0,True,496.3699951171875
2026-08-27T05:04:47Z,MSFT,2026-09-25,call,450.0,48.12,0.0,0.0,1.0000000000000003e-05,2.0,0,True,496.3699951171875
2026-08-27T05:04:47Z,MSFT,2026-09-25,call,455.0,39.44,0.0,0.0,1.0000000000000003e-05,7.0,0,True,496.3699951171875
2026-08-27T05:04:47Z,MSFT,2026-09-25,call,460.0,38.65,0.0,0.0,1.0000000000000003e-05,2.0,0,True,496.3699951171875
2026-08-27T05:04:47Z,MSFT,2026-09-25,call,465.0,36.51,0.0,0.0,1.0000000000000003e-05,1.0,0,True,496.3699951171875
2026-08-27T05:04:47Z,MSFT,2026-09-25,call,470.0,33.11,0.0,0.0,1.0000000000000003e-05,8.0,0,True,496.3699951171875
2026-08-27T05:04:47Z,MSFT,2026-09-25,call,475.0,29.21,0.0,0.0,1.0000000000000003e-05,6.0,0,True,496.3699951171875
2026-08-27T05:04:47Z,MSFT,2026-09-25,call,480.0,24.83,0.0,0.0,1.0000000000000003e-05,59.0,0,True,496.3699951171875
2026-08-27T05:04:47Z,MSFT,2026-09-25,call,485.0,22.0,0.0,0.0,1.0000000000000003e-05,12.0,0,True,496.3699951171875
2026-08-27T05:04:47Z,MSFT,2026-09-25,call,490.0,18.9,0.0,0.0,1.0000000000000003e-05,197.0,0,True,496.3699951171875
2026-08-27T05:04:47Z,MSFT,2026-09-25,call,495.0,15.8,0.0,0.0,1.0000000000000003e-05,100.0,0,True,496.3699951171875
2026-08-27T05:04:47Z,MSFT,2026-09-25,call,500.0,13.5,0.0,0.0,0.007822421875,96.0,0,False,496.3699951171875
2026-08-27T05:04:47Z,MSFT,2026-09-25,call,505.0,10.85,0.0,0.0,0.015634843750000002,23.0,0,False,496.3699951171875
2026-08-27T05:04:47Z,MSFT,2026-09-25,call,510.0,8.93,0.0,0.0,0.015634843750000002,66.0,0,False,496.3699951171875
2026-08-27T05:04:47Z,MSFT,2026-09-25,call,515.0,7.23,0.0,0.0,0.0312596875,38.0,0,False,496.3699951171875
2026-08-27T05:04:47Z,MSFT,2026-09-25,call,520.0,6.0,0.0,0.0,0.0312596875,235.0,0,False,496.3699951171875
2026-08-27T05:04:47Z,MSFT,2026-09-25,call,525.0,4.7,0.0,0.0,0.0312596875,92.0,0,False,496.3699951171875
2026-08-27T05:04:47Z,MSFT,2026-09-25,call,530.0,3.65,0.0,0.0,0.062509375,150.0,0,False,496.3699951171875
2026-08-27T05:04:47Z,MSFT,2026-09-25,call,535.0,2.62,0.0,0.0,0.062509375,19.0,0,False,496.3699951171875
2026-08-27T05:04:47Z,MSFT,2026-09-25,call,540.0,2.23,0.0,0.0,0.062509375,142.0,0,False,496.3699951171875
2026-08-27T05:04:47Z,MSFT,2026-09-25,call,545.0,1.65,0.0,0.0,0.062509375,27.0,0,False,496.3699951171875
2026-08-27T05:04:47Z,MSFT,2026-09-25,call,550.0,1.36,0.0,0.0,0.062509375,212.0,0,False,496.3699951171875
2026-08-27T05:04:47Z,MSFT,2026-09-25,call,555.0,1.01,0.0,0.0,0.062509375,10.0,0,False,496.3699951171875
2026-08-27T05:04:47Z,MSFT,2026-09-25,call,560.0,0.78,0.0,0.0,0.062509375,21.0,0,False,496.3699951171875
2026-08-27T05:04:47Z,MSFT,2026-09-25,call,570.0,0.45,0.0,0.0,0.12500875,14.0,0,False,496.3699951171875
2026-08-27T05:04:47Z,MSFT,2026-09-25,call,580.0,0.28,0.0,0.0,0.12500875,8.0,0,False,496.3699951171875
2026-08-27T05:04:47Z,MSFT,2026-09-25,call,590.0,0.15,0.0,0.0,0.12500875,1.0,0,False,496.3699951171875
2026-08-27T05:04:47Z,MSFT,2026-09-25,call,600.0,0.1,0.0,0.0,0.12500875,9.0,0,False,496.3699951171875
2026-08-27T05:04:47Z,MSFT,2026-09-25,call,610.0,0.22,0.0,0.0,0.12500875,1.0,0,False,496.3699951171875
2026-08-27T05:04:47Z,MSFT,2026-09-25,call,620.0,0.2,0.0,0.0,0.12500875,7.0,0,False,496.3699951171875
2026-08-27T05:04:47Z,MSFT,2026-09-25,call,630.0,0.19,0.0,0.0,0.12500875,1.0,0,False,496.3699951171875
2026-08-27T05:04:47Z,MSFT,2026-09-25,call,640.0,0.19,0.0,0.0,0.12500875,1.0,0,False,496.3699951171875
2026-08-27T05:04:47Z,MSFT,2026-09-25,call,650.0,0.04,0.0,0.0,0.2500075,2.0,0,False,496.3699951171875
2026-08-27T05:04:47Z,MSFT,2026-09-25,call,660.0,0.18,0.0,0.0,0.2500075,1.0,0,False,496.3699951171875
2026-08-27T05:04:47Z,MSFT,2026-09-25,call,670.0,0.2,0.0,0.0,0.2500075,4.0,0,False,496.3699951171875
2026-08-27T05:04:47Z,MSFT,2026-09-25,call,680.0,0.05,0.0,0.0,0.2500075,33.0,0,False,496.3699951171875
2026-08-27T05:04:47Z,MSFT,2026-09-25,put,270.0,0.01,0.0,0.0,0.500005,5.0,0,False,496.3699951171875
2026-08-27T05:04:47Z,MSFT,2026-09-25,put,280.0,0.04,0.0,0.0,0.500005,10.0,0,False,496.3699951171875
2026-08-27T05:04:47Z,MSFT,2026-09-25,put,290.0,0.06,0.0,0.0,0.2500075,10.0,0,False,496.3699951171875
2026-08-27T05:04:47Z,MSFT,2026-09-25,put,300.0,0.2,0.0,0.0,0.2500075,3.0,0,False,496.3699951171875
2026-08-27T05:04:47Z,MSFT,2026-09-25,put,305.0,0.07,0.0,0.0,0.2500075,3.0,0,False,496.3699951171875
2026-08-27T05:04:47Z,MSFT,2026-09-25,put,310.0,0.07,0.0,0.0,0.2500075,4.0,0,False,496.3699951171875
2026-08-27T05:04:47Z,MSFT,2026-09-25,put,315.0,0.06,0.0,0.0,0.2500075,21.0,0,False,496.3699951171875
2026-08-27T05:04:47Z,MSFT,2026-09-25,put,320.0,0.12,0.0,0.0,0.2500075,10.0,0,False,496.3699951171875
2026-08-27T05:04:47Z,MSFT,2026-09-25,put,325.0,0.05,0.0,0.0,0.2500075,1.0,0,False,496.3699951171875
2026-08-27T05:04:47Z,MSFT,2026-09-25,put,330.0,0.2,0.0,0.0,0.2500075,1.0,0,False,496.3699951171875
2026-08-27T05:04:47Z,MSFT,2026-09-25,put,335.0,0.13,0.0,0.0,0.2500075,6.0,0,False,496.3699951171875
2026-08-27T05:04:47Z,MSFT,2026-09-25,put,340.0,0.11,0.0,0.0,0.2500075,4.0,0,False,496.3699951171875
2026-08-27T05:04:47Z,MSFT,2026-09-25,put,345.0,0.1,0.0,0.0,0.2500075,23.0,0,False,496.3699951171875
2026-08-27T05:04:47Z,MSFT,2026-09-25,put,350.0,0.23,0.0,0.0,0.2500075,2.0,0,False,496.3699951171875
2026-08-27T05:04:47Z,MSFT,2026-09-25,put,355.0,0.22,0.0,0.0,0.2500075,4.0,0,False,496.3699951171875
2026-08-27T05:04:47Z,MSFT,2026-09-25,put,360.0,0.17,0.0,0.0,0.2500075,1.0,0,False,496.3699951171875
2026-08-27T05:04:47Z,MSFT,2026-09-25,put,365.0,0.13,0.0,0.0,0.2500075,3.0,0,False,496.3699951171875
2026-08-27T05:04:47Z,MSFT,2026-09-25,put,370.0,0.15,0.0,0.0,0.2500075,4.0,0,False,496.3699951171875
2026-08-27T05:04:47Z,MSFT,2026-09-25,put,375.0,0.18,0.0,0.0,0.2500075,5.0,0,False,496.3699951171875
2026-08-27T05:04:47Z,MSFT,2026-09-25,put,380.0,0.27,0.0,0.0,0.2500075,1.0,0,False,496.3699951171875
2026-08-27T05:04:47Z,MSFT,2026-09-25,put,385.0,0.23,0.0,0.0,0.12500875,1.0,0,False,496.3699951171875
2026-08-27T05:04:47Z,MSFT,2026-09-25,put,390.0,0.31,0.0,0.0,0.12500875,10.0,0,False,496.3699951171875
2026-08-27T05:04:47Z,MSFT,2026-09-25,put,395.0,0.43,0.0,0.0,0.12500875,2.0,0,False,496.3699951171875
2026-08-27T05:04:47Z,MSFT,2026-09-25,put,400.0,0.33,0.0,0.0,0.12500875,7.0,0,False,496.3699951171875
2026-08-27T05:04:47Z,MSFT,2026-09-25,put,405.0,0.44,0.0,0.0,0.12500875,1.0,0,False,496.3699951171875
2026-08-27T05:04:47Z,MSFT,2026-09-25,put,410.0,0.43,0.0,0.0,0.12500875,1.0,0,False,496.3699951171875
2026-08-27T05:04:47Z,MSFT,2026-09-25,put,415.0,0.55,0.0,0.0,0.12500875,2.0,0,False,496.3699951171875
2026-08-27T05:04:47Z,MSFT,2026-09-25,put,420.0,0.6,0.0,0.0,0.12500875,11.0,0,False,496.3699951171875
2026-08-27T05:04:47Z,MSFT,2026-09-25,put,425.0,0.7,0.0,0.0,0.12500875,5.0,0,False,496.3699951171875
2026-08-27T05:04:47Z,MSFT,2026-09-25,put,430.0,0.86,0.0,0.0,0.12500875,36.0,0,False,496.3699951171875
2026-08-27T05:04:47Z,MSFT,2026-09-25,put,435.0,0.93,0.0,0.0,0.12500875,16.0,0,False,496.3699951171875
2026-08-27T05:04:47Z,MSFT,2026-09-25,put,440.0,1.22,0.0,0.0,0.062509375,77.0,0,False,496.3699951171875
2026-08-27T05:04:47Z,MSFT,2026-09-25,put,445.0,1.55,0.0,0.0,0.062509375,14.0,0,False,496.3699951171875
2026-08-27T05:04:47Z,MSFT,2026-09-25,put,450.0,1.91,0.0,0.0,0.062509375,202.0,0,False,496.3699951171875
2026-08-27T05:04:47Z,MSFT,2026-09-25,put,455.0,2.25,0.0,0.0,0.062509375,78.0,0,False,496.3699951171875
2026-08-27T05:04:47Z,MSFT,2026-09-25,put,460.0,2.94,0.0,0.0,0.062509375,214.0,0,False,496.3699951171875
2026-08-27T05:04:47Z,MSFT,2026-09-25,put,465.0,3.67,0.0,0.0,0.062509375,178.0,0,False,496.3699951171875
2026-08-27T05:04:47Z,MSFT,2026-09-25,put,470.0,4.57,0.0,0.0,0.0312596875,267.0,0,False,496.3699951171875
2026-08-27T05:04:47Z,MSFT,2026-09-25,put,475.0,6.15,0.0,0.0,0.0312596875,64.0,0,False,496.3699951171875
2026-08-27T05:04:47Z,MSFT,2026-09-25,put,480.0,6.85,0.0,0.0,0.0312596875,857.0,0,False,496.3699951171875
2026-08-27T05:04:47Z,MSFT,2026-09-25,put,485.0,8.5,0.0,0.0,0.015634843750000002,73.0,0,False,496.3699951171875
2026-08-27T05:04:47Z,MSFT,2026-09-25,put,490.0,10.52,0.0,0.0,0.007822421875,90.0,0,False,496.3699951171875
2026-08-27T05:04:47Z,MSFT,2026-09-25,put,495.0,12.62,0.0,0.0,0.00196310546875,72.0,0,False,496.3699951171875
2026-08-27T05:04:47Z,MSFT,2026-09-25,put,500.0,15.3,0.0,0.0,1.0000000000000003e-05,68.0,0,True,496.3699951171875
2026-08-27T05:04:47Z,MSFT,2026-09-25,put,505.0,18.54,0.0,0.0,1.0000000000000003e-05,5.0,0,True,496.3699951171875
2026-08-27T05:04:47Z,MSFT,2026-09-25,put,510.0,22.59,0.0,0.0,1.0000000000000003e-05,1.0,0,True,496.3699951171875
2026-08-27T05:04:47Z,MSFT,2026-09-25,put,515.0,26.01,0.0,0.0,1.0000000000000003e-05,1.0,0,True,496.3699951171875
2026-08-27T05:04:47Z,MSFT,2026-09-25,put,520.0,29.1,0.0,0.0,1.0000000000000003e-05,2.0,0,True,496.3699951171875
2026-08-27T05:04:47Z,MSFT,2026-09-25,put,525.0,31.45,0.0,0.0,1.0000000000000003e-05,1.0,0,True,496.3699951171875
2026-08-27T05:04:47Z,MSFT,2026-09-25,put,530.0,38.0,0.0,0.0,1.0000000000000003e-05,2.0,0,True,496.3699951171875
2026-08-27T05:04:47Z,MSFT,2026-09-25,put,535.0,42.0,0.0,0.0,1.0000000000000003e-05,2.0,0,True,496.3699951171875
2026-08-27T05:04:47Z,MSFT,2026-09-25,put,540.0,42.79,0.0,0.0,1.0000000000000003e-05,1.0,0,True,496.3699951171875
2026-08-27T05:04:47Z,MSFT,2026-09-25,put,550.0,70.0,0.0,0.0,1.0000000000000003e-05,,0,True,496.3699951171875
2026-08-27T05:04:47Z,MSFT,2026-09-25,put,555.0,61.4,0.0,0.0,1.0000000000000003e-05,,0,True,496.3699951171875
2026-08-27T05:04:47Z,MSFT,2026-09-25,put,560.0,60.95,0.0,0.0,1.0000000000000003e-05,2.0,0,True,496.3699951171875
2026-08-27T05:04:47Z,MSFT,2026-10-02,call,355.0,127.36,0.0,0.0,1.0000000000000003e-05,,0,True,496.3699951171875
2026-08-27T05:04:47Z,MSFT,2026-10-02,call,375.0,110.68,0.0,0.0,1.0000000000000003e-05,,0,True,496.3699951171875
2026-08-27T05:04:47Z,MSFT,2026-10-02,call,385.0,100.0,0.0,0.0,1.0000000000000003e-05,,0,True,496.3699951171875
2026-08-27T05:04:47Z,MSFT,2026-10-02,call,400.0,92.38,0.0,0.0,1.0000000000000003e-05,1.0,0,True,496.3699951171875
2026-08-27T05:04:47Z,MSFT,2026-10-02,call,405.0,78.13,0.0,0.0,1.0000000000000003e-05,,0,True,496.3699951171875
2026-08-27T05:04:47Z,MSFT,2026-10-02,call,410.0,75.47,0.0,0.0,1.0000000000000003e-05,,0,True,496.3699951171875
2026-08-27T05:04:47Z,MSFT,2026-10-02,call,415.0,82.53,0.0,0.0,1.0000000000000003e-05,1.0,0,True,496.3699951171875
2026-08-27T05:04:47Z,MSFT,2026-10-02,call,425.0,73.18,0.0,0.0,1.0000000000000003e-05,2.0,0,True,496.3699951171875
2026-08-27T05:04:47Z,MSFT,2026-10-02,call,430.0,57.35,0.0,0.0,1.0000000000000003e-05,5.0,0,True,496.3699951171875
2026-08-27T05:04:47Z,MSFT,2026-10-02,call,435.0,52.46,0.0,0.0,1.0000000000000003e-05,1.0,0,True,496.3699951171875
2026-08-27T05:04:47Z,MSFT,2026-10-02,call,440.0,54.5,0.0,0.0,1.0000000000000003e-05,2.0,0,True,496.3699951171875
2026-08-27T05:04:47Z,MSFT,2026-10-02,call,445.0,50.15,0.0,0.0,1.0000000000000003e-05,3.0,0,True,496.3699951171875
2026-08-27T05:04:47Z,MSFT,2026-10-02,call,450.0,49.35,0.0,0.0,1.0000000000000003e-05,6.0,0,True,496.3699951171875
2026-08-27T05:04:47Z,MSFT,2026-10-02,call,455.0,47.0,0.0,0.0,1.0000000000000003e-05,,0,True,496.3699951171875
2026-08-27T05:04:47Z,MSFT,2026-10-02,call,460.0,41.34,0.0,0.0,1.0000000000000003e-05,1.0,0,True,496.3699951171875
2026-08-27T05:04:47Z,MSFT,2026-10-02,call,465.0,36.52,0.0,0.0,1.0000000000000003e-05,2.0,0,True,496.3699951171875
2026-08-27T05:04:47Z,MSFT,2026-10-02,call,470.0,29.55,0.0,0.0,1.0000000000000003e-05,3.0,0,True,496.3699951171875
2026-08-27T05:04:47Z,MSFT,2026-10-02,call,475.0,29.42,0.0,0.0,1.0000000000000003e-05,4.0,0,True,496.3699951171875
2026-08-27T05:04:47Z,MSFT,2026-10-02,call,480.0,26.6,0.0,0.0,1.0000000000000003e-05,7.0,0,True,496.3699951171875
2026-08-27T05:04:47Z,MSFT,2026-10-02,call,485.0,23.83,0.0,0.0,1.0000000000000003e-05,40.0,0,True,496.3699951171875
2026-08-27T05:04:47Z,MSFT,2026-10-02,call,490.0,18.99,0.0,0.0,1.0000000000000003e-05,28.0,0,True,496.3699951171875
2026-08-27T05:04:47Z,MSFT,2026-10-02,call,495.0,17.5,0.0,0.0,1.0000000000000003e-05,14.0,0,True,496.3699951171875
2026-08-27T05:04:47Z,MSFT,2026-10-02,call,500.0,15.14,0.0,0.0,0.007822421875,45.0,0,False,496.3699951171875
2026-08-27T05:04:47Z,MSFT,2026-10-02,call,505.0,13.1,0.0,0.0,0.015634843750000002,14948.0,0,False,496.3699951171875
2026-08-27T05:04:47Z,MSFT,2026-10-02,call,510.0,10.99,0.0,0.0,0.015634843750000002,75.0,0,False,496.3699951171875
2026-08-27T05:04:47Z,MSFT,2026-10-02,call,515.0,9.07,0.0,0.0,0.0312596875,64.0,0,False,496.3699951171875
2026-08-27T05:04:47Z,MSFT,2026-10-02,call,520.0,7.41,0.0,0.0,0.0312596875,375.0,0,False,496.3699951171875
2026-08-27T05:04:47Z,MSFT,2026-10-02,call,525.0,6.64,0.0,0.0,0.0312596875,50.0,0,False,496.3699951171875
2026-08-27T05:04:47Z,MSFT,2026-10-02,call,530.0,5.0,0.0,0.0,0.0312596875,70.0,0,False,496.3699951171875
2026-08-27T05:04:47Z,MSFT,2026-10-02,call,535.0,4.0,0.0,0.0,0.062509375,26.0,0,False,496.3699951171875
2026-08-27T05:04:47Z,MSFT,2026-10-02,call,540.0,3.3,0.0,0.0,0.062509375,58.0,0,False,496.3699951171875
2026-08-27T05:04:47Z,MSFT,2026-10-02,call,545.0,2.46,0.0,0.0,0.062509375,79.0,0,False,496.3699951171875
2026-08-27T05:04:47Z,MSFT,2026-10-02,call,550.0,2.15,0.0,0.0,0.062509375,15104.0,0,False,496.3699951171875
2026-08-27T05:04:47Z,MSFT,2026-10-02,call,555.0,1.64,0.0,0.0,0.062509375,18.0,0,False,496.3699951171875
2026-08-27T05:04:47Z,MSFT,2026-10-02,call,560.0,1.36,0.0,0.0,0.062509375,11.0,0,False,496.3699951171875
2026-08-27T05:04:47Z,MSFT,2026-10-02,call,570.0,0.88,0.0,0.0,0.062509375,12.0,0,False,496.3699951171875
2026-08-27T05:04:47Z,MSFT,2026-10-02,call,580.0,0.53,0.0,0.0,0.12500875,1.0,0,False,496.3699951171875
2026-08-27T05:04:47Z,MSFT,2026-10-02,call,590.0,0.23,0.0,0.0,0.12500875,2.0,0,False,496.3699951171875
2026-08-27T05:04:47Z,MSFT,2026-10-02,call,600.0,0.25,0.0,0.0,0.12500875,6.0,0,False,496.3699951171875
2026-08-27T05:04:47Z,MSFT,2026-10-02,call,610.0,0.13,0.0,0.0,0.12500875,5.0,0,False,496.3699951171875
2026-08-27T05:04:47Z,MSFT,2026-10-02,call,620.0,0.09,0.0,0.0,0.12500875,5.0,0,False,496.3699951171875
2026-08-27T05:04:47Z,MSFT,2026-10-02,call,630.0,0.2,0.0,0.0,0.12500875,1.0,0,False,496.3699951171875
2026-08-27T05:04:47Z,MSFT,2026-10-02,call,640.0,0.12,0.0,0.0,0.12500875,2.0,0,False,496.3699951171875
2026-08-27T05:04:47Z,MSFT,2026-10-02,call,650.0,0.11,0.0,0.0,0.12500875,2.0,0,False,496.3699951171875
2026-08-27T05:04:47Z,MSFT,2026-10-02,call,660.0,0.22,0.0,0.0,0.12500875,1.0,0,False,496.3699951171875
2026-08-27T05:04:47Z,MSFT,2026-10-02,call,670.0,0.21,0.0,0.0,0.2500075,1.0,0,False,496.3699951171875
2026-08-27T05:04:47Z,MSFT,2026-10-02,call,680.0,0.06,0.0,0.0,0.2500075,4.0,0,False,496.3699951171875
2026-08-27T05:04:47Z,MSFT,2026-10-02,put,270.0,0.05,0.0,0.0,0.500005,,0,False,496.3699951171875
2026-08-27T05:04:47Z,MSFT,2026-10-02,put,280.0,0.05,0.0,0.0,0.2500075,,0,False,496.3699951171875
2026-08-27T05:04:47Z,MSFT,2026-10-02,put,290.0,0.07,0.0,0.0,0.2500075,10.0,0,False,496.3699951171875
2026-08-27T05:04:47Z,MSFT,2026-10-02,put,300.0,0.07,0.0,0.0,0.2500075,2.0,0,False,496.3699951171875
2026-08-27T05:04:47Z,MSFT,2026-10-02,put,305.0,0.16,0.0,0.0,0.2500075,5.0,0,False,496.3699951171875
2026-08-27T05:04:47Z,MSFT,2026-10-02,put,310.0,0.06,0.0,0.0,0.2500075,5.0,0,False,496.3699951171875
2026-08-27T05:04:47Z,MSFT,2026-10-02,put,315.0,0.05,0.0,0.0,0.2500075,23.0,0,False,496.3699951171875
2026-08-27T05:04:47Z,MSFT,2026-10-02,put,320.0,0.05,0.0,0.0,0.2500075,3.0,0,False,496.3699951171875
2026-08-27T05:04:47Z,MSFT,2026-10-02,put,325.0,0.06,0.0,0.0,0.2500075,1.0,0,False,496.3699951171875
2026-08-27T05:04:47Z,MSFT,2026-10-02,put,330.0,0.09,0.0,0.0,0.2500075,6.0,0,False,496.3699951171875
2026-08-27T05:04:47Z,MSFT,2026-10-02,put,335.0,0.06,0.0,0.0,0.2500075,4.0,0,False,496.3699951171875
2026-08-27T05:04:47Z,MSFT,2026-10-02,put,340.0,0.09,0.0,0.0,0.2500075,63.0,0,False,496.3699951171875
2026-08-27T05:04:47Z,MSFT,2026-10-02,put,345.0,0.14,0.0,0.0,0.2500075,2.0,0,False,496.3699951171875
2026-08-27T05:04:47Z,MSFT,2026-10-02,put,350.0,0.1,0.0,0.0,0.2500075,1.0,0,False,496.3699951171875
2026-08-27T05:04:47Z,MSFT,2026-10-02,put,355.0,0.16,0.0,0.0,0.2500075,4.0,0,False,496.3699951171875
2026-08-27T05:04:47Z,MSFT,2026-10-02,put,360.0,0.15,0.0,0.0,0.2500075,1.0,0,False,496.3699951171875
2026-08-27T05:04:47Z,MSFT,2026-10-02,put,365.0,0.15,0.0,0.0,0.2500075,2.0,0,False,496.3699951171875
2026-08-27T05:04:47Z,MSFT,2026-10-02,put,370.0,0.24,0.0,0.0,0.2500075,1.0,0,False,496.3699951171875
2026-08-27T05:04:47Z,MSFT,2026-10-02,put,375.0,0.32,0.0,0.0,0.12500875,1.0,0,False,496.3699951171875
2026-08-27T05:04:47Z,MSFT,2026-10-02,put,380.0,0.24,0.0,0.0,0.12500875,1.0,0,False,496.3699951171875
2026-08-27T05:04:47Z,MSFT,2026-10-02,put,385.0,0.31,0.0,0.0,0.12500875,4.0,0,False,496.3699951171875
2026-08-27T05:04:47Z,MSFT,2026-10-02,put,390.0,0.55,0.0,0.0,0.12500875,20.0,0,False,496.3699951171875
2026-08-27T05:04:47Z,MSFT,2026-10-02,put,395.0,0.86,0.0,0.0,0.12500875,,0,False,496.3699951171875
2026-08-27T05:04:47Z,MSFT,2026-10-02,put,400.0,0.55,0.0,0.0,0.12500875,2.0,0,False,496.3699951171875
2026-08-27T05:04:47Z,MSFT,2026-10-02,put,405.0,0.56,0.0,0.0,0.12500875,2.0,0,False,496.3699951171875
2026-08-27T05:04:47Z,MSFT,2026-10-02,put,410.0,0.67,0.0,0.0,0.12500875,1.0,0,False,496.3699951171875
2026-08-27T05:04:47Z,MSFT,2026-10-02,put,415.0,0.83,0.0,0.0,0.12500875,7.0,0,False,496.3699951171875
2026-08-27T05:04:47Z,MSFT,2026-10-02,put,420.0,0.9,0.0,0.0,0.12500875,13.0,0,False,496.3699951171875
2026-08-27T05:04:47Z,MSFT,2026-10-02,put,425.0,1.12,0.0,0.0,0.12500875,11.0,0,False,496.3699951171875
2026-08-27T05:04:47Z,MSFT,2026-10-02,put,430.0,1.3,0.0,0.0,0.12500875,24.0,0,False,496.3699951171875
2026-08-27T05:04:47Z,MSFT,2026-10-02,put,435.0,1.55,0.0,0.0,0.062509375,16.0,0,False,496.3699951171875
2026-08-27T05:04:47Z,MSFT,2026-10-02,put,440.0,2.0,0.0,0.0,0.062509375,19.0,0,False,496.3699951171875
2026-08-27T05:04:47Z,MSFT,2026-10-02,put,445.0,2.25,0.0,0.0,0.062509375,21.0,0,False,496.3699951171875
2026-08-27T05:04:47Z,MSFT,2026-10-02,put,450.0,2.74,0.0,0.0,0.062509375,46.0,0,False,496.3699951171875
2026-08-27T05:04:47Z,MSFT,2026-10-02,put,455.0,3.32,0.0,0.0,0.062509375,29.0,0,False,496.3699951171875
2026-08-27T05:04:47Z,MSFT,2026-10-02,put,460.0,3.89,0.0,0.0,0.062509375,41.0,0,False,496.3699951171875
2026-08-27T05:04:47Z,MSFT,2026-10-02,put,465.0,4.85,0.0,0.0,0.0312596875,156.0,0,False,496.3699951171875
2026-08-27T05:04:47Z,MSFT,2026-10-02,put,470.0,5.77,0.0,0.0,0.0312596875,15.0,0,False,496.3699951171875
2026-08-27T05:04:47Z,MSFT,2026-10-02,put,475.0,7.52,0.0,0.0,0.0312596875,35.0,0,False,496.3699951171875
2026-08-27T05:04:47Z,MSFT,2026-10-02,put,480.0,8.47,0.0,0.0,0.0312596875,37.0,0,False,496.3699951171875
2026-08-27T05:04:47Z,MSFT,2026-10-02,put,485.0,10.2,0.0,0.0,0.015634843750000002,26.0,0,False,496.3699951171875
2026-08-27T05:04:47Z,MSFT,2026-10-02,put,490.0,12.1,0.0,0.0,0.007822421875,326.0,0,False,496.3699951171875
2026-08-27T05:04:47Z,MSFT,2026-10-02,put,495.0,14.05,0.0,0.0,0.00196310546875,19.0,0,False,496.3699951171875
2026-08-27T05:04:47Z,MSFT,2026-10-02,put,500.0,16.24,0.0,0.0,1.0000000000000003e-05,5.0,0,True,496.3699951171875
2026-08-27T05:04:47Z,MSFT,2026-10-02,put,505.0,23.0,0.0,0.0,1.0000000000000003e-05,49.0,0,True,496.3699951171875
2026-08-27T05:04:47Z,MSFT,2026-10-02,put,510.0,23.22,0.0,0.0,1.0000000000000003e-05,1.0,0,True,496.3699951171875
2026-08-27T05:04:47Z,MSFT,2026-10-02,put,515.0,33.15,0.0,0.0,1.0000000000000003e-05,14.0,0,True,496.3699951171875
2026-08-27T05:04:47Z,MSFT,2026-10-02,put,520.0,33.6,0.0,0.0,1.0000000000000003e-05,,0,True,496.3699951171875
2026-08-27T05:04:47Z,MSFT,2026-10-02,put,530.0,51.32,0.0,0.0,1.0000000000000003e-05,2.0,0,True,496.3699951171875
2026-08-27T05:04:47Z,MSFT,2026-10-02,put,535.0,42.01,0.0,0.0,1.0000000000000003e-05,,0,True,496.3699951171875
2026-08-27T05:04:47Z,MSFT,2026-10-02,put,545.0,65.79,0.0,0.0,1.0000000000000003e-05,,0,True,496.3699951171875
2026-08-27T05:04:47Z,MSFT,2026-10-02,put,550.0,65.6,0.0,0.0,1.0000000000000003e-05,1.0,0,True,496.3699951171875
2026-08-27T05:04:47Z,MSFT,2026-10-02,put,560.0,74.3,0.0,0.0,1.0000000000000003e-05,,0,True,496.3699951171875
2026-08-27T05:04:47Z,MSFT,2026-10-16,call,210.0,278.5,0.0,0.0,1.0000000000000003e-05,3.0,0,True,496.3699951171875
2026-08-27T05:04:47Z,MSFT,2026-10-16,call,220.0,276.45,0.0,0.0,1.0000000000000003e-05,4.0,0,True,496.3699951171875
2026-08-27T05:04:47Z,MSFT,2026-10-16,call,230.0,271.4,0.0,0.0,1.0000000000000003e-05,2.0,0,True,496.3699951171875
2026-08-27T05:04:47Z,MSFT,2026-10-16,call,240.0,242.8,0.0,0.0,1.0000000000000003e-05,10.0,0,True,496.3699951171875
2026-08-27T05:04:47Z,MSFT,2026-10-16,call,250.0,247.05,0.0,0.0,1.0000000000000003e-05,4.0,0,True,496.3699951171875
2026-08-27T05:04:47Z,MSFT,2026-10-16,call,260.0,236.7,0.0,0.0,1.0000000000000003e-05,4.0,0,True,496.3699951171875
2026-08-27T05:04:47Z,MSFT,2026-10-16,call,270.0,235.15,0.0,0.0,1.0000000000000003e-05,2.0,0,True,496.3699951171875
2026-08-27T05:04:47Z,MSFT,2026-10-16,call,280.0,210.2,0.0,0.0,1.0000000000000003e-05,10.0,0,True,496.3699951171875
2026-08-27T05:04:47Z,MSFT,2026-10-16,call,285.0,222.0,0.0,0.0,1.0000000000000003e-05,10.0,0,True,496.3699951171875
2026-08-27T05:04:47Z,MSFT,2026-10-16,call,290.0,207.85,0.0,0.0,1.0000000000000003e-05,2.0,0,True,496.3699951171875
2026-08-27T05:04:47Z,MSFT,2026-10-16,call,295.0,202.25,0.0,0.0,1.0000000000000003e-05,40.0,0,True,496.3699951171875
2026-08-27T05:04:47Z,MSFT,2026-10-16,call,300.0,182.86,0.0,0.0,1.0000000000000003e-05,4.0,0,True,496.3699951171875
2026-08-27T05:04:47Z,MSFT,2026-10-16,call,305.0,200.7,0.0,0.0,1.0000000000000003e-05,2.0,0,True,496.3699951171875
2026-08-27T05:04:47Z,MSFT,2026-10-16,call,310.0,170.99,0.0,0.0,1.0000000000000003e-05,1.0,0,True,496.3699951171875
2026-08-27T05:04:47Z,MSFT,2026-10-16,call,315.0,183.75,0.0,0.0,1.0000000000000003e-05,2.0,0,True,496.3699951171875
2026-08-27T05:04:47Z,MSFT,2026-10-16,call,320.0,184.78,0.0,0.0,1.0000000000000003e-05,2.0,0,True,496.3699951171875
2026-08-27T05:04:47Z,MSFT,2026-10-16,call,325.0,180.64,0.0,0.0,1.0000000000000003e-05,1.0,0,True,496.3699951171875
2026-08-27T05:04:47Z,MSFT,2026-10-16,call,330.0,161.74,0.0,0.0,1.0000000000000003e-05,1.0,0,True,496.3699951171875
2026-08-27T05:04:47Z,MSFT,2026-10-16,call,335.0,156.4,0.0,0.0,1.0000000000000003e-05,9.0,0,True,496.3699951171875
2026-08-27T05:04:47Z,MSFT,2026-10-16,call,340.0,144.59,0.0,0.0,1.0000000000000003e-05,1.0,0,True,496.3699951171875
2026-08-27T05:04:47Z,MSFT,2026-10-16,call,345.0,138.52,0.0,0.0,1.0000000000000003e-05,1.0,0,True,496.3699951171875
2026-08-27T05:04:47Z,MSFT,2026-10-16,call,350.0,142.0,0.0,0.0,1.0000000000000003e-05,2.0,0,True,496.3699951171875
2026-08-27T05:04:47Z,MSFT,2026-10-16,call,355.0,127.11,0.0,0.0,1.0000000000000003e-05,1.0,0,True,496.3699951171875
2026-08-27T05:04:47Z,MSFT,2026-10-16,call,360.0,125.58,0.0,0.0,1.0000000000000003e-05,2.0,0,True,496.3699951171875
2026-08-27T05:04:47Z,MSFT,2026-10-16,call,365.0,119.03,0.0,0.0,1.0000000000000003e-05,2.0,0,True,496.3699951171875
2026-08-27T05:04:47Z,MSFT,2026-10-16,call,370.0,116.64,0.0,0.0,1.0000000000000003e-05,1.0,0,True,496.3699951171875
2026-08-27T05:04:47Z,MSFT,2026-10-16,call,375.0,123.3,0.0,0.0,1.0000000000000003e-05,1.0,0,True,496.3699951171875
2026-08-27T05:04:47Z,MSFT,2026-10-16,call,380.0,107.79,0.0,0.0,1.0000000000000003e-05,31.0,0,True,496.3699951171875
2026-08-27T05:04:47Z,MSFT,2026-10-16,call,385.0,112.26,0.0,0.0,1.0000000000000003e-05,3.0,0,True,496.3699951171875
2026-08-27T05:04:47Z,MSFT,2026-10-16,call,390.0,109.0,0.0,0.0,1.0000000000000003e-05,1.0,0,True,496.3699951171875
2026-08-27T05:04:47Z,MSFT,2026-10-16,call,395.0,92.52,0.0,0.0,1.0000000000000003e-05,2.0,0,True,496.3699951171875
2026-08-27T05:04:47Z,MSFT,2026-10-16,call,400.0,99.72,0.0,0.0,1.0000000000000003e-05,27.0,0,True,496.3699951171875
2026-08-27T05:04:47Z,MSFT,2026-10-16,call,405.0,92.49,0.0,0.0,1.0000000000000003e-05,22.0,0,True,496.3699951171875
2026-08-27T05:04:47Z,MSFT,2026-10-16,call,410.0,87.77,0.0,0.0,1.0000000000000003e-05,1.0,0,True,496.3699951171875
2026-08-27T05:04:47Z,MSFT,2026-10-16,call,415.0,85.05,0.0,0.0,1.0000000000000003e-05,1.0,0,True,496.3699951171875
2026-08-27T05:04:47Z,MSFT,2026-10-16,call,420.0,80.44,0.0,0.0,1.0000000000000003e-05,5.0,0,True,496.3699951171875
2026-08-27T05:04:47Z,MSFT,2026-10-16,call,425.0,75.55,0.0,0.0,1.0000000000000003e-05,97.0,0,True,496.3699951171875
2026-08-27T05:04:47Z,MSFT,2026-10-16,call,430.0,69.06,0.0,0.0,1.0000000000000003e-05,1.0,0,True,496.3699951171875
2026-08-27T05:04:47Z,MSFT,2026-10-16,call,435.0,64.38,0.0,0.0,1.0000000000000003e-05,16.0,0,True,496.3699951171875
2026-08-27T05:04:47Z,MSFT,2026-10-16,call,440.0,60.16,0.0,0.0,1.0000000000000003e-05,19.0,0,True,496.3699951171875
2026-08-27T05:04:47Z,MSFT,2026-10-16,call,445.0,58.46,0.0,0.0,1.0000000000000003e-05,55.0,0,True,496.3699951171875
2026-08-27T05:04:47Z,MSFT,2026-10-16,call,450.0,54.11,0.0,0.0,1.0000000000000003e-05,51.0,0,True,496.3699951171875
2026-08-27T05:04:47Z,MSFT,2026-10-16,call,455.0,49.05,0.0,0.0,1.0000000000000003e-05,13.0,0,True,496.3699951171875
2026-08-27T05:04:47Z,MSFT,2026-10-16,call,460.0,45.77,0.0,0.0,1.0000000000000003e-05,35.0,0,True,496.3699951171875
2026-08-27T05:04:47Z,MSFT,2026-10-16,call,465.0,39.28,0.0,0.0,1.0000000000000003e-05,9.0,0,True,496.3699951171875
2026-08-27T05:04:47Z,MSFT,2026-10-16,call,470.0,37.42,0.0,0.0,1.0000000000000003e-05,15.0,0,True,496.3699951171875
2026-08-27T05:04:47Z,MSFT,2026-10-16,call,475.0,34.17,0.0,0.0,1.0000000000000003e-05,88.0,0,True,496.3699951171875
2026-08-27T05:04:47Z,MSFT,2026-10-16,call,480.0,31.0,0.0,0.0,1.0000000000000003e-05,250.0,0,True,496.3699951171875
2026-08-27T05:04:47Z,MSFT,2026-10-16,call,485.0,26.4,0.0,0.0,1.0000000000000003e-05,97.0,0,True,496.3699951171875
2026-08-27T05:04:47Z,MSFT,2026-10-16,call,490.0,24.05,0.0,0.0,1.0000000000000003e-05,130.0,0,True,496.3699951171875
2026-08-27T05:04:47Z,MSFT,2026-10-16,call,495.0,21.35,0.0,0.0,1.0000000000000003e-05,343.0,0,True,496.3699951171875
2026-08-27T05:04:47Z,MSFT,2026-10-16,call,500.0,18.5,0.0,0.0,0.0039162109375,604.0,0,False,496.3699951171875
2026-08-27T05:04:47Z,MSFT,2026-10-16,call,505.0,16.75,0.0,0.0,0.007822421875,378.0,0,False,496.3699951171875
2026-08-27T05:04:47Z,MSFT,2026-10-16,call,510.0,14.1,0.0,0.0,0.015634843750000002,483.0,0,False,496.3699951171875
2026-08-27T05:04:47Z,MSFT,2026-10-16,call,515.0,12.28,0.0,0.0,0.015634843750000002,147.0,0,False,496.3699951171875
2026-08-27T05:04:47Z,MSFT,2026-10-16,call,520.0,10.73,0.0,0.0,0.0312596875,645.0,0,False,496.3699951171875
2026-08-27T05:04:47Z,MSFT,2026-10-16,call,525.0,8.95,0.0,0.0,0.0312596875,125.0,0,False,496.3699951171875
2026-08-27T05:04:47Z,MSFT,2026-10-16,call,530.0,7.9,0.0,0.0,0.0312596875,170.0,0,False,496.3699951171875
2026-08-27T05:04:47Z,MSFT,2026-10-16,call,535.0,6.6,0.0,0.0,0.0312596875,137.0,0,False,496.3699951171875
2026-08-27T05:04:47Z,MSFT,2026-10-16,call,540.0,5.55,0.0,0.0,0.062509375,1006.0,0,False,496.3699951171875
2026-08-27T05:04:47Z,MSFT,2026-10-16,call,545.0,4.65,0.0,0.0,0.062509375,116.0,0,False,496.3699951171875
2026-08-27T05:04:47Z,MSFT,2026-10-16,call,550.0,3.92,0.0,0.0,0.062509375,935.0,0,False,496.3699951171875
2026-08-27T05:04:47Z,MSFT,2026-10-16,call,555.0,3.22,0.0,0.0,0.062509375,88.0,0,False,496.3699951171875
2026-08-27T05:04:47Z,MSFT,2026-10-16,call,560.0,2.81,0.0,0.0,0.062509375,168.0,0,False,496.3699951171875
2026-08-27T05:04:47Z,MSFT,2026-10-16,call,565.0,2.34,0.0,0.0,0.062509375,82.0,0,False,496.3699951171875
2026-08-27T05:04:47Z,MSFT,2026-10-16,call,570.0,1.96,0.0,0.0,0.062509375,309.0,0,False,496.3699951171875
2026-08-27T05:04:47Z,MSFT,2026-10-16,call,575.0,1.53,0.0,0.0,0.062509375,31.0,0,False,496.3699951171875
2026-08-27T05:04:47Z,MSFT,2026-10-16,call,580.0,1.33,0.0,0.0,0.062509375,37.0,0,False,496.3699951171875
2026-08-27T05:04:47Z,MSFT,2026-10-16,call,585.0,1.1,0.0,0.0,0.062509375,57.0,0,False,496.3699951171875
2026-08-27T05:04:47Z,MSFT,2026-10-16,call,590.0,0.91,0.0,0.0,0.12500875,68.0,0,False,496.3699951171875
2026-08-27T05:04:47Z,MSFT,2026-10-16,call,595.0,0.75,0.0,0.0,0.12500875,3.0,0,False,496.3699951171875
2026-08-27T05:04:47Z,MSFT,2026-10-16,call,600.0,0.65,0.0,0.0,0.12500875,35.0,0,False,496.3699951171875
2026-08-27T05:04:47Z,MSFT,2026-10-16,call,605.0,0.54,0.0,0.0,0.12500875,4.0,0,False,496.3699951171875
2026-08-27T05:04:47Z,MSFT,2026-10-16,call,610.0,0.35,0.0,0.0,0.12500875,2.0,0,False,496.3699951171875
2026-08-27T05:04:47Z,MSFT,2026-10-16,call,615.0,0.33,0.0,0.0,0.12500875,1.0,0,False,496.3699951171875
2026-08-27T05:04:47Z,MSFT,2026-10-16,call,620.0,0.32,0.0,0.0,0.12500875,10.0,0,False,496.3699951171875
2026-08-27T05:04:47Z,MSFT,2026-10-16,call,625.0,0.16,0.0,0.0,0.12500875,5.0,0,False,496.3699951171875
2026-08-27T05:04:47Z,MSFT,2026-10-16,call,630.0,0.27,0.0,0.0,0.12500875,10.0,0,False,496.3699951171875
2026-08-27T05:04:47Z,MSFT,2026-10-16,call,635.0,0.23,0.0,0.0,0.12500875,3.0,0,False,496.3699951171875
2026-08-27T05:04:47Z,MSFT,2026-10-16,call,640.0,0.22,0.0,0.0,0.12500875,2.0,0,False,496.3699951171875
2026-08-27T05:04:47Z,MSFT,2026-10-16,call,645.0,0.22,0.0,0.0,0.12500875,3.0,0,False,496.3699951171875
2026-08-27T05:04:47Z,MSFT,2026-10-16,call,650.0,0.1,0.0,0.0,0.12500875,3.0,0,False,496.3699951171875
2026-08-27T05:04:47Z,MSFT,2026-10-16,call,655.0,0.19,0.0,0.0,0.12500875,2.0,0,False,496.3699951171875
2026-08-27T05:04:47Z,MSFT,2026-10-16,call,660.0,0.07,0.0,0.0,0.12500875,4.0,0,False,496.3699951171875
2026-08-27T05:04:47Z,MSFT,2026-10-16,call,665.0,0.1,0.0,0.0,0.12500875,3.0,0,False,496.3699951171875
2026-08-27T05:04:47Z,MSFT,2026-10-16,call,670.0,0.06,0.0,0.0,0.12500875,2.0,0,False,496.3699951171875
2026-08-27T05:04:47Z,MSFT,2026-10-16,call,675.0,0.09,0.0,0.0,0.12500875,4.0,0,False,496.3699951171875
2026-08-27T05:04:47Z,MSFT,2026-10-16,call,680.0,0.06,0.0,0.0,0.12500875,2.0,0,False,496.3699951171875
2026-08-27T05:04:47Z,MSFT,2026-10-16,put,210.0,0.12,0.0,0.0,0.500005,400.0,0,False,496.3699951171875
2026-08-27T05:04:47Z,MSFT,2026-10-16,put,220.0,0.01,0.0,0.0,0.500005,6.0,0,False,496.3699951171875
2026-08-27T05:04:47Z,MSFT,2026-10-16,put,230.0,0.02,0.0,0.0,0.500005,2.0,0,False,496.3699951171875
2026-08-27T05:04:47Z,MSFT,2026-10-16,put,240.0,0.03,0.0,0.0,0.500005,1.0,0,False,496.3699951171875
2026-08-27T05:04:47Z,MSFT,2026-10-16,put,250.0,0.08,0.0,0.0,0.2500075,22.0,0,False,496.3699951171875
2026-08-27T05:04:47Z,MSFT,2026-10-16,put,260.0,0.05,0.0,0.0,0.2500075,4.0,0,False,496.3699951171875
2026-08-27T05:04:47Z,MSFT,2026-10-16,put,270.0,0.18,0.0,0.0,0.2500075,29.0,0,False,496.3699951171875
2026-08-27T05:04:47Z,MSFT,2026-10-16,put,280.0,0.07,0.0,0.0,0.2500075,9.0,0,False,496.3699951171875
2026-08-27T05:04:47Z,MSFT,2026-10-16,put,285.0,0.07,0.0,0.0,0.2500075,30.0,0,False,496.3699951171875
2026-08-27T05:04:47Z,MSFT,2026-10-16,put,290.0,0.09,0.0,0.0,0.2500075,2.0,0,False,496.3699951171875
2026-08-27T05:04:47Z,MSFT,2026-10-16,put,295.0,0.12,0.0,0.0,0.2500075,7.0,0,False,496.3699951171875
2026-08-27T05:04:47Z,MSFT,2026-10-16,put,300.0,0.1,0.0,0.0,0.2500075,12.0,0,False,496.3699951171875
2026-08-27T05:04:47Z,MSFT,2026-10-16,put,305.0,0.09,0.0,0.0,0.2500075,40.0,0,False,496.3699951171875
2026-08-27T05:04:47Z,MSFT,2026-10-16,put,310.0,0.12,0.0,0.0,0.2500075,1.0,0,False,496.3699951171875
2026-08-27T05:04:47Z,MSFT,2026-10-16,put,315.0,0.11,0.0,0.0,0.2500075,19.0,0,False,496.3699951171875
2026-08-27T05:04:47Z,MSFT,2026-10-16,put,320.0,0.12,0.0,0.0,0.2500075,3.0,0,False,496.3699951171875
2026-08-27T05:04:47Z,MSFT,2026-10-16,put,325.0,0.16,0.0,0.0,0.2500075,6.0,0,False,496.3699951171875
2026-08-27T05:04:47Z,MSFT,2026-10-16,put,330.0,0.17,0.0,0.0,0.2500075,23.0,0,False,496.3699951171875
2026-08-27T05:04:47Z,MSFT,2026-10-16,put,335.0,0.2,0.0,0.0,0.2500075,15.0,0,False,496.3699951171875
2026-08-27T05:04:47Z,MSFT,2026-10-16,put,340.0,0.35,0.0,0.0,0.2500075,6.0,0,False,496.3699951171875
2026-08-27T05:04:47Z,MSFT,2026-10-16,put,345.0,0.24,0.0,0.0,0.2500075,6.0,0,False,496.3699951171875
2026-08-27T05:04:47Z,MSFT,2026-10-16,put,350.0,0.26,0.0,0.0,0.2500075,19.0,0,False,496.3699951171875
2026-08-27T05:04:47Z,MSFT,2026-10-16,put,355.0,0.28,0.0,0.0,0.12500875,3.0,0,False,496.3699951171875
2026-08-27T05:04:47Z,MSFT,2026-10-16,put,360.0,0.33,0.0,0.0,0.12500875,11.0,0,False,496.3699951171875
2026-08-27T05:04:47Z,MSFT,2026-10-16,put,365.0,0.42,0.0,0.0,0.12500875,10.0,0,False,496.3699951171875
2026-08-27T05:04:47Z,MSFT,2026-10-16,put,370.0,0.44,0.0,0.0,0.12500875,7.0,0,False,496.3699951171875
2026-08-27T05:04:47Z,MSFT,2026-10-16,put,375.0,0.46,0.0,0.0,0.12500875,21.0,0,False,496.3699951171875
2026-08-27T05:04:47Z,MSFT,2026-10-16,put,380.0,0.54,0.0,0.0,0.12500875,81.0,0,False,496.3699951171875
2026-08-27T05:04:47Z,MSFT,2026-10-16,put,385.0,0.64,0.0,0.0,0.12500875,21.0,0,False,496.3699951171875
2026-08-27T05:04:47Z,MSFT,2026-10-16,put,390.0,0.69,0.0,0.0,0.12500875,4.0,0,False,496.3699951171875
2026-08-27T05:04:47Z,MSFT,2026-10-16,put,395.0,0.78,0.0,0.0,0.12500875,46.0,0,False,496.3699951171875
2026-08-27T05:04:47Z,MSFT,2026-10-16,put,400.0,0.92,0.0,0.0,0.12500875,103.0,0,False,496.3699951171875
2026-08-27T05:04:47Z,MSFT,2026-10-16,put,405.0,1.07,0.0,0.0,0.12500875,11.0,0,False,496.3699951171875
2026-08-27T05:04:47Z,MSFT,2026-10-16,put,410.0,1.25,0.0,0.0,0.12500875,35.0,0,False,496.3699951171875
2026-08-27T05:04:47Z,MSFT,2026-10-16,put,415.0,1.42,0.0,0.0,0.12500875,90.0,0,False,496.3699951171875
2026-08-27T05:04:47Z,MSFT,2026-10-16,put,420.0,1.64,0.0,0.0,0.12500875,107.0,0,False,496.3699951171875
2026-08-27T05:04:47Z,MSFT,2026-10-16,put,425.0,1.98,0.0,0.0,0.062509375,64.0,0,False,496.3699951171875
2026-08-27T05:04:47Z,MSFT,2026-10-16,put,430.0,2.33,0.0,0.0,0.062509375,145.0,0,False,496.3699951171875
2026-08-27T05:04:47Z,MSFT,2026-10-16,put,435.0,2.68,0.0,0.0,0.062509375,119.0,0,False,496.3699951171875
2026-08-27T05:04:47Z,MSFT,2026-10-16,put,440.0,3.25,0.0,0.0,0.062509375,1021.0,0,False,496.3699951171875
2026-08-27T05:04:47Z,MSFT,2026-10-16,put,445.0,3.85,0.0,0.0,0.062509375,114.0,0,False,496.3699951171875
2026-08-27T05:04:47Z,MSFT,2026-10-16,put,450.0,4.29,0.0,0.0,0.062509375,304.0,0,False,496.3699951171875
2026-08-27T05:04:47Z,MSFT,2026-10-16,put,455.0,5.02,0.0,0.0,0.062509375,368.0,0,False,496.3699951171875
2026-08-27T05:04:47Z,MSFT,2026-10-16,put,460.0,5.9,0.0,0.0,0.0312596875,300.0,0,False,496.3699951171875
2026-08-27T05:04:47Z,MSFT,2026-10-16,put,465.0,7.1,0.0,0.0,0.0312596875,464.0,0,False,496.3699951171875
2026-08-27T05:04:47Z,MSFT,2026-10-16,put,470.0,8.12,0.0,0.0,0.0312596875,197.0,0,False,496.3699951171875
2026-08-27T05:04:47Z,MSFT,2026-10-16,put,475.0,9.54,0.0,0.0,0.0312596875,77.0,0,False,496.3699951171875
2026-08-27T05:04:47Z,MSFT,2026-10-16,put,480.0,11.03,0.0,0.0,0.015634843750000002,253.0,0,False,496.3699951171875
2026-08-27T05:04:47Z,MSFT,2026-10-16,put,485.0,12.6,0.0,0.0,0.015634843750000002,102.0,0,False,496.3699951171875
2026-08-27T05:04:47Z,MSFT,2026-10-16,put,490.0,15.05,0.0,0.0,0.007822421875,204.0,0,False,496.3699951171875
2026-08-27T05:04:47Z,MSFT,2026-10-16,put,495.0,16.85,0.0,0.0,0.00196310546875,436.0,0,False,496.3699951171875
2026-08-27T05:04:47Z,MSFT,2026-10-16,put,500.0,19.45,0.0,0.0,1.0000000000000003e-05,286.0,0,True,496.3699951171875
2026-08-27T05:04:47Z,MSFT,2026-10-16,put,505.0,22.69,0.0,0.0,1.0000000000000003e-05,21.0,0,True,496.3699951171875
2026-08-27T05:04:47Z,MSFT,2026-10-16,put,510.0,25.25,0.0,0.0,1.0000000000000003e-05,5.0,0,True,496.3699951171875
2026-08-27T05:04:47Z,MSFT,2026-10-16,put,515.0,29.95,0.0,0.0,1.0000000000000003e-05,2.0,0,True,496.3699951171875
2026-08-27T05:04:47Z,MSFT,2026-10-16,put,520.0,32.69,0.0,0.0,1.0000000000000003e-05,3.0,0,True,496.3699951171875
2026-08-27T05:04:47Z,MSFT,2026-10-16,put,525.0,36.02,0.0,0.0,1.0000000000000003e-05,44.0,0,True,496.3699951171875
2026-08-27T05:04:47Z,MSFT,2026-10-16,put,530.0,49.15,0.0,0.0,1.0000000000000003e-05,8.0,0,True,496.3699951171875
2026-08-27T05:04:47Z,MSFT,2026-10-16,put,535.0,49.2,0.0,0.0,1.0000000000000003e-05,1.0,0,True,496.3699951171875
2026-08-27T05:04:47Z,MSFT,2026-10-16,put,540.0,60.52,0.0,0.0,1.0000000000000003e-05,1.0,0,True,496.3699951171875
2026-08-27T05:04:47Z,MSFT,2026-10-16,put,545.0,57.22,0.0,0.0,1.0000000000000003e-05,1.0,0,True,496.3699951171875
2026-08-27T05:04:47Z,MSFT,2026-10-16,put,550.0,63.0,0.0,0.0,1.0000000000000003e-05,62.0,0,True,496.3699951171875
2026-08-27T05:04:47Z,MSFT,2026-10-16,put,555.0,75.95,0.0,0.0,1.0000000000000003e-05,1.0,0,True,496.3699951171875
2026-08-27T05:04:47Z,MSFT,2026-10-16,put,560.0,72.15,0.0,0.0,1.0000000000000003e-05,1.0,0,True,496.3699951171875
2026-08-27T05:04:47Z,MSFT,2026-10-16,put,565.0,79.63,0.0,0.0,1.0000000000000003e-05,54.0,0,True,496.3699951171875
2026-08-27T05:04:47Z,MSFT,2026-10-16,put,570.0,86.22,0.0,0.0,1.0000000000000003e-05,1.0,0,True,496.3699951171875
2026-08-27T05:04:47Z,MSFT,2026-10-16,put,575.0,89.28,0.0,0.0,1.0000000000000003e-05,2.0,0,True,496.3699951171875
2026-08-27T05:04:47Z,MSFT,2026-10-16,put,580.0,94.13,0.0,0.0,1.0000000000000003e-05,2.0,0,True,496.3699951171875
2026-08-27T05:04:47Z,MSFT,2026-10-16,put,585.0,99.07,0.0,0.0,1.0000000000000003e-05,2.0,0,True,496.3699951171875
2026-08-27T05:04:47Z,MSFT,2026-10-16,put,600.0,115.64,0.0,0.0,1.0000000000000003e-05,1.0,0,True,496.3699951171875
2026-08-27T05:04:47Z,MSFT,2026-10-16,put,620.0,125.35,0.0,0.0,1.0000000000000003e-05,2.0,0,True,496.3699951171875
2026-08-27T05:04:47Z,MSFT,2026-10-16,put,625.0,135.93,0.0,0.0,1.0000000000000003e-05,,0,True,496.3699951171875
2026-08-27T05:04:47Z,MSFT,2026-10-16,put,635.0,137.35,0.0,0.0,1.0000000000000003e-05,,0,True,496.3699951171875
2026-08-27T05:04:47Z,MSFT,2026-10-16,put,640.0,158.25,0.0,0.0,1.0000000000000003e-05,2.0,0,True,496.3699951171875
2026-08-27T05:04:47Z,MSFT,2026-10-16,put,650.0,166.25,0.0,0.0,1.0000000000000003e-05,16.0,0,True,496.3699951171875
2026-08-27T05:04:47Z,MSFT,2026-10-16,put,655.0,172.4,0.0,0.0,1.0000000000000003e-05,,0,True,496.3699951171875
2026-08-27T05:04:47Z,MSFT,2026-11-20,call,200.0,283.5,0.0,0.0,1.0000000000000003e-05,6.0,0,True,496.3699951171875
2026-08-27T05:04:47Z,MSFT,2026-11-20,call,210.0,292.95,0.0,0.0,1.0000000000000003e-05,2.0,0,True,496.3699951171875
2026-08-27T05:04:47Z,MSFT,2026-11-20,call,215.0,286.2,0.0,0.0,1.0000000000000003e-05,2.0,0,True,496.3699951171875
2026-08-27T05:04:47Z,MSFT,2026-11-20,call,220.0,285.95,0.0,0.0,1.0000000000000003e-05,2.0,0,True,496.3699951171875
2026-08-27T05:04:47Z,MSFT,2026-11-20,call,225.0,266.25,0.0,0.0,1.0000000000000003e-05,10.0,0,True,496.3699951171875
2026-08-27T05:04:47Z,MSFT,2026-11-20,call,230.0,255.0,0.0,0.0,1.0000000000000003e-05,3.0,0,True,496.3699951171875
2026-08-27T05:04:47Z,MSFT,2026-11-20,call,235.0,268.55,0.0,0.0,1.0000000000000003e-05,3.0,0,True,496.3699951171875
2026-08-27T05:04:47Z,MSFT,2026-11-20,call,240.0,253.0,0.0,0.0,1.0000000000000003e-05,2.0,0,True,496.3699951171875
2026-08-27T05:04:47Z,MSFT,2026-11-20,call,245.0,245.35,0.0,0.0,1.0000000000000003e-05,32.0,0,True,496.3699951171875
2026-08-27T05:04:47Z,MSFT,2026-11-20,call,250.0,234.5,0.0,0.0,1.0000000000000003e-05,2.0,0,True,496.3699951171875
2026-08-27T05:04:47Z,MSFT,2026-11-20,call,255.0,250.71,0.0,0.0,1.0000000000000003e-05,4.0,0,True,496.3699951171875
2026-08-27T05:04:47Z,MSFT,2026-11-20,call,260.0,227.77,0.0,0.0,1.0000000000000003e-05,2.0,0,True,496.3699951171875
2026-08-27T05:04:47Z,MSFT,2026-11-20,call,265.0,240.07,0.0,0.0,1.0000000000000003e-05,2.0,0,True,496.3699951171875
2026-08-27T05:04:47Z,MSFT,2026-11-20,call,270.0,235.23,0.0,0.0,1.0000000000000003e-05,10.0,0,True,496.3699951171875
2026-08-27T05:04:47Z,MSFT,2026-11-20,call,275.0,216.75,0.0,0.0,1.0000000000000003e-05,2.0,0,True,496.3699951171875
2026-08-27T05:04:47Z,MSFT,2026-11-20,call,280.0,213.63,0.0,0.0,1.0000000000000003e-05,1.0,0,True,496.3699951171875
2026-08-27T05:04:47Z,MSFT,2026-11-20,call,285.0,222.15,0.0,0.0,1.0000000000000003e-05,2.0,0,True,496.3699951171875
2026-08-27T05:04:47Z,MSFT,2026-11-20,call,290.0,202.65,0.0,0.0,1.0000000000000003e-05,22.0,0,True,496.3699951171875
2026-08-27T05:04:47Z,MSFT,2026-11-20,call,295.0,199.15,0.0,0.0,1.0000000000000003e-05,2.0,0,True,496.3699951171875
2026-08-27T05:04:47Z,MSFT,2026-11-20,call,300.0,190.6,0.0,0.0,1.0000000000000003e-05,1.0,0,True,496.3699951171875
2026-08-27T05:04:47Z,MSFT,2026-11-20,call,305.0,201.7,0.0,0.0,1.0000000000000003e-05,1.0,0,True,496.3699951171875
2026-08-27T05:04:47Z,MSFT,2026-11-20,call,310.0,174.45,0.0,0.0,1.0000000000000003e-05,3.0,0,True,496.3699951171875
2026-08-27T05:04:47Z,MSFT,2026-11-20,call,315.0,178.5,0.0,0.0,1.0000000000000003e-05,22.0,0,True,496.3699951171875
2026-08-27T05:04:47Z,MSFT,2026-11-20,call,320.0,165.0,0.0,0.0,1.0000000000000003e-05,1.0,0,True,496.3699951171875
2026-08-27T05:04:47Z,MSFT,2026-11-20,call,325.0,162.23,0.0,0.0,1.0000000000000003e-05,7.0,0,True,496.3699951171875
2026-08-27T05:04:47Z,MSFT,2026-11-20,call,330.0,164.65,0.0,0.0,1.0000000000000003e-05,1.0,0,True,496.3699951171875
2026-08-27T05:04:47Z,MSFT,2026-11-20,call,335.0,152.0,0.0,0.0,1.0000000000000003e-05,2.0,0,True,496.3699951171875
2026-08-27T05:04:47Z,MSFT,2026-11-20,call,340.0,148.94,0.0,0.0,1.0000000000000003e-05,76.0,0,True,496.3699951171875
2026-08-27T05:04:47Z,MSFT,2026-11-20,call,345.0,143.95,0.0,0.0,1.0000000000000003e-05,4.0,0,True,496.3699951171875
2026-08-27T05:04:47Z,MSFT,2026-11-20,call,350.0,139.59,0.0,0.0,1.0000000000000003e-05,3.0,0,True,496.3699951171875
2026-08-27T05:04:47Z,MSFT,2026-11-20,call,355.0,134.5,0.0,0.0,1.0000000000000003e-05,2.0,0,True,496.3699951171875
2026-08-27T05:04:47Z,MSFT,2026-11-20,call,360.0,139.12,0.0,0.0,1.0000000000000003e-05,1.0,0,True,496.3699951171875
2026-08-27T05:04:47Z,MSFT,2026-11-20,call,365.0,123.79,0.0,0.0,1.0000000000000003e-05,8.0,0,True,496.3699951171875
2026-08-27T05:04:47Z,MSFT,2026-11-20,call,370.0,129.6,0.0,0.0,1.0000000000000003e-05,1.0,0,True,496.3699951171875
2026-08-27T05:04:47Z,MSFT,2026-11-20,call,375.0,124.9,0.0,0.0,1.0000000000000003e-05,10.0,0,True,496.3699951171875
2026-08-27T05:04:47Z,MSFT,2026-11-20,call,380.0,121.29,0.0,0.0,1.0000000000000003e-05,1.0,0,True,496.3699951171875
2026-08-27T05:04:47Z,MSFT,2026-11-20,call,385.0,103.1,0.0,0.0,1.0000000000000003e-05,12.0,0,True,496.3699951171875
2026-08-27T05:04:47Z,MSFT,2026-11-20,call,390.0,110.3,0.0,0.0,1.0000000000000003e-05,15.0,0,True,496.3699951171875
2026-08-27T05:04:47Z,MSFT,2026-11-20,call,395.0,108.3,0.0,0.0,1.0000000000000003e-05,2.0,0,True,496.3699951171875
2026-08-27T05:04:47Z,MSFT,2026-11-20,call,400.0,104.1,0.0,0.0,1.0000000000000003e-05,215.0,0,True,496.3699951171875
2026-08-27T05:04:47Z,MSFT,2026-11-20,call,405.0,92.0,0.0,0.0,1.0000000000000003e-05,1.0,0,True,496.3699951171875
2026-08-27T05:04:47Z,MSFT,2026-11-20,call,410.0,89.02,0.0,0.0,1.0000000000000003e-05,3.0,0,True,496.3699951171875
2026-08-27T05:04:47Z,MSFT,2026-11-20,call,415.0,86.39,0.0,0.0,1.0000000000000003e-05,1.0,0,True,496.3699951171875
2026-08-27T05:04:47Z,MSFT,2026-11-20,call,420.0,84.01,0.0,0.0,1.0000000000000003e-05,1.0,0,True,496.3699951171875
2026-08-27T05:04:47Z,MSFT,2026-11-20,call,425.0,81.35,0.0,0.0,1.0000000000000003e-05,1.0,0,True,496.3699951171875
2026-08-27T05:04:47Z,MSFT,2026-11-20,call,430.0,75.36,0.0,0.0,1.0000000000000003e-05,2.0,0,True,496.3699951171875
2026-08-27T05:04:47Z,MSFT,2026-11-20,call,435.0,71.5,0.0,0.0,1.0000000000000003e-05,1.0,0,True,496.3699951171875
2026-08-27T05:04:47Z,MSFT,2026-11-20,call,440.0,67.4,0.0,0.0,1.0000000000000003e-05,2.0,0,True,496.3699951171875
2026-08-27T05:04:47Z,MSFT,2026-11-20,call,445.0,64.62,0.0,0.0,1.0000000000000003e-05,1.0,0,True,496.3699951171875
2026-08-27T05:04:47Z,MSFT,2026-11-20,call,450.0,61.16,0.0,0.0,1.0000000000000003e-05,18.0,0,True,496.3699951171875
2026-08-27T05:04:47Z,MSFT,2026-11-20,call,455.0,55.3,0.0,0.0,1.0000000000000003e-05,7.0,0,True,496.3699951171875
2026-08-27T05:04:47Z,MSFT,2026-11-20,call,460.0,54.3,0.0,0.0,1.0000000000000003e-05,24.0,0,True,496.3699951171875
2026-08-27T05:04:47Z,MSFT,2026-11-20,call,465.0,49.77,0.0,0.0,1.0000000000000003e-05,405.0,0,True,496.3699951171875
2026-08-27T05:04:47Z,MSFT,2026-11-20,call,470.0,46.05,0.0,0.0,1.0000000000000003e-05,10.0,0,True,496.3699951171875
2026-08-27T05:04:47Z,MSFT,2026-11-20,call,475.0,42.5,0.0,0.0,1.0000000000000003e-05,37.0,0,True,496.3699951171875
2026-08-27T05:04:47Z,MSFT,2026-11-20,call,480.0,41.06,0.0,0.0,1.0000000000000003e-05,24.0,0,True,496.3699951171875
2026-08-27T05:04:47Z,MSFT,2026-11-20,call,485.0,37.77,0.0,0.0,1.0000000000000003e-05,10.0,0,True,496.3699951171875
2026-08-27T05:04:47Z,MSFT,2026-11-20,call,490.0,33.7,0.0,0.0,1.0000000000000003e-05,47.0,0,True,496.3699951171875
2026-08-27T05:04:47Z,MSFT,2026-11-20,call,495.0,32.32,0.0,0.0,1.0000000000000003e-05,148.0,0,True,496.3699951171875
2026-08-27T05:04:47Z,MSFT,2026-11-20,call,500.0,30.4,0.0,0.0,0.0039162109375,249.0,0,False,496.3699951171875
2026-08-27T05:04:47Z,MSFT,2026-11-20,call,505.0,27.35,0.0,0.0,0.007822421875,23.0,0,False,496.3699951171875
2026-08-27T05:04:47Z,MSFT,2026-11-20,call,510.0,25.35,0.0,0.0,0.015634843750000002,386.0,0,False,496.3699951171875
2026-08-27T05:04:47Z,MSFT,2026-11-20,call,515.0,22.74,0.0,0.0,0.015634843750000002,27.0,0,False,496.3699951171875
2026-08-27T05:04:47Z,MSFT,2026-11-20,call,520.0,20.75,0.0,0.0,0.015634843750000002,157.0,0,False,496.3699951171875
2026-08-27T05:04:47Z,MSFT,2026-11-20,call,525.0,18.9,0.0,0.0,0.0312596875,64.0,0,False,496.3699951171875
2026-08-27T05:04:47Z,MSFT,2026-11-20,call,530.0,17.6,0.0,0.0,0.0312596875,143.0,0,False,496.3699951171875
2026-08-27T05:04:47Z,MSFT,2026-11-20,call,535.0,16.05,0.0,0.0,0.0312596875,54.0,0,False,496.3699951171875
2026-08-27T05:04:47Z,MSFT,2026-11-20,call,540.0,14.14,0.0,0.0,0.0312596875,617.0,0,False,496.3699951171875
2026-08-27T05:04:47Z,MSFT,2026-11-20,call,545.0,12.9,0.0,0.0,0.0312596875,15073.0,0,False,496.3699951171875
2026-08-27T05:04:47Z,MSFT,2026-11-20,call,550.0,11.53,0.0,0.0,0.0312596875,342.0,0,False,496.3699951171875
2026-08-27T05:04:47Z,MSFT,2026-11-20,call,555.0,10.8,0.0,0.0,0.062509375,51.0,0,False,496.3699951171875
2026-08-27T05:04:47Z,MSFT,2026-11-20,call,560.0,9.5,0.0,0.0,0.062509375,15.0,0,False,496.3699951171875
2026-08-27T05:04:47Z,MSFT,2026-11-20,call,565.0,8.4,0.0,0.0,0.062509375,11.0,0,False,496.3699951171875
2026-08-27T05:04:47Z,MSFT,2026-11-20,call,570.0,7.5,0.0,0.0,0.062509375,131.0,0,False,496.3699951171875
2026-08-27T05:04:47Z,MSFT,2026-11-20,call,575.0,6.8,0.0,0.0,0.062509375,30.0,0,False,496.3699951171875
2026-08-27T05:04:47Z,MSFT,2026-11-20,call,580.0,6.01,0.0,0.0,0.062509375,81.0,0,False,496.3699951171875
2026-08-27T05:04:47Z,MSFT,2026-11-20,call,585.0,5.45,0.0,0.0,0.062509375,554.0,0,False,496.3699951171875
2026-08-27T05:04:47Z,MSFT,2026-11-20,call,590.0,4.8,0.0,0.0,0.062509375,55.0,0,False,496.3699951171875
2026-08-27T05:04:47Z,MSFT,2026-11-20,call,595.0,4.26,0.0,0.0,0.062509375,37.0,0,False,496.3699951171875
2026-08-27T05:04:47Z,MSFT,2026-11-20,call,600.0,3.5,0.0,0.0,0.062509375,56.0,0,False,496.3699951171875
2026-08-27T05:04:47Z,MSFT,2026-11-20,call,605.0,3.25,0.0,0.0,0.062509375,28.0,0,False,496.3699951171875
2026-08-27T05:04:47Z,MSFT,2026-11-20,call,610.0,2.97,0.0,0.0,0.062509375,50.0,0,False,496.3699951171875
2026-08-27T05:04:47Z,MSFT,2026-11-20,call,615.0,2.61,0.0,0.0,0.062509375,1.0,0,False,496.3699951171875
2026-08-27T05:04:47Z,MSFT,2026-11-20,call,620.0,2.26,0.0,0.0,0.062509375,1.0,0,False,496.3699951171875
2026-08-27T05:04:47Z,MSFT,2026-11-20,call,625.0,2.12,0.0,0.0,0.12500875,14972.0,0,False,496.3699951171875
2026-08-27T05:04:47Z,MSFT,2026-11-20,call,630.0,1.71,0.0,0.0,0.12500875,4.0,0,False,496.3699951171875
2026-08-27T05:04:47Z,MSFT,2026-11-20,call,635.0,1.54,0.0,0.0,0.12500875,2.0,0,False,496.3699951171875
2026-08-27T05:04:47Z,MSFT,2026-11-20,call,640.0,1.42,0.0,0.0,0.12500875,4.0,0,False,496.3699951171875
2026-08-27T05:04:47Z,MSFT,2026-11-20,call,645.0,1.3,0.0,0.0,0.12500875,2.0,0,False,496.3699951171875
2026-08-27T05:04:47Z,MSFT,2026-11-20,call,650.0,1.14,0.0,0.0,0.12500875,27.0,0,False,496.3699951171875
2026-08-27T05:04:47Z,MSFT,2026-11-20,call,655.0,0.97,0.0,0.0,0.12500875,7.0,0,False,496.3699951171875
2026-08-27T05:04:47Z,MSFT,2026-11-20,call,660.0,0.86,0.0,0.0,0.12500875,5.0,0,False,496.3699951171875
2026-08-27T05:04:47Z,MSFT,2026-11-20,call,665.0,0.81,0.0,0.0,0.12500875,5.0,0,False,496.3699951171875
2026-08-27T05:04:47Z,MSFT,2026-11-20,call,670.0,0.68,0.0,0.0,0.12500875,6.0,0,False,496.3699951171875
2026-08-27T05:04:47Z,MSFT,2026-11-20,call,675.0,0.63,0.0,0.0,0.12500875,5.0,0,False,496.3699951171875
2026-08-27T05:04:47Z,MSFT,2026-11-20,call,680.0,0.51,0.0,0.0,0.12500875,22.0,0,False,496.3699951171875
2026-08-27T05:04:47Z,MSFT,2026-11-20,call,700.0,0.33,0.0,0.0,0.12500875,27.0,0,False,496.3699951171875
2026-08-27T05:04:47Z,MSFT,2026-11-20,put,200.0,0.05,0.0,0.0,0.2500075,170.0,0,False,496.3699951171875
2026-08-27T05:04:47Z,MSFT,2026-11-20,put,210.0,0.07,0.0,0.0,0.2500075,2.0,0,False,496.3699951171875
2026-08-27T05:04:47Z,MSFT,2026-11-20,put,215.0,0.06,0.0,0.0,0.2500075,2.0,0,False,496.3699951171875
2026-08-27T05:04:47Z,MSFT,2026-11-20,put,220.0,0.08,0.0,0.0,0.2500075,3.0,0,False,496.3699951171875
2026-08-27T05:04:47Z,MSFT,2026-11-20,put,225.0,0.1,0.0,0.0,0.2500075,6.0,0,False,496.3699951171875
2026-08-27T05:04:47Z,MSFT,2026-11-20,put,230.0,0.1,0.0,0.0,0.2500075,4.0,0,False,496.3699951171875
2026-08-27T05:04:47Z,MSFT,2026-11-20,put,235.0,0.1,0.0,0.0,0.2500075,3.0,0,False,496.3699951171875
2026-08-27T05:04:47Z,MSFT,2026-11-20,put,240.0,0.08,0.0,0.0,0.2500075,1.0,0,False,496.3699951171875
2026-08-27T05:04:47Z,MSFT,2026-11-20,put,245.0,0.24,0.0,0.0,0.2500075,1.0,0,False,496.3699951171875
2026-08-27T05:04:47Z,MSFT,2026-11-20,put,250.0,0.1,0.0,0.0,0.2500075,8.0,0,False,496.3699951171875
2026-08-27T05:04:47Z,MSFT,2026-11-20,put,255.0,0.11,0.0,0.0,0.2500075,5.0,0,False,496.3699951171875
2026-08-27T05:04:47Z,MSFT,2026-11-20,put,260.0,0.15,0.0,0.0,0.2500075,4.0,0,False,496.3699951171875
2026-08-27T05:04:47Z,MSFT,2026-11-20,put,265.0,0.18,0.0,0.0,0.2500075,5.0,0,False,496.3699951171875
2026-08-27T05:04:47Z,MSFT,2026-11-20,put,270.0,0.14,0.0,0.0,0.2500075,4.0,0,False,496.3699951171875
2026-08-27T05:04:47Z,MSFT,2026-11-20,put,275.0,0.2,0.0,0.0,0.2500075,5.0,0,False,496.3699951171875
2026-08-27T05:04:47Z,MSFT,2026-11-20,put,280.0,0.27,0.0,0.0,0.2500075,9.0,0,False,496.3699951171875
2026-08-27T05:04:47Z,MSFT,2026-11-20,put,285.0,0.24,0.0,0.0,0.2500075,6.0,0,False,496.3699951171875
2026-08-27T05:04:47Z,MSFT,2026-11-20,put,290.0,0.44,0.0,0.0,0.2500075,2.0,0,False,496.3699951171875
2026-08-27T05:04:47Z,MSFT,2026-11-20,put,295.0,0.35,0.0,0.0,0.2500075,1.0,0,False,496.3699951171875
2026-08-27T05:04:47Z,MSFT,2026-11-20,put,300.0,0.35,0.0,0.0,0.2500075,4.0,0,False,496.3699951171875
2026-08-27T05:04:47Z,MSFT,2026-11-20,put,305.0,0.49,0.0,0.0,0.2500075,1.0,0,False,496.3699951171875
2026-08-27T05:04:47Z,MSFT,2026-11-20,put,310.0,0.35,0.0,0.0,0.2500075,4.0,0,False,496.3699951171875
2026-08-27T05:04:47Z,MSFT,2026-11-20,put,315.0,0.48,0.0,0.0,0.12500875,14.0,0,False,496.3699951171875
2026-08-27T05:04:47Z,MSFT,2026-11-20,put,320.0,0.55,0.0,0.0,0.12500875,14.0,0,False,496.3699951171875
2026-08-27T05:04:47Z,MSFT,2026-11-20,put,325.0,0.62,0.0,0.0,0.12500875,5.0,0,False,496.3699951171875
2026-08-27T05:04:47Z,MSFT,2026-11-20,put,330.0,0.65,0.0,0.0,0.12500875,2.0,0,False,496.3699951171875
2026-08-27T05:04:47Z,MSFT,2026-11-20,put,335.0,0.89,0.0,0.0,0.12500875,6.0,0,False,496.3699951171875
2026-08-27T05:04:47Z,MSFT,2026-11-20,put,340.0,0.88,0.0,0.0,0.12500875,10.0,0,False,496.3699951171875
2026-08-27T05:04:47Z,MSFT,2026-11-20,put,345.0,0.92,0.0,0.0,0.12500875,8.0,0,False,496.3699951171875
2026-08-27T05:04:47Z,MSFT,2026-11-20,put,350.0,1.07,0.0,0.0,0.12500875,22.0,0,False,496.3699951171875
2026-08-27T05:04:47Z,MSFT,2026-11-20,put,355.0,1.26,0.0,0.0,0.12500875,1.0,0,False,496.3699951171875
2026-08-27T05:04:47Z,MSFT,2026-11-20,put,360.0,1.36,0.0,0.0,0.12500875,2.0,0,False,496.3699951171875
2026-08-27T05:04:47Z,MSFT,2026-11-20,put,365.0,1.5,0.0,0.0,0.12500875,47.0,0,False,496.3699951171875
2026-08-27T05:04:47Z,MSFT,2026-11-20,put,370.0,1.68,0.0,0.0,0.12500875,60.0,0,False,496.3699951171875
2026-08-27T05:04:47Z,MSFT,2026-11-20,put,375.0,1.93,0.0,0.0,0.12500875,96.0,0,False,496.3699951171875
2026-08-27T05:04:47Z,MSFT,2026-11-20,put,380.0,2.16,0.0,0.0,0.12500875,28.0,0,False,496.3699951171875
2026-08-27T05:04:47Z,MSFT,2026-11-20,put,385.0,2.43,0.0,0.0,0.12500875,48.0,0,False,496.3699951171875
2026-08-27T05:04:47Z,MSFT,2026-11-20,put,390.0,2.82,0.0,0.0,0.12500875,28.0,0,False,496.3699951171875
2026-08-27T05:04:47Z,MSFT,2026-11-20,put,395.0,3.16,0.0,0.0,0.12500875,111.0,0,False,496.3699951171875
2026-08-27T05:04:47Z,MSFT,2026-11-20,put,400.0,3.5,0.0,0.0,0.062509375,119.0,0,False,496.3699951171875
2026-08-27T05:04:47Z,MSFT,2026-11-20,put,405.0,3.95,0.0,0.0,0.062509375,58.0,0,False,496.3699951171875
2026-08-27T05:04:47Z,MSFT,2026-11-20,put,410.0,4.45,0.0,0.0,0.062509375,16.0,0,False,496.3699951171875
2026-08-27T05:04:47Z,MSFT,2026-11-20,put,415.0,5.0,0.0,0.0,0.062509375,109.0,0,False,496.3699951171875
2026-08-27T05:04:47Z,MSFT,2026-11-20,put,420.0,5.7,0.0,0.0,0.062509375,94.0,0,False,496.3699951171875
2026-08-27T05:04:47Z,MSFT,2026-11-20,put,425.0,6.3,0.0,0.0,0.062509375,65.0,0,False,496.3699951171875
2026-08-27T05:04:47Z,MSFT,2026-11-20,put,430.0,6.96,0.0,0.0,0.062509375,233.0,0,False,496.3699951171875
2026-08-27T05:04:47Z,MSFT,2026-11-20,put,435.0,7.6,0.0,0.0,0.062509375,96.0,0,False,496.3699951171875
2026-08-27T05:04:47Z,MSFT,2026-11-20,put,440.0,8.75,0.0,0.0,0.062509375,573.0,0,False,496.3699951171875
2026-08-27T05:04:47Z,MSFT,2026-11-20,put,445.0,9.75,0.0,0.0,0.062509375,56.0,0,False,496.3699951171875
2026-08-27T05:04:47Z,MSFT,2026-11-20,put,450.0,10.85,0.0,0.0,0.0312596875,256.0,0,False,496.3699951171875
2026-08-27T05:04:47Z,MSFT,2026-11-20,put,455.0,11.95,0.0,0.0,0.0312596875,49.0,0,False,496.3699951171875
2026-08-27T05:04:47Z,MSFT,2026-11-20,put,460.0,13.45,0.0,0.0,0.0312596875,64.0,0,False,496.3699951171875
2026-08-27T05:04:47Z,MSFT,2026-11-20,put,465.0,14.95,0.0,0.0,0.0312596875,45.0,0,False,496.3699951171875
2026-08-27T05:04:47Z,MSFT,2026-11-20,put,470.0,16.44,0.0,0.0,0.0312596875,36.0,0,False,496.3699951171875
2026-08-27T05:04:47Z,MSFT,2026-11-20,put,475.0,18.0,0.0,0.0,0.015634843750000002,52.0,0,False,496.3699951171875
2026-08-27T05:04:47Z,MSFT,2026-11-20,put,480.0,19.95,0.0,0.0,0.015634843750000002,155.0,0,False,496.3699951171875
2026-08-27T05:04:47Z,MSFT,2026-11-20,put,485.0,22.1,0.0,0.0,0.007822421875,11.0,0,False,496.3699951171875
2026-08-27T05:04:47Z,MSFT,2026-11-20,put,490.0,24.3,0.0,0.0,0.007822421875,1347.0,0,False,496.3699951171875
2026-08-27T05:04:47Z,MSFT,2026-11-20,put,495.0,26.7,0.0,0.0,0.00196310546875,139.0,0,False,496.3699951171875
2026-08-27T05:04:47Z,MSFT,2026-11-20,put,500.0,28.95,0.0,0.0,1.0000000000000003e-05,130.0,0,True,496.3699951171875
2026-08-27T05:04:47Z,MSFT,2026-11-20,put,505.0,31.52,0.0,0.0,1.0000000000000003e-05,9.0,0,True,496.3699951171875
2026-08-27T05:04:47Z,MSFT,2026-11-20,put,510.0,34.8,0.0,0.0,1.0000000000000003e-05,1.0,0,True,496.3699951171875
2026-08-27T05:04:47Z,MSFT,2026-11-20,put,515.0,38.0,0.0,0.0,1.0000000000000003e-05,1.0,0,True,496.3699951171875
2026-08-27T05:04:47Z,MSFT,2026-11-20,put,520.0,44.05,0.0,0.0,1.0000000000000003e-05,1.0,0,True,496.3699951171875
2026-08-27T05:04:47Z,MSFT,2026-11-20,put,525.0,44.0,0.0,0.0,1.0000000000000003e-05,1.0,0,True,496.3699951171875
2026-08-27T05:04:47Z,MSFT,2026-11-20,put,530.0,47.58,0.0,0.0,1.0000000000000003e-05,1.0,0,True,496.3699951171875
2026-08-27T05:04:47Z,MSFT,2026-11-20,put,535.0,55.52,0.0,0.0,1.0000000000000003e-05,1.0,0,True,496.3699951171875
2026-08-27T05:04:47Z,MSFT,2026-11-20,put,540.0,54.77,0.0,0.0,1.0000000000000003e-05,1.0,0,True,496.3699951171875
2026-08-27T05:04:47Z,MSFT,2026-11-20,put,545.0,61.56,0.0,0.0,1.0000000000000003e-05,2.0,0,True,496.3699951171875
2026-08-27T05:04:47Z,MSFT,2026-11-20,put,550.0,65.45,0.0,0.0,1.0000000000000003e-05,3.0,0,True,496.3699951171875
2026-08-27T05:04:47Z,MSFT,2026-11-20,put,555.0,72.1,0.0,0.0,1.0000000000000003e-05,2.0,0,True,496.3699951171875
2026-08-27T05:04:47Z,MSFT,2026-11-20,put,560.0,70.35,0.0,0.0,1.0000000000000003e-05,1.0,0,True,496.3699951171875
2026-08-27T05:04:47Z,MSFT,2026-11-20,put,565.0,80.48,0.0,0.0,1.0000000000000003e-05,4.0,0,True,496.3699951171875
2026-08-27T05:04:47Z,MSFT,2026-11-20,put,570.0,84.85,0.0,0.0,1.0000000000000003e-05,13.0,0,True,496.3699951171875
2026-08-27T05:04:47Z,MSFT,2026-11-20,put,575.0,89.34,0.0,0.0,1.0000000000000003e-05,2.0,0,True,496.3699951171875
2026-08-27T05:04:47Z,MSFT,2026-11-20,put,580.0,93.85,0.0,0.0,1.0000000000000003e-05,6.0,0,True,496.3699951171875
2026-08-27T05:04:47Z,MSFT,2026-11-20,put,585.0,105.18,0.0,0.0,1.0000000000000003e-05,1.0,0,True,496.3699951171875
2026-08-27T05:04:47Z,MSFT,2026-11-20,put,595.0,105.44,0.0,0.0,1.0000000000000003e-05,2.0,0,True,496.3699951171875
2026-08-27T05:04:47Z,MSFT,2026-11-20,put,600.0,118.57,0.0,0.0,1.0000000000000003e-05,1.0,0,True,496.3699951171875
2026-08-27T05:04:47Z,MSFT,2026-11-20,put,605.0,106.35,0.0,0.0,1.0000000000000003e-05,1.0,0,True,496.3699951171875
2026-08-27T05:04:47Z,MSFT,2026-11-20,put,610.0,108.2,0.0,0.0,1.0000000000000003e-05,1.0,0,True,496.3699951171875
2026-08-27T05:04:47Z,MSFT,2026-11-20,put,615.0,114.3,0.0,0.0,1.0000000000000003e-05,1.0,0,True,496.3699951171875
2026-08-27T05:04:47Z,MSFT,2026-11-20,put,620.0,115.7,0.0,0.0,1.0000000000000003e-05,12.0,0,True,496.3699951171875
2026-08-27T05:04:47Z,MSFT,2026-11-20,put,625.0,137.6,0.0,0.0,1.0000000000000003e-05,2.0,0,True,496.3699951171875
2026-08-27T05:04:47Z,MSFT,2026-11-20,put,630.0,187.47,0.0,0.0,1.0000000000000003e-05,2.0,0,True,496.3699951171875
2026-08-27T05:04:47Z,MSFT,2026-11-20,put,635.0,127.3,0.0,0.0,1.0000000000000003e-05,1.0,0,True,496.3699951171875
2026-08-27T05:04:47Z,MSFT,2026-11-20,put,640.0,196.45,0.0,0.0,1.0000000000000003e-05,,0,True,496.3699951171875
2026-08-27T05:04:47Z,MSFT,2026-11-20,put,645.0,186.3,0.0,0.0,1.0000000000000003e-05,30.0,0,True,496.3699951171875
2026-08-27T05:04:47Z,MSFT,2026-11-20,put,650.0,224.4,0.0,0.0,1.0000000000000003e-05,30.0,0,True,496.3699951171875
2026-08-27T05:04:47Z,MSFT,2026-11-20,put,655.0,195.98,0.0,0.0,1.0000000000000003e-05,10.0,0,True,496.3699951171875
2026-08-27T05:04:47Z,MSFT,2026-11-20,put,660.0,199.05,0.0,0.0,1.0000000000000003e-05,94.0,0,True,496.3699951171875
2026-08-27T05:04:47Z,MSFT,2026-11-20,put,665.0,202.35,0.0,0.0,1.0000000000000003e-05,,0,True,496.3699951171875
2026-08-27T05:04:47Z,MSFT,2026-11-20,put,670.0,210.3,0.0,0.0,1.0000000000000003e-05,,0,True,496.3699951171875
2026-08-27T05:04:47Z,MSFT,2026-11-20,put,675.0,241.8,0.0,0.0,1.0000000000000003e-05,18.0,0,True,496.3699951171875
2026-08-27T05:04:47Z,MSFT,2026-11-20,put,680.0,283.05,282.85,286.4,1.6156635427856445,1.0,0,True,496.3699951171875
2026-08-27T05:04:48Z,GOOG,2026-08-28,call,200.0,143.38,0.0,0.0,1.0000000000000003e-05,2.0,0,True,339.1000061035156
2026-08-27T05:04:48Z,GOOG,2026-08-28,call,205.0,121.93,0.0,0.0,1.0000000000000003e-05,,0,True,339.1000061035156
2026-08-27T05:04:48Z,GOOG,2026-08-28,call,210.0,162.28,133.15,136.95,5.408206364746093,,5,True,339.1000061035156
2026-08-27T05:04:48Z,GOOG,2026-08-28,call,215.0,128.6,0.0,0.0,1.0000000000000003e-05,4.0,0,True,339.1000061035156
2026-08-27T05:04:48Z,GOOG,2026-08-28,call,220.0,123.71,0.0,0.0,1.0000000000000003e-05,2.0,0,True,339.1000061035156
2026-08-27T05:04:48Z,GOOG,2026-08-28,call,225.0,116.67,0.0,0.0,1.0000000000000003e-05,,0,True,339.1000061035156
2026-08-27T05:04:48Z,GOOG,2026-08-28,call,230.0,113.55,0.0,0.0,1.0000000000000003e-05,20.0,0,True,339.1000061035156
2026-08-27T05:04:48Z,GOOG,2026-08-28,call,235.0,104.08,0.0,0.0,1.0000000000000003e-05,4.0,0,True,339.1000061035156
2026-08-27T05:04:48Z,GOOG,2026-08-28,call,240.0,99.09,0.0,0.0,1.0000000000000003e-05,4.0,0,True,339.1000061035156
2026-08-27T05:04:48Z,GOOG,2026-08-28,call,245.0,95.9,0.0,0.0,1.0000000000000003e-05,60.0,0,True,339.1000061035156
2026-08-27T05:04:48Z,GOOG,2026-08-28,call,250.0,89.45,0.0,0.0,1.0000000000000003e-05,4.0,0,True,339.1000061035156
2026-08-27T05:04:48Z,GOOG,2026-08-28,call,255.0,84.46,0.0,0.0,1.0000000000000003e-05,4.0,0,True,339.1000061035156
2026-08-27T05:04:48Z,GOOG,2026-08-28,call,260.0,78.75,0.0,0.0,1.0000000000000003e-05,14.0,0,True,339.1000061035156
2026-08-27T05:04:48Z,GOOG,2026-08-28,call,265.0,106.54,0.0,0.0,1.0000000000000003e-05,1.0,0,True,339.1000061035156
2026-08-27T05:04:48Z,GOOG,2026-08-28,call,270.0,68.52,0.0,0.0,1.0000000000000003e-05,1.0,0,True,339.1000061035156
2026-08-27T05:04:48Z,GOOG,2026-08-28,call,275.0,64.03,0.0,0.0,1.0000000000000003e-05,16.0,0,True,339.1000061035156
2026-08-27T05:04:48Z,GOOG,2026-08-28,call,280.0,62.91,0.0,0.0,1.0000000000000003e-05,1.0,0,True,339.1000061035156
2026-08-27T05:04:48Z,GOOG,2026-08-28,call,285.0,58.01,0.0,0.0,1.0000000000000003e-05,1.0,0,True,339.1000061035156
2026-08-27T05:04:48Z,GOOG,2026-08-28,call,290.0,53.68,0.0,0.0,1.0000000000000003e-05,184.0,0,True,339.1000061035156
2026-08-27T05:04:48Z,GOOG,2026-08-28,call,295.0,47.08,0.0,0.0,1.0000000000000003e-05,2.0,0,True,339.1000061035156
2026-08-27T05:04:48Z,GOOG,2026-08-28,call,300.0,39.35,0.0,0.0,1.0000000000000003e-05,2.0,0,True,339.1000061035156
2026-08-27T05:04:48Z,GOOG,2026-08-28,call,305.0,34.38,0.0,0.0,1.0000000000000003e-05,1.0,0,True,339.1000061035156
2026-08-27T05:04:48Z,GOOG,2026-08-28,call,310.0,29.33,0.0,0.0,1.0000000000000003e-05,5.0,0,True,339.1000061035156
2026-08-27T05:04:48Z,GOOG,2026-08-28,call,315.0,23.77,0.0,0.0,1.0000000000000003e-05,17.0,0,True,339.1000061035156
2026-08-27T05:04:48Z,GOOG,2026-08-28,call,317.5,29.0,0.0,0.0,1.0000000000000003e-05,4.0,0,True,339.1000061035156
2026-08-27T05:04:48Z,GOOG,2026-08-28,call,320.0,20.5,0.0,0.0,1.0000000000000003e-05,36.0,0,True,339.1000061035156
2026-08-27T05:04:48Z,GOOG,2026-08-28,call,322.5,16.13,0.0,0.0,1.0000000000000003e-05,68.0,0,True,339.1000061035156
2026-08-27T05:04:48Z,GOOG,2026-08-28,call,325.0,14.15,0.0,0.0,1.0000000000000003e-05,122.0,0,True,339.1000061035156
2026-08-27T05:04:48Z,GOOG,2026-08-28,call,327.5,11.46,0.0,0.0,1.0000000000000003e-05,53.0,0,True,339.1000061035156
2026-08-27T05:04:48Z,GOOG,2026-08-28,call,330.0,9.42,0.0,0.0,1.0000000000000003e-05,77.0,0,True,339.1000061035156
2026-08-27T05:04:48Z,GOOG,2026-08-28,call,332.5,7.73,0.0,0.0,1.0000000000000003e-05,44.0,0,True,339.1000061035156
2026-08-27T05:04:48Z,GOOG,2026-08-28,call,335.0,5.6,0.0,0.0,1.0000000000000003e-05,258.0,0,True,339.1000061035156
2026-08-27T05:04:48Z,GOOG,2026-08-28,call,337.5,3.85,0.0,0.0,1.0000000000000003e-05,1415.0,0,True,339.1000061035156
2026-08-27T05:04:48Z,GOOG,2026-08-28,call,340.0,2.6,0.0,0.0,0.007822421875,6370.0,0,False,339.1000061035156
2026-08-27T05:04:48Z,GOOG,2026-08-28,call,342.5,1.66,0.0,0.0,0.0312596875,1474.0,0,False,339.1000061035156
2026-08-27T05:04:48Z,GOOG,2026-08-28,call,345.0,1.06,0.0,0.0,0.062509375,2980.0,0,False,339.1000061035156
2026-08-27T05:04:48Z,GOOG,2026-08-28,call,347.5,0.63,0.0,0.0,0.062509375,1607.0,0,False,339.1000061035156
2026-08-27T05:04:48Z,GOOG,2026-08-28,call,350.0,0.36,0.0,0.0,0.12500875,4633.0,0,False,339.1000061035156
2026-08-27T05:04:48Z,GOOG,2026-08-28,call,352.5,0.24,0.0,0.0,0.12500875,1093.0,0,False,339.1000061035156
2026-08-27T05:04:48Z,GOOG,2026-08-28,call,355.0,0.16,0.0,0.0,0.12500875,1387.0,0,False,339.1000061035156
2026-08-27T05:04:48Z,GOOG,2026-08-28,call,357.5,0.1,0.0,0.0,0.12500875,1080.0,0,False,339.1000061035156
2026-08-27T05:04:48Z,GOOG,2026-08-28,call,360.0,0.09,0.0,0.0,0.12500875,985.0,0,False,339.1000061035156
2026-08-27T05:04:48Z,GOOG,2026-08-28,call,362.5,0.08,0.0,0.0,0.2500075,155.0,0,False,339.1000061035156
2026-08-27T05:04:48Z,GOOG,2026-08-28,call,365.0,0.06,0.0,0.0,0.2500075,244.0,0,False,339.1000061035156
2026-08-27T05:04:48Z,GOOG,2026-08-28,call,367.5,0.06,0.0,0.0,0.2500075,165.0,0,False,339.1000061035156
2026-08-27T05:04:48Z,GOOG,2026-08-28,call,370.0,0.03,0.0,0.0,0.2500075,283.0,0,False,339.1000061035156
2026-08-27T05:04:48Z,GOOG,2026-08-28,call,372.5,0.03,0.0,0.0,0.2500075,58.0,0,False,339.1000061035156
2026-08-27T05:04:48Z,GOOG,2026-08-28,call,375.0,0.02,0.0,0.0,0.2500075,292.0,0,False,339.1000061035156
2026-08-27T05:04:48Z,GOOG,2026-08-28,call,377.5,0.01,0.0,0.0,0.2500075,3.0,0,False,339.1000061035156
2026-08-27T05:04:48Z,GOOG,2026-08-28,call,380.0,0.02,0.0,0.0,0.2500075,284.0,0,False,339.1000061035156
2026-08-27T05:04:48Z,GOOG,2026-08-28,call,385.0,0.01,0.0,0.0,0.2500075,29.0,0,False,339.1000061035156
2026-08-27T05:04:48Z,GOOG,2026-08-28,call,390.0,0.02,0.0,0.0,0.500005,44.0,0,False,339.1000061035156
2026-08-27T05:04:48Z,GOOG,2026-08-28,call,395.0,0.01,0.0,0.0,0.500005,1.0,0,False,339.1000061035156
2026-08-27T05:04:48Z,GOOG,2026-08-28,call,400.0,0.03,0.0,0.0,0.500005,63.0,0,False,339.1000061035156
2026-08-27T05:04:48Z,GOOG,2026-08-28,call,405.0,0.02,0.0,0.0,0.500005,1.0,0,False,339.1000061035156
2026-08-27T05:04:48Z,GOOG,2026-08-28,call,410.0,0.07,0.0,0.0,0.500005,4.0,0,False,339.1000061035156
2026-08-27T05:04:48Z,GOOG,2026-08-28,call,415.0,0.05,0.0,0.0,0.500005,1.0,0,False,339.1000061035156
2026-08-27T05:04:48Z,GOOG,2026-08-28,call,420.0,0.01,0.0,0.0,0.500005,2.0,0,False,339.1000061035156
2026-08-27T05:04:48Z,GOOG,2026-08-28,call,425.0,0.01,0.0,0.0,0.500005,3.0,0,False,339.1000061035156
2026-08-27T05:04:48Z,GOOG,2026-08-28,call,430.0,0.01,0.0,0.0,0.500005,1.0,0,False,339.1000061035156
2026-08-27T05:04:48Z,GOOG,2026-08-28,call,435.0,0.24,0.0,0.0,0.500005,1.0,0,False,339.1000061035156
2026-08-27T05:04:48Z,GOOG,2026-08-28,call,440.0,0.19,0.0,0.0,0.500005,4.0,0,False,339.1000061035156
2026-08-27T05:04:48Z,GOOG,2026-08-28,call,445.0,0.36,0.0,0.0,0.500005,3.0,0,False,339.1000061035156
2026-08-27T05:04:48Z,GOOG,2026-08-28,call,450.0,0.51,0.0,0.0,0.500005,3.0,0,False,339.1000061035156
2026-08-27T05:04:48Z,GOOG,2026-08-28,call,455.0,0.47,0.0,0.0,0.500005,6.0,0,False,339.1000061035156
2026-08-27T05:04:48Z,GOOG,2026-08-28,call,460.0,0.29,0.0,0.0,0.500005,8.0,0,False,339.1000061035156
2026-08-27T05:04:48Z,GOOG,2026-08-28,call,465.0,0.26,0.0,0.0,0.500005,8.0,0,False,339.1000061035156
2026-08-27T05:04:48Z,GOOG,2026-08-28,call,470.0,0.26,0.0,0.0,0.500005,3.0,0,False,339.1000061035156
2026-08-27T05:04:48Z,GOOG,2026-08-28,call,480.0,0.06,0.0,0.0,0.500005,1.0,0,False,339.1000061035156
2026-08-27T05:04:48Z,GOOG,2026-08-28,call,490.0,0.01,0.0,0.0,0.500005,1.0,0,False,339.1000061035156
2026-08-27T05:04:48Z,GOOG,2026-08-28,put,200.0,0.01,0.0,0.0,0.500005,1.0,0,False,339.1000061035156
2026-08-27T05:04:48Z,GOOG,2026-08-28,put,205.0,0.06,0.0,0.0,0.500005,19.0,0,False,339.1000061035156
2026-08-27T05:04:48Z,GOOG,2026-08-28,put,210.0,0.13,0.0,0.0,0.500005,1.0,0,False,339.1000061035156
2026-08-27T05:04:48Z,GOOG,2026-08-28,put,215.0,0.01,0.0,0.0,0.500005,2.0,0,False,339.1000061035156
2026-08-27T05:04:48Z,GOOG,2026-08-28,put,220.0,0.01,0.0,0.0,0.500005,4.0,0,False,339.1000061035156
2026-08-27T05:04:48Z,GOOG,2026-08-28,put,225.0,0.01,0.0,0.0,0.500005,1.0,0,False,339.1000061035156
2026-08-27T05:04:48Z,GOOG,2026-08-28,put,230.0,0.03,0.0,0.0,0.500005,7.0,0,False,339.1000061035156
2026-08-27T05:04:48Z,GOOG,2026-08-28,put,235.0,0.01,0.0,0.0,0.500005,2.0,0,False,339.1000061035156
2026-08-27T05:04:48Z,GOOG,2026-08-28,put,240.0,0.14,0.0,0.0,0.500005,1.0,0,False,339.1000061035156
2026-08-27T05:04:48Z,GOOG,2026-08-28,put,245.0,0.01,0.0,0.0,0.500005,5.0,0,False,339.1000061035156
2026-08-27T05:04:48Z,GOOG,2026-08-28,put,250.0,0.01,0.0,0.0,0.500005,1.0,0,False,339.1000061035156
2026-08-27T05:04:48Z,GOOG,2026-08-28,put,255.0,0.05,0.0,0.0,0.500005,6.0,0,False,339.1000061035156
2026-08-27T05:04:48Z,GOOG,2026-08-28,put,260.0,0.01,0.0,0.0,0.500005,13.0,0,False,339.1000061035156
2026-08-27T05:04:48Z,GOOG,2026-08-28,put,265.0,0.01,0.0,0.0,0.500005,2.0,0,False,339.1000061035156
2026-08-27T05:04:48Z,GOOG,2026-08-28,put,270.0,0.01,0.0,0.0,0.500005,3.0,0,False,339.1000061035156
2026-08-27T05:04:48Z,GOOG,2026-08-28,put,275.0,0.01,0.0,0.0,0.500005,11.0,0,False,339.1000061035156
2026-08-27T05:04:48Z,GOOG,2026-08-28,put,280.0,0.01,0.0,0.0,0.500005,88.0,0,False,339.1000061035156
2026-08-27T05:04:48Z,GOOG,2026-08-28,put,285.0,0.03,0.0,0.0,0.500005,2.0,0,False,339.1000061035156
2026-08-27T05:04:48Z,GOOG,2026-08-28,put,290.0,0.01,0.0,0.0,0.500005,2.0,0,False,339.1000061035156
2026-08-27T05:04:48Z,GOOG,2026-08-28,put,295.0,0.01,0.0,0.0,0.500005,18.0,0,False,339.1000061035156
2026-08-27T05:04:48Z,GOOG,2026-08-28,put,300.0,0.02,0.0,0.0,0.2500075,309.0,0,False,339.1000061035156
2026-08-27T05:04:48Z,GOOG,2026-08-28,put,305.0,0.03,0.0,0.0,0.2500075,10.0,0,False,339.1000061035156
2026-08-27T05:04:48Z,GOOG,2026-08-28,put,310.0,0.05,0.0,0.0,0.2500075,63.0,0,False,339.1000061035156
2026-08-27T05:04:48Z,GOOG,2026-08-28,put,315.0,0.05,0.0,0.0,0.2500075,1570.0,0,False,339.1000061035156
2026-08-27T05:04:48Z,GOOG,2026-08-28,put,317.5,0.09,0.0,0.0,0.2500075,67.0,0,False,339.1000061035156
2026-08-27T05:04:48Z,GOOG,2026-08-28,put,320.0,0.1,0.0,0.0,0.12500875,1816.0,0,False,339.1000061035156
2026-08-27T05:04:48Z,GOOG,2026-08-28,put,322.5,0.13,0.0,0.0,0.12500875,200.0,0,False,339.1000061035156
2026-08-27T05:04:48Z,GOOG,2026-08-28,put,325.0,0.2,0.0,0.0,0.12500875,1041.0,0,False,339.1000061035156
2026-08-27T05:04:48Z,GOOG,2026-08-28,put,327.5,0.31,0.0,0.0,0.12500875,522.0,0,False,339.1000061035156
2026-08-27T05:04:48Z,GOOG,2026-08-28,put,330.0,0.51,0.0,0.0,0.062509375,2690.0,0,False,339.1000061035156
2026-08-27T05:04:48Z,GOOG,2026-08-28,put,332.5,0.82,0.0,0.0,0.062509375,1801.0,0,False,339.1000061035156
2026-08-27T05:04:48Z,GOOG,2026-08-28,put,335.0,1.38,0.0,0.0,0.0312596875,2842.0,0,False,339.1000061035156
2026-08-27T05:04:48Z,GOOG,2026-08-28,put,337.5,2.25,0.0,0.0,0.015634843750000002,2881.0,0,False,339.1000061035156
2026-08-27T05:04:48Z,GOOG,2026-08-28,put,340.0,3.45,0.0,0.0,1.0000000000000003e-05,1594.0,0,True,339.1000061035156
2026-08-27T05:04:48Z,GOOG,2026-08-28,put,342.5,4.99,0.0,0.0,1.0000000000000003e-05,440.0,0,True,339.1000061035156
2026-08-27T05:04:48Z,GOOG,2026-08-28,put,345.0,6.82,0.0,0.0,1.0000000000000003e-05,80.0,0,True,339.1000061035156
2026-08-27T05:04:48Z,GOOG,2026-08-28,put,347.5,9.5,0.0,0.0,1.0000000000000003e-05,7.0,0,True,339.1000061035156
2026-08-27T05:04:48Z,GOOG,2026-08-28,put,350.0,11.05,0.0,0.0,1.0000000000000003e-05,92.0,0,True,339.1000061035156
2026-08-27T05:04:48Z,GOOG,2026-08-28,put,352.5,14.37,0.0,0.0,1.0000000000000003e-05,17.0,0,True,339.1000061035156
2026-08-27T05:04:48Z,GOOG,2026-08-28,put,355.0,16.82,0.0,0.0,1.0000000000000003e-05,41.0,0,True,339.1000061035156
2026-08-27T05:04:48Z,GOOG,2026-08-28,put,357.5,19.45,0.0,0.0,1.0000000000000003e-05,5.0,0,True,339.1000061035156
2026-08-27T05:04:48Z,GOOG,2026-08-28,put,360.0,20.82,0.0,0.0,1.0000000000000003e-05,32.0,0,True,339.1000061035156
2026-08-27T05:04:48Z,GOOG,2026-08-28,put,362.5,24.83,0.0,0.0,1.0000000000000003e-05,1.0,0,True,339.1000061035156
2026-08-27T05:04:48Z,GOOG,2026-08-28,put,365.0,25.19,0.0,0.0,1.0000000000000003e-05,2.0,0,True,339.1000061035156
2026-08-27T05:04:48Z,GOOG,2026-08-28,put,367.5,24.45,0.0,0.0,1.0000000000000003e-05,1.0,0,True,339.1000061035156
2026-08-27T05:04:48Z,GOOG,2026-08-28,put,370.0,26.17,0.0,0.0,1.0000000000000003e-05,1.0,0,True,339.1000061035156
2026-08-27T05:04:48Z,GOOG,2026-08-28,put,372.5,33.79,0.0,0.0,1.0000000000000003e-05,4.0,0,True,339.1000061035156
2026-08-27T05:04:48Z,GOOG,2026-08-28,put,375.0,31.83,0.0,0.0,1.0000000000000003e-05,8.0,0,True,339.1000061035156
2026-08-27T05:04:48Z,GOOG,2026-08-28,put,377.5,34.85,0.0,0.0,1.0000000000000003e-05,29.0,0,True,339.1000061035156
2026-08-27T05:04:48Z,GOOG,2026-08-28,put,380.0,39.85,0.0,0.0,1.0000000000000003e-05,1.0,0,True,339.1000061035156
2026-08-27T05:04:48Z,GOOG,2026-08-28,put,385.0,28.8,0.0,0.0,1.0000000000000003e-05,8.0,0,True,339.1000061035156
2026-08-27T05:04:48Z,GOOG,2026-08-28,put,390.0,20.8,0.0,0.0,1.0000000000000003e-05,3.0,0,True,339.1000061035156
2026-08-27T05:04:48Z,GOOG,2026-08-28,put,395.0,48.8,0.0,0.0,1.0000000000000003e-05,5.0,0,True,339.1000061035156
2026-08-27T05:04:48Z,GOOG,2026-08-28,put,400.0,57.8,0.0,0.0,1.0000000000000003e-05,2.0,0,True,339.1000061035156
2026-08-27T05:04:48Z,GOOG,2026-08-28,put,405.0,59.96,0.0,0.0,1.0000000000000003e-05,1.0,0,True,339.1000061035156
2026-08-27T05:04:48Z,GOOG,2026-08-28,put,410.0,56.95,64.0,67.0,1.0000000000000003e-05,,0,True,339.1000061035156
2026-08-27T05:04:48Z,GOOG,2026-08-28,put,430.0,75.55,83.35,87.0,1.0000000000000003e-05,,0,True,339.1000061035156
2026-08-27T05:04:48Z,GOOG,2026-08-28,put,435.0,60.16,0.0,0.0,1.0000000000000003e-05,,0,True,339.1000061035156
2026-08-27T05:04:48Z,GOOG,2026-08-28,put,440.0,102.25,0.0,0.0,1.0000000000000003e-05,,0,True,339.1000061035156
2026-08-27T05:04:48Z,GOOG,2026-08-28,put,455.0,95.0,0.0,0.0,1.0000000000000003e-05,,0,True,339.1000061035156
2026-08-27T05:04:48Z,GOOG,2026-08-28,put,460.0,117.5,0.0,0.0,1.0000000000000003e-05,,0,True,339.1000061035156
2026-08-27T05:04:48Z,GOOG,2026-08-28,put,465.0,120.3,0.0,0.0,1.0000000000000003e-05,1.0,0,True,339.1000061035156
2026-08-27T05:04:48Z,GOOG,2026-09-04,call,200.0,169.47,0.0,0.0,1.0000000000000003e-05,,0,True,339.1000061035156
2026-08-27T05:04:48Z,GOOG,2026-09-04,call,220.0,123.16,0.0,0.0,1.0000000000000003e-05,1.0,0,True,339.1000061035156
2026-08-27T05:04:48Z,GOOG,2026-09-04,call,235.0,108.28,0.0,0.0,1.0000000000000003e-05,43.0,0,True,339.1000061035156
2026-08-27T05:04:48Z,GOOG,2026-09-04,call,240.0,103.31,0.0,0.0,1.0000000000000003e-05,4.0,0,True,339.1000061035156
2026-08-27T05:04:48Z,GOOG,2026-09-04,call,245.0,98.37,0.0,0.0,1.0000000000000003e-05,4.0,0,True,339.1000061035156
2026-08-27T05:04:48Z,GOOG,2026-09-04,call,250.0,92.98,0.0,0.0,1.0000000000000003e-05,1.0,0,True,339.1000061035156
2026-08-27T05:04:48Z,GOOG,2026-09-04,call,255.0,89.07,0.0,0.0,1.0000000000000003e-05,,0,True,339.1000061035156
2026-08-27T05:04:48Z,GOOG,2026-09-04,call,260.0,78.87,0.0,0.0,1.0000000000000003e-05,14.0,0,True,339.1000061035156
2026-08-27T05:04:48Z,GOOG,2026-09-04,call,265.0,80.2,0.0,0.0,1.0000000000000003e-05,1.0,0,True,339.1000061035156
2026-08-27T05:04:48Z,GOOG,2026-09-04,call,270.0,68.69,0.0,0.0,1.0000000000000003e-05,1.0,0,True,339.1000061035156
2026-08-27T05:04:48Z,GOOG,2026-09-04,call,275.0,64.64,0.0,0.0,1.0000000000000003e-05,12.0,0,True,339.1000061035156
2026-08-27T05:04:48Z,GOOG,2026-09-04,call,280.0,63.45,0.0,0.0,1.0000000000000003e-05,2.0,0,True,339.1000061035156
2026-08-27T05:04:48Z,GOOG,2026-09-04,call,285.0,60.23,0.0,0.0,1.0000000000000003e-05,44.0,0,True,339.1000061035156
2026-08-27T05:04:48Z,GOOG,2026-09-04,call,290.0,56.3,0.0,0.0,1.0000000000000003e-05,10.0,0,True,339.1000061035156
2026-08-27T05:04:48Z,GOOG,2026-09-04,call,295.0,47.84,0.0,0.0,1.0000000000000003e-05,125.0,0,True,339.1000061035156
2026-08-27T05:04:48Z,GOOG,2026-09-04,call,300.0,44.06,0.0,0.0,1.0000000000000003e-05,1.0,0,True,339.1000061035156
2026-08-27T05:04:48Z,GOOG,2026-09-04,call,305.0,38.29,0.0,0.0,1.0000000000000003e-05,106.0,0,True,339.1000061035156
2026-08-27T05:04:48Z,GOOG,2026-09-04,call,310.0,29.18,0.0,0.0,1.0000000000000003e-05,4.0,0,True,339.1000061035156
2026-08-27T05:04:48Z,GOOG,2026-09-04,call,315.0,24.0,0.0,0.0,1.0000000000000003e-05,4.0,0,True,339.1000061035156
2026-08-27T05:04:48Z,GOOG,2026-09-04,call,317.5,22.5,0.0,0.0,1.0000000000000003e-05,5.0,0,True,339.1000061035156
2026-08-27T05:04:48Z,GOOG,2026-09-04,call,320.0,19.67,0.0,0.0,1.0000000000000003e-05,15.0,0,True,339.1000061035156
2026-08-27T05:04:48Z,GOOG,2026-09-04,call,322.5,22.13,0.0,0.0,1.0000000000000003e-05,47.0,0,True,339.1000061035156
2026-08-27T05:04:48Z,GOOG,2026-09-04,call,325.0,15.53,0.0,0.0,1.0000000000000003e-05,26.0,0,True,339.1000061035156
2026-08-27T05:04:48Z,GOOG,2026-09-04,call,327.5,12.73,0.0,0.0,1.0000000000000003e-05,25.0,0,True,339.1000061035156
2026-08-27T05:04:48Z,GOOG,2026-09-04,call,330.0,11.68,0.0,0.0,1.0000000000000003e-05,94.0,0,True,339.1000061035156
2026-08-27T05:04:48Z,GOOG,2026-09-04,call,332.5,9.83,0.0,0.0,1.0000000000000003e-05,7.0,0,True,339.1000061035156
2026-08-27T05:04:48Z,GOOG,2026-09-04,call,335.0,8.48,0.0,0.0,1.0000000000000003e-05,53.0,0,True,339.1000061035156
2026-08-27T05:04:48Z,GOOG,2026-09-04,call,337.5,6.84,0.0,0.0,1.0000000000000003e-05,1119.0,0,True,339.1000061035156
2026-08-27T05:04:48Z,GOOG,2026-09-04,call,340.0,5.65,0.0,0.0,0.0039162109375,1128.0,0,False,339.1000061035156
2026-08-27T05:04:48Z,GOOG,2026-09-04,call,342.5,4.45,0.0,0.0,0.015634843750000002,411.0,0,False,339.1000061035156
2026-08-27T05:04:48Z,GOOG,2026-09-04,call,345.0,3.83,0.0,0.0,0.0312596875,507.0,0,False,339.1000061035156
2026-08-27T05:04:48Z,GOOG,2026-09-04,call,347.5,2.73,0.0,0.0,0.0312596875,184.0,0,False,339.1000061035156
2026-08-27T05:04:48Z,GOOG,2026-09-04,call,350.0,2.15,0.0,0.0,0.062509375,1337.0,0,False,339.1000061035156
2026-08-27T05:04:48Z,GOOG,2026-09-04,call,352.5,1.71,0.0,0.0,0.062509375,198.0,0,False,339.1000061035156
2026-08-27T05:04:48Z,GOOG,2026-09-04,call,355.0,1.3,0.0,0.0,0.062509375,578.0,0,False,339.1000061035156
2026-08-27T05:04:48Z,GOOG,2026-09-04,call,357.5,1.01,0.0,0.0,0.062509375,165.0,0,False,339.1000061035156
2026-08-27T05:04:48Z,GOOG,2026-09-04,call,360.0,0.78,0.0,0.0,0.062509375,740.0,0,False,339.1000061035156
2026-08-27T05:04:48Z,GOOG,2026-09-04,call,362.5,0.59,0.0,0.0,0.12500875,182.0,0,False,339.1000061035156
2026-08-27T05:04:48Z,GOOG,2026-09-04,call,365.0,0.45,0.0,0.0,0.12500875,305.0,0,False,339.1000061035156
2026-08-27T05:04:48Z,GOOG,2026-09-04,call,367.5,0.39,0.0,0.0,0.12500875,50.0,0,False,339.1000061035156
2026-08-27T05:04:48Z,GOOG,2026-09-04,call,370.0,0.29,0.0,0.0,0.12500875,307.0,0,False,339.1000061035156
2026-08-27T05:04:48Z,GOOG,2026-09-04,call,375.0,0.15,0.0,0.0,0.12500875,89.0,0,False,339.1000061035156
2026-08-27T05:04:48Z,GOOG,2026-09-04,call,380.0,0.15,0.0,0.0,0.12500875,109.0,0,False,339.1000061035156
2026-08-27T05:04:48Z,GOOG,2026-09-04,call,385.0,0.09,0.0,0.0,0.12500875,4.0,0,False,339.1000061035156
2026-08-27T05:04:48Z,GOOG,2026-09-04,call,390.0,0.1,0.0,0.0,0.2500075,210.0,0,False,339.1000061035156
2026-08-27T05:04:48Z,GOOG,2026-09-04,call,395.0,0.08,0.0,0.0,0.2500075,204.0,0,False,339.1000061035156
2026-08-27T05:04:48Z,GOOG,2026-09-04,call,400.0,0.06,0.0,0.0,0.2500075,173.0,0,False,339.1000061035156
2026-08-27T05:04:48Z,GOOG,2026-09-04,call,405.0,0.09,0.0,0.0,0.2500075,2.0,0,False,339.1000061035156
2026-08-27T05:04:48Z,GOOG,2026-09-04,call,410.0,0.05,0.0,0.0,0.2500075,4.0,0,False,339.1000061035156
2026-08-27T05:04:48Z,GOOG,2026-09-04,call,415.0,0.08,0.0,0.0,0.2500075,2.0,0,False,339.1000061035156
2026-08-27T05:04:48Z,GOOG,2026-09-04,call,420.0,0.03,0.0,0.0,0.2500075,2.0,0,False,339.1000061035156
2026-08-27T05:04:48Z,GOOG,2026-09-04,call,425.0,0.03,0.0,0.0,0.2500075,13.0,0,False,339.1000061035156
2026-08-27T05:04:48Z,GOOG,2026-09-04,call,430.0,0.05,0.0,0.0,0.2500075,2.0,0,False,339.1000061035156
2026-08-27T05:04:48Z,GOOG,2026-09-04,call,435.0,0.06,0.0,0.0,0.2500075,1.0,0,False,339.1000061035156
2026-08-27T05:04:48Z,GOOG,2026-09-04,call,440.0,0.08,0.0,0.0,0.2500075,1.0,0,False,339.1000061035156
2026-08-27T05:04:48Z,GOOG,2026-09-04,call,445.0,0.08,0.0,0.0,0.2500075,1.0,0,False,339.1000061035156
2026-08-27T05:04:48Z,GOOG,2026-09-04,call,450.0,0.01,0.0,0.0,0.2500075,3.0,0,False,339.1000061035156
2026-08-27T05:04:48Z,GOOG,2026-09-04,call,455.0,0.04,0.0,0.0,0.500005,12.0,0,False,339.1000061035156
2026-08-27T05:04:48Z,GOOG,2026-09-04,call,460.0,0.04,0.0,0.0,0.500005,321.0,0,False,339.1000061035156
2026-08-27T05:04:48Z,GOOG,2026-09-04,call,465.0,0.09,0.0,0.0,0.500005,8.0,0,False,339.1000061035156
2026-08-27T05:04:48Z,GOOG,2026-09-04,call,470.0,0.01,0.0,0.0,0.500005,4.0,0,False,339.1000061035156
2026-08-27T05:04:48Z,GOOG,2026-09-04,call,480.0,0.09,0.0,0.0,0.500005,1.0,0,False,339.1000061035156
2026-08-27T05:04:48Z,GOOG,2026-09-04,put,200.0,0.01,0.0,0.0,0.500005,49.0,0,False,339.1000061035156
2026-08-27T05:04:48Z,GOOG,2026-09-04,put,205.0,0.13,0.0,0.0,0.500005,3.0,0,False,339.1000061035156
2026-08-27T05:04:48Z,GOOG,2026-09-04,put,210.0,0.05,0.0,0.0,0.500005,83.0,0,False,339.1000061035156
2026-08-27T05:04:48Z,GOOG,2026-09-04,put,215.0,0.02,0.0,0.0,0.500005,21.0,0,False,339.1000061035156
2026-08-27T05:04:48Z,GOOG,2026-09-04,put,220.0,0.06,0.0,0.0,0.500005,52.0,0,False,339.1000061035156
2026-08-27T05:04:48Z,GOOG,2026-09-04,put,225.0,0.02,0.0,0.0,0.500005,7.0,0,False,339.1000061035156
2026-08-27T05:04:48Z,GOOG,2026-09-04,put,230.0,0.02,0.0,0.0,0.500005,7.0,0,False,339.1000061035156
2026-08-27T05:04:48Z,GOOG,2026-09-04,put,235.0,0.06,0.0,0.0,0.500005,2.0,0,False,339.1000061035156
2026-08-27T05:04:48Z,GOOG,2026-09-04,put,240.0,0.13,0.0,0.0,0.500005,1.0,0,False,339.1000061035156
2026-08-27T05:04:48Z,GOOG,2026-09-04,put,245.0,0.01,0.0,0.0,0.500005,1.0,0,False,339.1000061035156
2026-08-27T05:04:48Z,GOOG,2026-09-04,put,250.0,0.03,0.0,0.0,0.500005,6.0,0,False,339.1000061035156
2026-08-27T05:04:48Z,GOOG,2026-09-04,put,255.0,0.03,0.0,0.0,0.500005,1.0,0,False,339.1000061035156
2026-08-27T05:04:48Z,GOOG,2026-09-04,put,260.0,0.07,0.0,0.0,0.2500075,6.0,0,False,339.1000061035156
2026-08-27T05:04:48Z,GOOG,2026-09-04,put,265.0,0.05,0.0,0.0,0.2500075,2.0,0,False,339.1000061035156
2026-08-27T05:04:48Z,GOOG,2026-09-04,put,270.0,0.04,0.0,0.0,0.2500075,4.0,0,False,339.1000061035156
2026-08-27T05:04:48Z,GOOG,2026-09-04,put,275.0,0.05,0.0,0.0,0.2500075,41.0,0,False,339.1000061035156
2026-08-27T05:04:48Z,GOOG,2026-09-04,put,280.0,0.06,0.0,0.0,0.2500075,10.0,0,False,339.1000061035156
2026-08-27T05:04:48Z,GOOG,2026-09-04,put,285.0,0.06,0.0,0.0,0.2500075,4.0,0,False,339.1000061035156
2026-08-27T05:04:48Z,GOOG,2026-09-04,put,290.0,0.08,0.0,0.0,0.2500075,170.0,0,False,339.1000061035156
2026-08-27T05:04:48Z,GOOG,2026-09-04,put,295.0,0.11,0.0,0.0,0.2500075,49.0,0,False,339.1000061035156
2026-08-27T05:04:48Z,GOOG,2026-09-04,put,300.0,0.15,0.0,0.0,0.12500875,63.0,0,False,339.1000061035156
2026-08-27T05:04:48Z,GOOG,2026-09-04,put,305.0,0.24,0.0,0.0,0.12500875,7.0,0,False,339.1000061035156
2026-08-27T05:04:48Z,GOOG,2026-09-04,put,310.0,0.26,0.0,0.0,0.12500875,100.0,0,False,339.1000061035156
2026-08-27T05:04:48Z,GOOG,2026-09-04,put,315.0,0.44,0.0,0.0,0.12500875,208.0,0,False,339.1000061035156
2026-08-27T05:04:48Z,GOOG,2026-09-04,put,317.5,0.57,0.0,0.0,0.12500875,284.0,0,False,339.1000061035156
2026-08-27T05:04:48Z,GOOG,2026-09-04,put,320.0,0.8,0.0,0.0,0.062509375,152.0,0,False,339.1000061035156
2026-08-27T05:04:48Z,GOOG,2026-09-04,put,322.5,0.97,0.0,0.0,0.062509375,246.0,0,False,339.1000061035156
2026-08-27T05:04:48Z,GOOG,2026-09-04,put,325.0,1.41,0.0,0.0,0.062509375,578.0,0,False,339.1000061035156
2026-08-27T05:04:48Z,GOOG,2026-09-04,put,327.5,1.99,0.0,0.0,0.062509375,350.0,0,False,339.1000061035156
2026-08-27T05:04:48Z,GOOG,2026-09-04,put,330.0,2.4,0.0,0.0,0.0312596875,471.0,0,False,339.1000061035156
2026-08-27T05:04:48Z,GOOG,2026-09-04,put,332.5,3.3,0.0,0.0,0.0312596875,164.0,0,False,339.1000061035156
2026-08-27T05:04:48Z,GOOG,2026-09-04,put,335.0,3.95,0.0,0.0,0.015634843750000002,293.0,0,False,339.1000061035156
2026-08-27T05:04:48Z,GOOG,2026-09-04,put,337.5,5.35,0.0,0.0,0.007822421875,89.0,0,False,339.1000061035156
2026-08-27T05:04:48Z,GOOG,2026-09-04,put,340.0,6.3,0.0,0.0,1.0000000000000003e-05,214.0,0,True,339.1000061035156
2026-08-27T05:04:48Z,GOOG,2026-09-04,put,342.5,7.78,0.0,0.0,1.0000000000000003e-05,44.0,0,True,339.1000061035156
2026-08-27T05:04:48Z,GOOG,2026-09-04,put,345.0,9.12,0.0,0.0,1.0000000000000003e-05,98.0,0,True,339.1000061035156
2026-08-27T05:04:48Z,GOOG,2026-09-04,put,347.5,12.45,0.0,0.0,1.0000000000000003e-05,8.0,0,True,339.1000061035156
2026-08-27T05:04:48Z,GOOG,2026-09-04,put,350.0,12.73,0.0,0.0,1.0000000000000003e-05,44.0,0,True,339.1000061035156
2026-08-27T05:04:48Z,GOOG,2026-09-04,put,352.5,14.75,0.0,0.0,1.0000000000000003e-05,19.0,0,True,339.1000061035156
2026-08-27T05:04:48Z,GOOG,2026-09-04,put,355.0,17.23,0.0,0.0,1.0000000000000003e-05,16.0,0,True,339.1000061035156
2026-08-27T05:04:48Z,GOOG,2026-09-04,put,357.5,20.39,0.0,0.0,1.0000000000000003e-05,6.0,0,True,339.1000061035156
2026-08-27T05:04:48Z,GOOG,2026-09-04,put,360.0,23.45,0.0,0.0,1.0000000000000003e-05,145.0,0,True,339.1000061035156
2026-08-27T05:04:48Z,GOOG,2026-09-04,put,362.5,25.05,0.0,0.0,1.0000000000000003e-05,1.0,0,True,339.1000061035156
2026-08-27T05:04:48Z,GOOG,2026-09-04,put,365.0,22.28,0.0,0.0,1.0000000000000003e-05,1.0,0,True,339.1000061035156
2026-08-27T05:04:48Z,GOOG,2026-09-04,put,367.5,25.15,0.0,0.0,1.0000000000000003e-05,217.0,0,True,339.1000061035156
2026-08-27T05:04:48Z,GOOG,2026-09-04,put,370.0,31.01,0.0,0.0,1.0000000000000003e-05,1.0,0,True,339.1000061035156
2026-08-27T05:04:48Z,GOOG,2026-09-04,put,375.0,35.96,0.0,0.0,1.0000000000000003e-05,2.0,0,True,339.1000061035156
2026-08-27T05:04:48Z,GOOG,2026-09-04,put,380.0,42.05,0.0,0.0,1.0000000000000003e-05,1.0,0,True,339.1000061035156
2026-08-27T05:04:48Z,GOOG,2026-09-04,put,385.0,42.37,0.0,0.0,1.0000000000000003e-05,10.0,0,True,339.1000061035156
2026-08-27T05:04:48Z,GOOG,2026-09-04,put,390.0,48.6,0.0,0.0,1.0000000000000003e-05,58.0,0,True,339.1000061035156
2026-08-27T05:04:48Z,GOOG,2026-09-04,put,395.0,54.07,0.0,0.0,1.0000000000000003e-05,2.0,0,True,339.1000061035156
2026-08-27T05:04:48Z,GOOG,2026-09-04,put,400.0,35.65,0.0,0.0,1.0000000000000003e-05,15.0,0,True,339.1000061035156
2026-08-27T05:04:48Z,GOOG,2026-09-11,call,200.0,142.87,0.0,0.0,1.0000000000000003e-05,1.0,0,True,339.1000061035156
2026-08-27T05:04:48Z,GOOG,2026-09-11,call,205.0,170.76,0.0,0.0,1.0000000000000003e-05,,0,True,339.1000061035156
2026-08-27T05:04:48Z,GOOG,2026-09-11,call,210.0,166.66,0.0,0.0,1.0000000000000003e-05,,0,True,339.1000061035156
2026-08-27T05:04:48Z,GOOG,2026-09-11,call,215.0,161.73,0.0,0.0,1.0000000000000003e-05,,0,True,339.1000061035156
2026-08-27T05:04:48Z,GOOG,2026-09-11,call,240.0,103.8,0.0,0.0,1.0000000000000003e-05,1.0,0,True,339.1000061035156
2026-08-27T05:04:48Z,GOOG,2026-09-11,call,245.0,131.77,0.0,0.0,1.0000000000000003e-05,,0,True,339.1000061035156
2026-08-27T05:04:48Z,GOOG,2026-09-11,call,250.0,98.08,0.0,0.0,1.0000000000000003e-05,1.0,0,True,339.1000061035156
2026-08-27T05:04:48Z,GOOG,2026-09-11,call,265.0,74.36,0.0,0.0,1.0000000000000003e-05,1.0,0,True,339.1000061035156
2026-08-27T05:04:48Z,GOOG,2026-09-11,call,270.0,71.52,0.0,0.0,1.0000000000000003e-05,2.0,0,True,339.1000061035156
2026-08-27T05:04:48Z,GOOG,2026-09-11,call,275.0,68.39,0.0,0.0,1.0000000000000003e-05,2.0,0,True,339.1000061035156
2026-08-27T05:04:48Z,GOOG,2026-09-11,call,280.0,63.47,0.0,0.0,1.0000000000000003e-05,2.0,0,True,339.1000061035156
2026-08-27T05:04:48Z,GOOG,2026-09-11,call,285.0,60.62,0.0,0.0,1.0000000000000003e-05,4.0,0,True,339.1000061035156
2026-08-27T05:04:48Z,GOOG,2026-09-11,call,290.0,55.72,0.0,0.0,1.0000000000000003e-05,4.0,0,True,339.1000061035156
2026-08-27T05:04:48Z,GOOG,2026-09-11,call,295.0,49.63,0.0,0.0,1.0000000000000003e-05,86.0,0,True,339.1000061035156
2026-08-27T05:04:48Z,GOOG,2026-09-11,call,300.0,40.6,0.0,0.0,1.0000000000000003e-05,2.0,0,True,339.1000061035156
2026-08-27T05:04:48Z,GOOG,2026-09-11,call,305.0,36.31,0.0,0.0,1.0000000000000003e-05,1.0,0,True,339.1000061035156
2026-08-27T05:04:48Z,GOOG,2026-09-11,call,310.0,34.48,0.0,0.0,1.0000000000000003e-05,20.0,0,True,339.1000061035156
2026-08-27T05:04:48Z,GOOG,2026-09-11,call,315.0,25.09,0.0,0.0,1.0000000000000003e-05,12.0,0,True,339.1000061035156
2026-08-27T05:04:48Z,GOOG,2026-09-11,call,320.0,20.92,0.0,0.0,1.0000000000000003e-05,92.0,0,True,339.1000061035156
2026-08-27T05:04:48Z,GOOG,2026-09-11,call,325.0,16.49,0.0,0.0,1.0000000000000003e-05,110.0,0,True,339.1000061035156
2026-08-27T05:04:48Z,GOOG,2026-09-11,call,330.0,12.75,0.0,0.0,1.0000000000000003e-05,64.0,0,True,339.1000061035156
2026-08-27T05:04:48Z,GOOG,2026-09-11,call,332.5,11.15,0.0,0.0,1.0000000000000003e-05,6.0,0,True,339.1000061035156
2026-08-27T05:04:48Z,GOOG,2026-09-11,call,335.0,10.0,0.0,0.0,1.0000000000000003e-05,91.0,0,True,339.1000061035156
2026-08-27T05:04:48Z,GOOG,2026-09-11,call,340.0,7.45,0.0,0.0,0.0039162109375,85.0,0,False,339.1000061035156
2026-08-27T05:04:48Z,GOOG,2026-09-11,call,342.5,6.3,0.0,0.0,0.015634843750000002,167.0,0,False,339.1000061035156
2026-08-27T05:04:48Z,GOOG,2026-09-11,call,345.0,5.3,0.0,0.0,0.015634843750000002,169.0,0,False,339.1000061035156
2026-08-27T05:04:48Z,GOOG,2026-09-11,call,347.5,4.3,0.0,0.0,0.0312596875,60.0,0,False,339.1000061035156
2026-08-27T05:04:48Z,GOOG,2026-09-11,call,350.0,3.5,0.0,0.0,0.0312596875,461.0,0,False,339.1000061035156
2026-08-27T05:04:48Z,GOOG,2026-09-11,call,352.5,3.03,0.0,0.0,0.0312596875,16.0,0,False,339.1000061035156
2026-08-27T05:04:48Z,GOOG,2026-09-11,call,355.0,2.44,0.0,0.0,0.062509375,215.0,0,False,339.1000061035156
2026-08-27T05:04:48Z,GOOG,2026-09-11,call,357.5,1.99,0.0,0.0,0.062509375,17.0,0,False,339.1000061035156
2026-08-27T05:04:48Z,GOOG,2026-09-11,call,360.0,1.6,0.0,0.0,0.062509375,414.0,0,False,339.1000061035156
2026-08-27T05:04:48Z,GOOG,2026-09-11,call,362.5,1.25,0.0,0.0,0.062509375,26.0,0,False,339.1000061035156
2026-08-27T05:04:48Z,GOOG,2026-09-11,call,365.0,1.03,0.0,0.0,0.062509375,241.0,0,False,339.1000061035156
2026-08-27T05:04:48Z,GOOG,2026-09-11,call,370.0,0.7,0.0,0.0,0.062509375,144.0,0,False,339.1000061035156
2026-08-27T05:04:48Z,GOOG,2026-09-11,call,375.0,0.5,0.0,0.0,0.12500875,359.0,0,False,339.1000061035156
2026-08-27T05:04:48Z,GOOG,2026-09-11,call,380.0,0.34,0.0,0.0,0.12500875,146.0,0,False,339.1000061035156
2026-08-27T05:04:48Z,GOOG,2026-09-11,call,385.0,0.26,0.0,0.0,0.12500875,13.0,0,False,339.1000061035156
2026-08-27T05:04:48Z,GOOG,2026-09-11,call,390.0,0.2,0.0,0.0,0.12500875,15.0,0,False,339.1000061035156
2026-08-27T05:04:48Z,GOOG,2026-09-11,call,395.0,0.35,0.0,0.0,0.12500875,6.0,0,False,339.1000061035156
2026-08-27T05:04:48Z,GOOG,2026-09-11,call,400.0,0.12,0.0,0.0,0.12500875,12.0,0,False,339.1000061035156
2026-08-27T05:04:48Z,GOOG,2026-09-11,call,405.0,0.1,0.0,0.0,0.12500875,4.0,0,False,339.1000061035156
2026-08-27T05:04:48Z,GOOG,2026-09-11,call,410.0,0.09,0.0,0.0,0.2500075,31.0,0,False,339.1000061035156
2026-08-27T05:04:48Z,GOOG,2026-09-11,call,415.0,0.25,0.0,0.0,0.2500075,8.0,0,False,339.1000061035156
2026-08-27T05:04:48Z,GOOG,2026-09-11,call,420.0,0.13,0.0,0.0,0.2500075,21.0,0,False,339.1000061035156
2026-08-27T05:04:48Z,GOOG,2026-09-11,call,425.0,0.07,0.0,0.0,0.2500075,7.0,0,False,339.1000061035156
2026-08-27T05:04:48Z,GOOG,2026-09-11,call,430.0,0.1,0.0,0.0,0.2500075,13.0,0,False,339.1000061035156
2026-08-27T05:04:48Z,GOOG,2026-09-11,call,435.0,0.11,0.0,0.0,0.2500075,1.0,0,False,339.1000061035156
2026-08-27T05:04:48Z,GOOG,2026-09-11,call,440.0,0.26,0.0,0.0,0.2500075,2.0,0,False,339.1000061035156
2026-08-27T05:04:48Z,GOOG,2026-09-11,call,445.0,0.11,0.0,0.0,0.2500075,6.0,0,False,339.1000061035156
2026-08-27T05:04:48Z,GOOG,2026-09-11,call,450.0,0.11,0.0,0.0,0.2500075,2.0,0,False,339.1000061035156
2026-08-27T05:04:48Z,GOOG,2026-09-11,call,455.0,0.06,0.0,0.0,0.2500075,3.0,0,False,339.1000061035156
2026-08-27T05:04:48Z,GOOG,2026-09-11,call,460.0,0.08,0.0,0.0,0.2500075,1.0,0,False,339.1000061035156
2026-08-27T05:04:48Z,GOOG,2026-09-11,call,465.0,0.1,0.0,0.0,0.2500075,2.0,0,False,339.1000061035156
2026-08-27T05:04:48Z,GOOG,2026-09-11,call,470.0,0.11,0.0,0.0,0.2500075,1.0,0,False,339.1000061035156
2026-08-27T05:04:48Z,GOOG,2026-09-11,call,480.0,0.1,0.0,0.0,0.2500075,2.0,0,False,339.1000061035156
2026-08-27T05:04:48Z,GOOG,2026-09-11,put,205.0,0.07,0.0,0.0,0.500005,11.0,0,False,339.1000061035156
2026-08-27T05:04:48Z,GOOG,2026-09-11,put,225.0,0.14,0.0,0.0,0.500005,2.0,0,False,339.1000061035156
2026-08-27T05:04:48Z,GOOG,2026-09-11,put,230.0,0.06,0.0,0.0,0.500005,6.0,0,False,339.1000061035156
2026-08-27T05:04:48Z,GOOG,2026-09-11,put,235.0,0.05,0.0,0.0,0.2500075,4.0,0,False,339.1000061035156
2026-08-27T05:04:48Z,GOOG,2026-09-11,put,240.0,0.1,0.0,0.0,0.2500075,1.0,0,False,339.1000061035156
2026-08-27T05:04:48Z,GOOG,2026-09-11,put,245.0,0.06,0.0,0.0,0.2500075,10.0,0,False,339.1000061035156
2026-08-27T05:04:48Z,GOOG,2026-09-11,put,250.0,0.06,0.0,0.0,0.2500075,2.0,0,False,339.1000061035156
2026-08-27T05:04:48Z,GOOG,2026-09-11,put,255.0,0.06,0.0,0.0,0.2500075,4.0,0,False,339.1000061035156
2026-08-27T05:04:48Z,GOOG,2026-09-11,put,260.0,0.07,0.0,0.0,0.2500075,8.0,0,False,339.1000061035156
2026-08-27T05:04:48Z,GOOG,2026-09-11,put,265.0,0.12,0.0,0.0,0.2500075,7.0,0,False,339.1000061035156
2026-08-27T05:04:48Z,GOOG,2026-09-11,put,270.0,0.08,0.0,0.0,0.2500075,2.0,0,False,339.1000061035156
2026-08-27T05:04:48Z,GOOG,2026-09-11,put,275.0,0.08,0.0,0.0,0.2500075,1.0,0,False,339.1000061035156
2026-08-27T05:04:48Z,GOOG,2026-09-11,put,280.0,0.1,0.0,0.0,0.2500075,14.0,0,False,339.1000061035156
2026-08-27T05:04:48Z,GOOG,2026-09-11,put,285.0,0.11,0.0,0.0,0.12500875,1.0,0,False,339.1000061035156
2026-08-27T05:04:48Z,GOOG,2026-09-11,put,290.0,0.14,0.0,0.0,0.12500875,3.0,0,False,339.1000061035156
2026-08-27T05:04:48Z,GOOG,2026-09-11,put,295.0,0.17,0.0,0.0,0.12500875,2.0,0,False,339.1000061035156
2026-08-27T05:04:48Z,GOOG,2026-09-11,put,300.0,0.24,0.0,0.0,0.12500875,13.0,0,False,339.1000061035156
2026-08-27T05:04:48Z,GOOG,2026-09-11,put,305.0,0.5,0.0,0.0,0.12500875,13.0,0,False,339.1000061035156
2026-08-27T05:04:48Z,GOOG,2026-09-11,put,310.0,0.63,0.0,0.0,0.12500875,1349.0,0,False,339.1000061035156
2026-08-27T05:04:48Z,GOOG,2026-09-11,put,315.0,0.96,0.0,0.0,0.062509375,1388.0,0,False,339.1000061035156
2026-08-27T05:04:48Z,GOOG,2026-09-11,put,317.5,1.2,0.0,0.0,0.062509375,49.0,0,False,339.1000061035156
2026-08-27T05:04:48Z,GOOG,2026-09-11,put,320.0,1.6,0.0,0.0,0.062509375,205.0,0,False,339.1000061035156
2026-08-27T05:04:48Z,GOOG,2026-09-11,put,325.0,2.49,0.0,0.0,0.062509375,170.0,0,False,339.1000061035156
2026-08-27T05:04:48Z,GOOG,2026-09-11,put,327.5,2.98,0.0,0.0,0.0312596875,110.0,0,False,339.1000061035156
2026-08-27T05:04:48Z,GOOG,2026-09-11,put,330.0,3.7,0.0,0.0,0.0312596875,78.0,0,False,339.1000061035156
2026-08-27T05:04:48Z,GOOG,2026-09-11,put,332.5,4.72,0.0,0.0,0.0312596875,28.0,0,False,339.1000061035156
2026-08-27T05:04:48Z,GOOG,2026-09-11,put,335.0,5.52,0.0,0.0,0.015634843750000002,92.0,0,False,339.1000061035156
2026-08-27T05:04:48Z,GOOG,2026-09-11,put,337.5,6.65,0.0,0.0,0.007822421875,19.0,0,False,339.1000061035156
2026-08-27T05:04:48Z,GOOG,2026-09-11,put,340.0,7.9,0.0,0.0,1.0000000000000003e-05,54.0,0,True,339.1000061035156
2026-08-27T05:04:48Z,GOOG,2026-09-11,put,342.5,9.21,0.0,0.0,1.0000000000000003e-05,15.0,0,True,339.1000061035156
2026-08-27T05:04:48Z,GOOG,2026-09-11,put,345.0,11.25,0.0,0.0,1.0000000000000003e-05,12.0,0,True,339.1000061035156
2026-08-27T05:04:48Z,GOOG,2026-09-11,put,347.5,13.1,0.0,0.0,1.0000000000000003e-05,7.0,0,True,339.1000061035156
2026-08-27T05:04:48Z,GOOG,2026-09-11,put,350.0,15.0,0.0,0.0,1.0000000000000003e-05,26.0,0,True,339.1000061035156
2026-08-27T05:04:48Z,GOOG,2026-09-11,put,352.5,15.6,0.0,0.0,1.0000000000000003e-05,1.0,0,True,339.1000061035156
2026-08-27T05:04:48Z,GOOG,2026-09-11,put,355.0,19.07,0.0,0.0,1.0000000000000003e-05,1.0,0,True,339.1000061035156
2026-08-27T05:04:48Z,GOOG,2026-09-11,put,357.5,20.65,0.0,0.0,1.0000000000000003e-05,1.0,0,True,339.1000061035156
2026-08-27T05:04:48Z,GOOG,2026-09-11,put,360.0,24.1,0.0,0.0,1.0000000000000003e-05,103.0,0,True,339.1000061035156
2026-08-27T05:04:48Z,GOOG,2026-09-11,put,365.0,25.48,0.0,0.0,1.0000000000000003e-05,5.0,0,True,339.1000061035156
2026-08-27T05:04:48Z,GOOG,2026-09-11,put,370.0,31.26,0.0,0.0,1.0000000000000003e-05,1.0,0,True,339.1000061035156
2026-08-27T05:04:48Z,GOOG,2026-09-11,put,375.0,34.78,0.0,0.0,1.0000000000000003e-05,5.0,0,True,339.1000061035156
2026-08-27T05:04:48Z,GOOG,2026-09-11,put,380.0,37.14,0.0,0.0,1.0000000000000003e-05,2.0,0,True,339.1000061035156
2026-08-27T05:04:48Z,GOOG,2026-09-11,put,385.0,26.05,0.0,0.0,1.0000000000000003e-05,,0,True,339.1000061035156
2026-08-27T05:04:48Z,GOOG,2026-09-11,put,390.0,46.99,0.0,0.0,1.0000000000000003e-05,,0,True,339.1000061035156
2026-08-27T05:04:48Z,GOOG,2026-09-11,put,395.0,42.15,0.0,0.0,1.0000000000000003e-05,,0,True,339.1000061035156
2026-08-27T05:04:48Z,GOOG,2026-09-11,put,415.0,43.2,0.0,0.0,1.0000000000000003e-05,,0,True,339.1000061035156
2026-08-27T05:04:48Z,GOOG,2026-09-11,put,420.0,76.25,0.0,0.0,1.0000000000000003e-05,1.0,0,True,339.1000061035156
2026-08-27T05:04:48Z,GOOG,2026-09-11,put,425.0,52.25,0.0,0.0,1.0000000000000003e-05,,0,True,339.1000061035156
2026-08-27T05:04:48Z,GOOG,2026-09-11,put,435.0,90.95,0.0,0.0,1.0000000000000003e-05,1.0,0,True,339.1000061035156
2026-08-27T05:04:48Z,GOOG,2026-09-18,call,85.0,251.97,0.0,0.0,1.0000000000000003e-05,10.0,0,True,339.1000061035156
2026-08-27T05:04:48Z,GOOG,2026-09-18,call,90.0,222.7,0.0,0.0,1.0000000000000003e-05,2.0,0,True,339.1000061035156
2026-08-27T05:04:48Z,GOOG,2026-09-18,call,95.0,246.02,265.5,269.1,5.770510599365235,10.0,10,True,339.1000061035156
2026-08-27T05:04:48Z,GOOG,2026-09-18,call,100.0,246.05,0.0,0.0,1.0000000000000003e-05,9.0,0,True,339.1000061035156
2026-08-27T05:04:48Z,GOOG,2026-09-18,call,105.0,236.0,0.0,0.0,1.0000000000000003e-05,1.0,0,True,339.1000061035156
2026-08-27T05:04:48Z,GOOG,2026-09-18,call,110.0,249.1,233.25,236.95,3.2939470776367186,1.0,43,True,339.1000061035156
2026-08-27T05:04:48Z,GOOG,2026-09-18,call,115.0,258.62,0.0,0.0,1.0000000000000003e-05,2.0,0,True,339.1000061035156
2026-08-27T05:04:48Z,GOOG,2026-09-18,call,120.0,218.6,0.0,0.0,1.0000000000000003e-05,1.0,0,True,339.1000061035156
2026-08-27T05:04:48Z,GOOG,2026-09-18,call,125.0,215.65,0.0,0.0,1.0000000000000003e-05,1.0,0,True,339.1000061035156
2026-08-27T05:04:48Z,GOOG,2026-09-18,call,130.0,211.65,0.0,0.0,1.0000000000000003e-05,1.0,0,True,339.1000061035156
2026-08-27T05:04:48Z,GOOG,2026-09-18,call,135.0,232.7,0.0,0.0,1.0000000000000003e-05,5.0,0,True,339.1000061035156
2026-08-27T05:04:48Z,GOOG,2026-09-18,call,140.0,201.34,0.0,0.0,1.0000000000000003e-05,20.0,0,True,339.1000061035156
2026-08-27T05:04:48Z,GOOG,2026-09-18,call,145.0,195.0,0.0,0.0,1.0000000000000003e-05,1.0,0,True,339.1000061035156
2026-08-27T05:04:48Z,GOOG,2026-09-18,call,150.0,194.0,0.0,0.0,1.0000000000000003e-05,1.0,0,True,339.1000061035156
2026-08-27T05:04:48Z,GOOG,2026-09-18,call,155.0,188.09,0.0,0.0,1.0000000000000003e-05,1.0,0,True,339.1000061035156
2026-08-27T05:04:48Z,GOOG,2026-09-18,call,160.0,175.46,0.0,0.0,1.0000000000000003e-05,1.0,0,True,339.1000061035156
2026-08-27T05:04:48Z,GOOG,2026-09-18,call,165.0,177.22,0.0,0.0,1.0000000000000003e-05,7.0,0,True,339.1000061035156
2026-08-27T05:04:48Z,GOOG,2026-09-18,call,170.0,169.17,0.0,0.0,1.0000000000000003e-05,5.0,0,True,339.1000061035156
2026-08-27T05:04:48Z,GOOG,2026-09-18,call,175.0,168.0,0.0,0.0,1.0000000000000003e-05,1.0,0,True,339.1000061035156
2026-08-27T05:04:48Z,GOOG,2026-09-18,call,180.0,169.95,0.0,0.0,1.0000000000000003e-05,1.0,0,True,339.1000061035156
2026-08-27T05:04:48Z,GOOG,2026-09-18,call,185.0,156.46,0.0,0.0,1.0000000000000003e-05,1.0,0,True,339.1000061035156
2026-08-27T05:04:48Z,GOOG,2026-09-18,call,190.0,148.98,0.0,0.0,1.0000000000000003e-05,4.0,0,True,339.1000061035156
2026-08-27T05:04:48Z,GOOG,2026-09-18,call,195.0,148.25,0.0,0.0,1.0000000000000003e-05,140.0,0,True,339.1000061035156
2026-08-27T05:04:48Z,GOOG,2026-09-18,call,200.0,143.6,0.0,0.0,1.0000000000000003e-05,1.0,0,True,339.1000061035156
2026-08-27T05:04:48Z,GOOG,2026-09-18,call,205.0,138.26,0.0,0.0,1.0000000000000003e-05,4.0,0,True,339.1000061035156
2026-08-27T05:04:48Z,GOOG,2026-09-18,call,210.0,129.66,0.0,0.0,1.0000000000000003e-05,1.0,0,True,339.1000061035156
2026-08-27T05:04:48Z,GOOG,2026-09-18,call,215.0,124.19,0.0,0.0,1.0000000000000003e-05,2.0,0,True,339.1000061035156
2026-08-27T05:04:48Z,GOOG,2026-09-18,call,220.0,123.85,0.0,0.0,1.0000000000000003e-05,3.0,0,True,339.1000061035156
2026-08-27T05:04:48Z,GOOG,2026-09-18,call,225.0,121.07,0.0,0.0,1.0000000000000003e-05,1.0,0,True,339.1000061035156
2026-08-27T05:04:48Z,GOOG,2026-09-18,call,230.0,112.8,0.0,0.0,1.0000000000000003e-05,1.0,0,True,339.1000061035156
2026-08-27T05:04:48Z,GOOG,2026-09-18,call,235.0,111.55,0.0,0.0,1.0000000000000003e-05,1.0,0,True,339.1000061035156
2026-08-27T05:04:48Z,GOOG,2026-09-18,call,240.0,101.24,0.0,0.0,1.0000000000000003e-05,1.0,0,True,339.1000061035156
2026-08-27T05:04:48Z,GOOG,2026-09-18,call,245.0,95.0,0.0,0.0,1.0000000000000003e-05,20.0,0,True,339.1000061035156
2026-08-27T05:04:48Z,GOOG,2026-09-18,call,250.0,94.21,0.0,0.0,1.0000000000000003e-05,2.0,0,True,339.1000061035156
2026-08-27T05:04:48Z,GOOG,2026-09-18,call,255.0,91.47,0.0,0.0,1.0000000000000003e-05,6.0,0,True,339.1000061035156
2026-08-27T05:04:48Z,GOOG,2026-09-18,call,260.0,80.37,0.0,0.0,1.0000000000000003e-05,24.0,0,True,339.1000061035156
2026-08-27T05:04:48Z,GOOG,2026-09-18,call,265.0,77.9,0.0,0.0,1.0000000000000003e-05,3.0,0,True,339.1000061035156
2026-08-27T05:04:48Z,GOOG,2026-09-18,call,270.0,77.01,0.0,0.0,1.0000000000000003e-05,24.0,0,True,339.1000061035156
2026-08-27T05:04:48Z,GOOG,2026-09-18,call,275.0,73.5,0.0,0.0,1.0000000000000003e-05,74.0,0,True,339.1000061035156
2026-08-27T05:04:48Z,GOOG,2026-09-18,call,280.0,64.09,0.0,0.0,1.0000000000000003e-05,2.0,0,True,339.1000061035156
2026-08-27T05:04:48Z,GOOG,2026-09-18,call,285.0,55.53,0.0,0.0,1.0000000000000003e-05,2.0,0,True,339.1000061035156
2026-08-27T05:04:48Z,GOOG,2026-09-18,call,290.0,48.61,0.0,0.0,1.0000000000000003e-05,15.0,0,True,339.1000061035156
2026-08-27T05:04:48Z,GOOG,2026-09-18,call,295.0,44.56,0.0,0.0,1.0000000000000003e-05,76.0,0,True,339.1000061035156
2026-08-27T05:04:48Z,GOOG,2026-09-18,call,300.0,39.8,0.0,0.0,1.0000000000000003e-05,93.0,0,True,339.1000061035156
2026-08-27T05:04:48Z,GOOG,2026-09-18,call,305.0,35.41,0.0,0.0,1.0000000000000003e-05,4.0,0,True,339.1000061035156
2026-08-27T05:04:48Z,GOOG,2026-09-18,call,310.0,35.13,0.0,0.0,1.0000000000000003e-05,2.0,0,True,339.1000061035156
2026-08-27T05:04:48Z,GOOG,2026-09-18,call,315.0,30.7,0.0,0.0,1.0000000000000003e-05,33.0,0,True,339.1000061035156
2026-08-27T05:04:48Z,GOOG,2026-09-18,call,317.5,23.95,0.0,0.0,1.0000000000000003e-05,2.0,0,True,339.1000061035156
2026-08-27T05:04:48Z,GOOG,2026-09-18,call,320.0,21.88,0.0,0.0,1.0000000000000003e-05,22.0,0,True,339.1000061035156
2026-08-27T05:04:48Z,GOOG,2026-09-18,call,322.5,27.95,0.0,0.0,1.0000000000000003e-05,11.0,0,True,339.1000061035156
2026-08-27T05:04:48Z,GOOG,2026-09-18,call,325.0,18.25,0.0,0.0,1.0000000000000003e-05,51.0,0,True,339.1000061035156
2026-08-27T05:04:48Z,GOOG,2026-09-18,call,327.5,16.13,0.0,0.0,1.0000000000000003e-05,6.0,0,True,339.1000061035156
2026-08-27T05:04:48Z,GOOG,2026-09-18,call,330.0,14.53,0.0,0.0,1.0000000000000003e-05,105.0,0,True,339.1000061035156
2026-08-27T05:04:48Z,GOOG,2026-09-18,call,332.5,12.81,0.0,0.0,1.0000000000000003e-05,12.0,0,True,339.1000061035156
2026-08-27T05:04:48Z,GOOG,2026-09-18,call,335.0,11.75,0.0,0.0,1.0000000000000003e-05,97.0,0,True,339.1000061035156
2026-08-27T05:04:48Z,GOOG,2026-09-18,call,340.0,9.09,0.0,0.0,0.0039162109375,527.0,0,False,339.1000061035156
2026-08-27T05:04:48Z,GOOG,2026-09-18,call,342.5,7.7,0.0,0.0,0.007822421875,39.0,0,False,339.1000061035156
2026-08-27T05:04:48Z,GOOG,2026-09-18,call,345.0,6.91,0.0,0.0,0.015634843750000002,588.0,0,False,339.1000061035156
2026-08-27T05:04:48Z,GOOG,2026-09-18,call,347.5,5.9,0.0,0.0,0.0312596875,18.0,0,False,339.1000061035156
2026-08-27T05:04:48Z,GOOG,2026-09-18,call,350.0,4.95,0.0,0.0,0.0312596875,1216.0,0,False,339.1000061035156
2026-08-27T05:04:48Z,GOOG,2026-09-18,call,352.5,4.4,0.0,0.0,0.0312596875,7.0,0,False,339.1000061035156
2026-08-27T05:04:48Z,GOOG,2026-09-18,call,355.0,3.75,0.0,0.0,0.0312596875,217.0,0,False,339.1000061035156
2026-08-27T05:04:48Z,GOOG,2026-09-18,call,357.5,3.19,0.0,0.0,0.062509375,96.0,0,False,339.1000061035156
2026-08-27T05:04:48Z,GOOG,2026-09-18,call,360.0,2.6,0.0,0.0,0.062509375,702.0,0,False,339.1000061035156
2026-08-27T05:04:48Z,GOOG,2026-09-18,call,362.5,2.24,0.0,0.0,0.062509375,47.0,0,False,339.1000061035156
2026-08-27T05:04:48Z,GOOG,2026-09-18,call,365.0,1.91,0.0,0.0,0.062509375,1293.0,0,False,339.1000061035156
2026-08-27T05:04:48Z,GOOG,2026-09-18,call,370.0,1.38,0.0,0.0,0.062509375,477.0,0,False,339.1000061035156
2026-08-27T05:04:48Z,GOOG,2026-09-18,call,375.0,1.04,0.0,0.0,0.062509375,774.0,0,False,339.1000061035156
2026-08-27T05:04:48Z,GOOG,2026-09-18,call,380.0,0.76,0.0,0.0,0.12500875,430.0,0,False,339.1000061035156
2026-08-27T05:04:48Z,GOOG,2026-09-18,call,385.0,0.59,0.0,0.0,0.12500875,145.0,0,False,339.1000061035156
2026-08-27T05:04:48Z,GOOG,2026-09-18,call,390.0,0.49,0.0,0.0,0.12500875,127.0,0,False,339.1000061035156
2026-08-27T05:04:48Z,GOOG,2026-09-18,call,395.0,0.37,0.0,0.0,0.12500875,30.0,0,False,339.1000061035156
2026-08-27T05:04:48Z,GOOG,2026-09-18,call,400.0,0.3,0.0,0.0,0.12500875,658.0,0,False,339.1000061035156
2026-08-27T05:04:48Z,GOOG,2026-09-18,call,405.0,0.24,0.0,0.0,0.12500875,192.0,0,False,339.1000061035156
2026-08-27T05:04:48Z,GOOG,2026-09-18,call,410.0,0.2,0.0,0.0,0.12500875,1924.0,0,False,339.1000061035156
2026-08-27T05:04:48Z,GOOG,2026-09-18,call,415.0,0.19,0.0,0.0,0.12500875,11.0,0,False,339.1000061035156
2026-08-27T05:04:48Z,GOOG,2026-09-18,call,420.0,0.16,0.0,0.0,0.12500875,199.0,0,False,339.1000061035156
2026-08-27T05:04:48Z,GOOG,2026-09-18,call,425.0,0.16,0.0,0.0,0.2500075,1066.0,0,False,339.1000061035156
2026-08-27T05:04:48Z,GOOG,2026-09-18,call,430.0,0.15,0.0,0.0,0.2500075,64.0,0,False,339.1000061035156
2026-08-27T05:04:48Z,GOOG,2026-09-18,call,435.0,0.13,0.0,0.0,0.2500075,1.0,0,False,339.1000061035156
2026-08-27T05:04:48Z,GOOG,2026-09-18,call,440.0,0.19,0.0,0.0,0.2500075,1512.0,0,False,339.1000061035156
2026-08-27T05:04:48Z,GOOG,2026-09-18,call,445.0,0.11,0.0,0.0,0.2500075,92.0,0,False,339.1000061035156
2026-08-27T05:04:48Z,GOOG,2026-09-18,call,450.0,0.12,0.0,0.0,0.2500075,1757.0,0,False,339.1000061035156
2026-08-27T05:04:48Z,GOOG,2026-09-18,call,455.0,0.1,0.0,0.0,0.2500075,6.0,0,False,339.1000061035156
2026-08-27T05:04:48Z,GOOG,2026-09-18,call,460.0,0.1,0.0,0.0,0.2500075,106.0,0,False,339.1000061035156
2026-08-27T05:04:48Z,GOOG,2026-09-18,call,465.0,0.12,0.0,0.0,0.2500075,10.0,0,False,339.1000061035156
2026-08-27T05:04:48Z,GOOG,2026-09-18,call,470.0,0.09,0.0,0.0,0.2500075,64.0,0,False,339.1000061035156
2026-08-27T05:04:48Z,GOOG,2026-09-18,call,475.0,0.11,0.0,0.0,0.2500075,2.0,0,False,339.1000061035156
2026-08-27T05:04:48Z,GOOG,2026-09-18,call,480.0,0.08,0.0,0.0,0.2500075,362.0,0,False,339.1000061035156
2026-08-27T05:04:48Z,GOOG,2026-09-18,call,485.0,0.08,0.0,0.0,0.2500075,100.0,0,False,339.1000061035156
2026-08-27T05:04:48Z,GOOG,2026-09-18,call,490.0,0.21,0.0,0.0,0.2500075,20.0,0,False,339.1000061035156
2026-08-27T05:04:48Z,GOOG,2026-09-18,call,495.0,0.13,0.0,0.0,0.2500075,1.0,0,False,339.1000061035156
2026-08-27T05:04:48Z,GOOG,2026-09-18,call,500.0,0.06,0.0,0.0,0.2500075,2.0,0,False,339.1000061035156
2026-08-27T05:04:48Z,GOOG,2026-09-18,call,505.0,0.11,0.0,0.0,0.2500075,1.0,0,False,339.1000061035156
2026-08-27T05:04:48Z,GOOG,2026-09-18,call,520.0,0.1,0.0,0.0,0.2500075,5.0,0,False,339.1000061035156
2026-08-27T05:04:48Z,GOOG,2026-09-18,call,540.0,0.1,0.0,0.0,0.2500075,5.0,0,False,339.1000061035156
2026-08-27T05:04:48Z,GOOG,2026-09-18,call,560.0,0.02,0.0,0.0,0.500005,9.0,0,False,339.1000061035156
2026-08-27T05:04:48Z,GOOG,2026-09-18,call,580.0,0.02,0.0,0.0,0.500005,105.0,0,False,339.1000061035156
2026-08-27T05:04:48Z,GOOG,2026-09-18,put,85.0,0.01,0.0,0.0,0.500005,18.0,0,False,339.1000061035156
2026-08-27T05:04:48Z,GOOG,2026-09-18,put,90.0,0.06,0.0,0.0,0.500005,4.0,0,False,339.1000061035156
2026-08-27T05:04:48Z,GOOG,2026-09-18,put,95.0,0.22,0.0,1.19,2.368168142089843,1.0,1008,False,339.1000061035156
2026-08-27T05:04:48Z,GOOG,2026-09-18,put,100.0,0.03,0.0,0.0,0.500005,1.0,0,False,339.1000061035156
2026-08-27T05:04:48Z,GOOG,2026-09-18,put,105.0,0.15,0.0,2.13,2.3960001037597656,2.0,21,False,339.1000061035156
2026-08-27T05:04:48Z,GOOG,2026-09-18,put,110.0,0.03,0.0,0.57,1.9082035839843752,2.0,39,False,339.1000061035156
2026-08-27T05:04:48Z,GOOG,2026-09-18,put,115.0,0.05,0.0,0.0,0.500005,1.0,0,False,339.1000061035156
2026-08-27T05:04:48Z,GOOG,2026-09-18,put,120.0,0.03,0.0,0.0,0.500005,8.0,0,False,339.1000061035156
2026-08-27T05:04:48Z,GOOG,2026-09-18,put,125.0,0.01,0.0,0.0,0.500005,50.0,0,False,339.1000061035156
2026-08-27T05:04:48Z,GOOG,2026-09-18,put,130.0,0.03,0.0,0.0,0.500005,8.0,0,False,339.1000061035156
2026-08-27T05:04:48Z,GOOG,2026-09-18,put,135.0,0.05,0.0,0.75,1.6367205664062499,16.0,313,False,339.1000061035156
2026-08-27T05:04:48Z,GOOG,2026-09-18,put,140.0,0.01,0.0,0.0,0.500005,47.0,0,False,339.1000061035156
2026-08-27T05:04:48Z,GOOG,2026-09-18,put,145.0,0.02,0.0,0.0,0.500005,1.0,0,False,339.1000061035156
2026-08-27T05:04:48Z,GOOG,2026-09-18,put,150.0,0.02,0.0,0.0,0.500005,1.0,0,False,339.1000061035156
2026-08-27T05:04:48Z,GOOG,2026-09-18,put,155.0,0.08,0.0,0.0,0.500005,9.0,0,False,339.1000061035156
2026-08-27T05:04:48Z,GOOG,2026-09-18,put,160.0,0.02,0.0,0.0,0.500005,9.0,0,False,339.1000061035156
2026-08-27T05:04:48Z,GOOG,2026-09-18,put,165.0,0.01,0.0,0.0,0.500005,10.0,0,False,339.1000061035156
2026-08-27T05:04:48Z,GOOG,2026-09-18,put,170.0,0.01,0.0,0.0,0.500005,1.0,0,False,339.1000061035156
2026-08-27T05:04:48Z,GOOG,2026-09-18,put,175.0,0.02,0.0,0.0,0.500005,2.0,0,False,339.1000061035156
2026-08-27T05:04:48Z,GOOG,2026-09-18,put,180.0,0.02,0.0,0.0,0.500005,314.0,0,False,339.1000061035156
2026-08-27T05:04:48Z,GOOG,2026-09-18,put,185.0,0.13,0.0,0.0,0.500005,3.0,0,False,339.1000061035156
2026-08-27T05:04:48Z,GOOG,2026-09-18,put,190.0,0.04,0.0,0.0,0.500005,7.0,0,False,339.1000061035156
2026-08-27T05:04:48Z,GOOG,2026-09-18,put,195.0,0.05,0.0,0.0,0.500005,7.0,0,False,339.1000061035156
2026-08-27T05:04:48Z,GOOG,2026-09-18,put,200.0,0.03,0.0,0.0,0.500005,5.0,0,False,339.1000061035156
2026-08-27T05:04:48Z,GOOG,2026-09-18,put,205.0,0.1,0.0,0.0,0.500005,1.0,0,False,339.1000061035156
2026-08-27T05:04:48Z,GOOG,2026-09-18,put,210.0,0.04,0.0,0.0,0.500005,4.0,0,False,339.1000061035156
2026-08-27T05:04:48Z,GOOG,2026-09-18,put,215.0,0.07,0.0,0.0,0.2500075,7.0,0,False,339.1000061035156
2026-08-27T05:04:48Z,GOOG,2026-09-18,put,220.0,0.05,0.0,0.0,0.2500075,3.0,0,False,339.1000061035156
2026-08-27T05:04:48Z,GOOG,2026-09-18,put,225.0,0.1,0.0,0.0,0.2500075,3.0,0,False,339.1000061035156
2026-08-27T05:04:48Z,GOOG,2026-09-18,put,230.0,0.1,0.0,0.0,0.2500075,1.0,0,False,339.1000061035156
2026-08-27T05:04:48Z,GOOG,2026-09-18,put,235.0,0.08,0.0,0.0,0.2500075,176.0,0,False,339.1000061035156
2026-08-27T05:04:48Z,GOOG,2026-09-18,put,240.0,0.07,0.0,0.0,0.2500075,1.0,0,False,339.1000061035156
2026-08-27T05:04:48Z,GOOG,2026-09-18,put,245.0,0.11,0.0,0.0,0.2500075,1.0,0,False,339.1000061035156
2026-08-27T05:04:48Z,GOOG,2026-09-18,put,250.0,0.09,0.0,0.0,0.2500075,5.0,0,False,339.1000061035156
2026-08-27T05:04:48Z,GOOG,2026-09-18,put,255.0,0.15,0.0,0.0,0.2500075,1.0,0,False,339.1000061035156
2026-08-27T05:04:48Z,GOOG,2026-09-18,put,260.0,0.1,0.0,0.0,0.2500075,1.0,0,False,339.1000061035156
2026-08-27T05:04:48Z,GOOG,2026-09-18,put,265.0,0.17,0.0,0.0,0.2500075,1.0,0,False,339.1000061035156
2026-08-27T05:04:48Z,GOOG,2026-09-18,put,270.0,0.17,0.0,0.0,0.2500075,40.0,0,False,339.1000061035156
2026-08-27T05:04:48Z,GOOG,2026-09-18,put,275.0,0.2,0.0,0.0,0.12500875,1367.0,0,False,339.1000061035156
2026-08-27T05:04:48Z,GOOG,2026-09-18,put,280.0,0.21,0.0,0.0,0.12500875,58.0,0,False,339.1000061035156
2026-08-27T05:04:48Z,GOOG,2026-09-18,put,285.0,0.27,0.0,0.0,0.12500875,29.0,0,False,339.1000061035156
2026-08-27T05:04:48Z,GOOG,2026-09-18,put,290.0,0.37,0.0,0.0,0.12500875,542.0,0,False,339.1000061035156
2026-08-27T05:04:48Z,GOOG,2026-09-18,put,295.0,0.46,0.0,0.0,0.12500875,233.0,0,False,339.1000061035156
2026-08-27T05:04:48Z,GOOG,2026-09-18,put,300.0,0.59,0.0,0.0,0.12500875,59.0,0,False,339.1000061035156
2026-08-27T05:04:48Z,GOOG,2026-09-18,put,305.0,0.79,0.0,0.0,0.12500875,44.0,0,False,339.1000061035156
2026-08-27T05:04:48Z,GOOG,2026-09-18,put,310.0,1.2,0.0,0.0,0.062509375,211.0,0,False,339.1000061035156
2026-08-27T05:04:48Z,GOOG,2026-09-18,put,315.0,1.76,0.0,0.0,0.062509375,1380.0,0,False,339.1000061035156
2026-08-27T05:04:48Z,GOOG,2026-09-18,put,317.5,2.21,0.0,0.0,0.062509375,89.0,0,False,339.1000061035156
2026-08-27T05:04:48Z,GOOG,2026-09-18,put,320.0,2.53,0.0,0.0,0.062509375,377.0,0,False,339.1000061035156
2026-08-27T05:04:48Z,GOOG,2026-09-18,put,322.5,3.1,0.0,0.0,0.062509375,84.0,0,False,339.1000061035156
2026-08-27T05:04:48Z,GOOG,2026-09-18,put,325.0,3.7,0.0,0.0,0.0312596875,93.0,0,False,339.1000061035156
2026-08-27T05:04:48Z,GOOG,2026-09-18,put,327.5,4.45,0.0,0.0,0.0312596875,33.0,0,False,339.1000061035156
2026-08-27T05:04:48Z,GOOG,2026-09-18,put,330.0,5.3,0.0,0.0,0.0312596875,336.0,0,False,339.1000061035156
2026-08-27T05:04:48Z,GOOG,2026-09-18,put,332.5,5.97,0.0,0.0,0.015634843750000002,13.0,0,False,339.1000061035156
2026-08-27T05:04:48Z,GOOG,2026-09-18,put,335.0,7.04,0.0,0.0,0.015634843750000002,102.0,0,False,339.1000061035156
2026-08-27T05:04:48Z,GOOG,2026-09-18,put,337.5,8.32,0.0,0.0,0.0039162109375,12.0,0,False,339.1000061035156
2026-08-27T05:04:48Z,GOOG,2026-09-18,put,340.0,9.4,0.0,0.0,1.0000000000000003e-05,313.0,0,True,339.1000061035156
2026-08-27T05:04:48Z,GOOG,2026-09-18,put,342.5,11.0,0.0,0.0,1.0000000000000003e-05,111.0,0,True,339.1000061035156
2026-08-27T05:04:48Z,GOOG,2026-09-18,put,345.0,12.69,0.0,0.0,1.0000000000000003e-05,17.0,0,True,339.1000061035156
2026-08-27T05:04:48Z,GOOG,2026-09-18,put,347.5,13.85,0.0,0.0,1.0000000000000003e-05,32.0,0,True,339.1000061035156
2026-08-27T05:04:48Z,GOOG,2026-09-18,put,350.0,15.63,0.0,0.0,1.0000000000000003e-05,119.0,0,True,339.1000061035156
2026-08-27T05:04:48Z,GOOG,2026-09-18,put,352.5,13.8,0.0,0.0,1.0000000000000003e-05,15.0,0,True,339.1000061035156
2026-08-27T05:04:48Z,GOOG,2026-09-18,put,355.0,19.37,0.0,0.0,1.0000000000000003e-05,15.0,0,True,339.1000061035156
2026-08-27T05:04:48Z,GOOG,2026-09-18,put,357.5,21.42,0.0,0.0,1.0000000000000003e-05,2.0,0,True,339.1000061035156
2026-08-27T05:04:48Z,GOOG,2026-09-18,put,360.0,23.5,0.0,0.0,1.0000000000000003e-05,3595.0,0,True,339.1000061035156
2026-08-27T05:04:48Z,GOOG,2026-09-18,put,365.0,28.61,0.0,0.0,1.0000000000000003e-05,103.0,0,True,339.1000061035156
2026-08-27T05:04:48Z,GOOG,2026-09-18,put,370.0,31.31,0.0,0.0,1.0000000000000003e-05,7.0,0,True,339.1000061035156
2026-08-27T05:04:48Z,GOOG,2026-09-18,put,375.0,35.9,0.0,0.0,1.0000000000000003e-05,3.0,0,True,339.1000061035156
2026-08-27T05:04:48Z,GOOG,2026-09-18,put,380.0,39.39,0.0,0.0,1.0000000000000003e-05,1.0,0,True,339.1000061035156
2026-08-27T05:04:48Z,GOOG,2026-09-18,put,385.0,47.51,0.0,0.0,1.0000000000000003e-05,10.0,0,True,339.1000061035156
2026-08-27T05:04:48Z,GOOG,2026-09-18,put,390.0,52.97,0.0,0.0,1.0000000000000003e-05,26.0,0,True,339.1000061035156
2026-08-27T05:04:48Z,GOOG,2026-09-18,put,395.0,56.8,0.0,0.0,1.0000000000000003e-05,4.0,0,True,339.1000061035156
2026-08-27T05:04:48Z,GOOG,2026-09-18,put,400.0,57.52,0.0,0.0,1.0000000000000003e-05,654.0,0,True,339.1000061035156
2026-08-27T05:04:48Z,GOOG,2026-09-18,put,405.0,59.39,0.0,0.0,1.0000000000000003e-05,7.0,0,True,339.1000061035156
2026-08-27T05:04:48Z,GOOG,2026-09-18,put,410.0,66.25,0.0,0.0,1.0000000000000003e-05,1.0,0,True,339.1000061035156
2026-08-27T05:04:48Z,GOOG,2026-09-18,put,415.0,41.15,0.0,0.0,1.0000000000000003e-05,15.0,0,True,339.1000061035156
2026-08-27T05:04:48Z,GOOG,2026-09-18,put,420.0,80.7,0.0,0.0,1.0000000000000003e-05,1.0,0,True,339.1000061035156
2026-08-27T05:04:48Z,GOOG,2026-09-18,put,425.0,66.76,0.0,0.0,1.0000000000000003e-05,50.0,0,True,339.1000061035156
2026-08-27T05:04:48Z,GOOG,2026-09-18,put,430.0,90.78,0.0,0.0,1.0000000000000003e-05,250.0,0,True,339.1000061035156
2026-08-27T05:04:48Z,GOOG,2026-09-18,put,435.0,92.78,0.0,0.0,1.0000000000000003e-05,2.0,0,True,339.1000061035156
2026-08-27T05:04:48Z,GOOG,2026-09-18,put,440.0,82.62,93.35,96.8,1.0000000000000003e-05,1.0,0,True,339.1000061035156
2026-08-27T05:04:48Z,GOOG,2026-09-18,put,450.0,122.68,0.0,0.0,1.0000000000000003e-05,2.0,0,True,339.1000061035156
2026-08-27T05:04:48Z,GOOG,2026-09-18,put,460.0,117.8,113.35,116.55,1.0000000000000003e-05,1.0,0,True,339.1000061035156
2026-08-27T05:04:48Z,GOOG,2026-09-18,put,470.0,78.76,98.9,102.15,1.0000000000000003e-05,2.0,1,True,339.1000061035156
2026-08-27T05:04:48Z,GOOG,2026-09-18,put,475.0,104.8,128.2,132.15,1.0000000000000003e-05,,0,True,339.1000061035156
2026-08-27T05:04:48Z,GOOG,2026-09-18,put,480.0,95.9,0.0,0.0,1.0000000000000003e-05,1.0,0,True,339.1000061035156
2026-08-27T05:04:48Z,GOOG,2026-09-18,put,490.0,104.9,0.0,0.0,1.0000000000000003e-05,1.0,0,True,339.1000061035156
2026-08-27T05:04:48Z,GOOG,2026-09-18,put,495.0,177.77,148.35,151.35,1.0000000000000003e-05,,0,True,339.1000061035156
2026-08-27T05:04:48Z,GOOG,2026-09-18,put,500.0,182.75,153.4,156.3,1.0000000000000003e-05,6.0,0,True,339.1000061035156
2026-08-27T05:04:48Z,GOOG,2026-09-18,put,520.0,122.8,147.75,151.75,1.0000000000000003e-05,,0,True,339.1000061035156
2026-08-27T05:04:48Z,GOOG,2026-09-18,put,540.0,141.94,167.75,171.45,1.0000000000000003e-05,,0,True,339.1000061035156
2026-08-27T05:04:48Z,GOOG,2026-09-18,put,560.0,161.48,187.75,191.45,1.0000000000000003e-05,,0,True,339.1000061035156
2026-08-27T05:04:48Z,GOOG,2026-09-18,put,580.0,181.56,207.75,211.45,1.0000000000000003e-05,,0,True,339.1000061035156
2026-08-27T05:04:48Z,GOOG,2026-09-25,call,200.0,140.13,0.0,0.0,1.0000000000000003e-05,1.0,0,True,339.1000061035156
2026-08-27T05:04:48Z,GOOG,2026-09-25,call,205.0,137.89,0.0,0.0,1.0000000000000003e-05,,0,True,339.1000061035156
2026-08-27T05:04:48Z,GOOG,2026-09-25,call,220.0,122.9,0.0,0.0,1.0000000000000003e-05,1.0,0,True,339.1000061035156
2026-08-27T05:04:48Z,GOOG,2026-09-25,call,225.0,115.92,0.0,0.0,1.0000000000000003e-05,,0,True,339.1000061035156
2026-08-27T05:04:48Z,GOOG,2026-09-25,call,230.0,113.6,0.0,0.0,1.0000000000000003e-05,2.0,0,True,339.1000061035156
2026-08-27T05:04:48Z,GOOG,2026-09-25,call,235.0,107.55,0.0,0.0,1.0000000000000003e-05,11.0,0,True,339.1000061035156
2026-08-27T05:04:48Z,GOOG,2026-09-25,call,255.0,90.0,0.0,0.0,1.0000000000000003e-05,,0,True,339.1000061035156
2026-08-27T05:04:48Z,GOOG,2026-09-25,call,270.0,73.74,0.0,0.0,1.0000000000000003e-05,24.0,0,True,339.1000061035156
2026-08-27T05:04:48Z,GOOG,2026-09-25,call,275.0,68.86,0.0,0.0,1.0000000000000003e-05,24.0,0,True,339.1000061035156
2026-08-27T05:04:48Z,GOOG,2026-09-25,call,280.0,68.77,0.0,0.0,1.0000000000000003e-05,40.0,0,True,339.1000061035156
2026-08-27T05:04:48Z,GOOG,2026-09-25,call,285.0,63.89,0.0,0.0,1.0000000000000003e-05,40.0,0,True,339.1000061035156
2026-08-27T05:04:48Z,GOOG,2026-09-25,call,290.0,50.65,0.0,0.0,1.0000000000000003e-05,50.0,0,True,339.1000061035156
2026-08-27T05:04:48Z,GOOG,2026-09-25,call,295.0,45.77,0.0,0.0,1.0000000000000003e-05,50.0,0,True,339.1000061035156
2026-08-27T05:04:48Z,GOOG,2026-09-25,call,300.0,40.5,0.0,0.0,1.0000000000000003e-05,1.0,0,True,339.1000061035156
2026-08-27T05:04:48Z,GOOG,2026-09-25,call,305.0,44.0,0.0,0.0,1.0000000000000003e-05,2.0,0,True,339.1000061035156
2026-08-27T05:04:48Z,GOOG,2026-09-25,call,310.0,35.74,0.0,0.0,1.0000000000000003e-05,1.0,0,True,339.1000061035156
2026-08-27T05:04:48Z,GOOG,2026-09-25,call,315.0,31.56,0.0,0.0,1.0000000000000003e-05,2.0,0,True,339.1000061035156
2026-08-27T05:04:48Z,GOOG,2026-09-25,call,320.0,23.76,0.0,0.0,1.0000000000000003e-05,29.0,0,True,339.1000061035156
2026-08-27T05:04:48Z,GOOG,2026-09-25,call,325.0,22.85,0.0,0.0,1.0000000000000003e-05,1.0,0,True,339.1000061035156
2026-08-27T05:04:48Z,GOOG,2026-09-25,call,330.0,16.36,0.0,0.0,1.0000000000000003e-05,3.0,0,True,339.1000061035156
2026-08-27T05:04:48Z,GOOG,2026-09-25,call,335.0,13.0,0.0,0.0,1.0000000000000003e-05,10.0,0,True,339.1000061035156
2026-08-27T05:04:48Z,GOOG,2026-09-25,call,340.0,10.8,0.0,0.0,0.00196310546875,135.0,0,False,339.1000061035156
2026-08-27T05:04:48Z,GOOG,2026-09-25,call,345.0,8.55,0.0,0.0,0.015634843750000002,107.0,0,False,339.1000061035156
2026-08-27T05:04:48Z,GOOG,2026-09-25,call,350.0,6.6,0.0,0.0,0.0312596875,78.0,0,False,339.1000061035156
2026-08-27T05:04:48Z,GOOG,2026-09-25,call,355.0,5.05,0.0,0.0,0.0312596875,103.0,0,False,339.1000061035156
2026-08-27T05:04:48Z,GOOG,2026-09-25,call,360.0,3.83,0.0,0.0,0.062509375,141.0,0,False,339.1000061035156
2026-08-27T05:04:48Z,GOOG,2026-09-25,call,365.0,2.8,0.0,0.0,0.062509375,35.0,0,False,339.1000061035156
2026-08-27T05:04:48Z,GOOG,2026-09-25,call,370.0,2.23,0.0,0.0,0.062509375,156.0,0,False,339.1000061035156
2026-08-27T05:04:48Z,GOOG,2026-09-25,call,375.0,1.66,0.0,0.0,0.062509375,23.0,0,False,339.1000061035156
2026-08-27T05:04:48Z,GOOG,2026-09-25,call,380.0,1.37,0.0,0.0,0.062509375,304.0,0,False,339.1000061035156
2026-08-27T05:04:48Z,GOOG,2026-09-25,call,385.0,0.97,0.0,0.0,0.12500875,48.0,0,False,339.1000061035156
2026-08-27T05:04:48Z,GOOG,2026-09-25,call,390.0,0.75,0.0,0.0,0.12500875,108.0,0,False,339.1000061035156
2026-08-27T05:04:48Z,GOOG,2026-09-25,call,395.0,0.59,0.0,0.0,0.12500875,36.0,0,False,339.1000061035156
2026-08-27T05:04:48Z,GOOG,2026-09-25,call,400.0,0.47,0.0,0.0,0.12500875,109.0,0,False,339.1000061035156
2026-08-27T05:04:48Z,GOOG,2026-09-25,call,405.0,0.4,0.0,0.0,0.12500875,2.0,0,False,339.1000061035156
2026-08-27T05:04:48Z,GOOG,2026-09-25,call,410.0,0.35,0.0,0.0,0.12500875,21.0,0,False,339.1000061035156
2026-08-27T05:04:48Z,GOOG,2026-09-25,call,415.0,0.52,0.0,0.0,0.12500875,1.0,0,False,339.1000061035156
2026-08-27T05:04:48Z,GOOG,2026-09-25,call,420.0,0.33,0.0,0.0,0.12500875,1.0,0,False,339.1000061035156
2026-08-27T05:04:48Z,GOOG,2026-09-25,call,425.0,0.25,0.0,0.0,0.12500875,4.0,0,False,339.1000061035156
2026-08-27T05:04:48Z,GOOG,2026-09-25,call,430.0,0.31,0.0,0.0,0.12500875,8.0,0,False,339.1000061035156
2026-08-27T05:04:48Z,GOOG,2026-09-25,call,435.0,0.23,0.0,0.0,0.12500875,1.0,0,False,339.1000061035156
2026-08-27T05:04:48Z,GOOG,2026-09-25,call,440.0,0.22,0.0,0.0,0.2500075,1.0,0,False,339.1000061035156
2026-08-27T05:04:48Z,GOOG,2026-09-25,call,445.0,0.3,0.0,0.0,0.2500075,,0,False,339.1000061035156
2026-08-27T05:04:48Z,GOOG,2026-09-25,call,450.0,0.19,0.0,0.0,0.2500075,2.0,0,False,339.1000061035156
2026-08-27T05:04:48Z,GOOG,2026-09-25,call,455.0,0.13,0.0,0.0,0.2500075,4.0,0,False,339.1000061035156
2026-08-27T05:04:48Z,GOOG,2026-09-25,call,460.0,0.1,0.0,0.0,0.2500075,6.0,0,False,339.1000061035156
2026-08-27T05:04:48Z,GOOG,2026-09-25,call,465.0,0.1,0.0,0.0,0.2500075,8.0,0,False,339.1000061035156
2026-08-27T05:04:48Z,GOOG,2026-09-25,call,470.0,0.16,0.0,0.0,0.2500075,1.0,0,False,339.1000061035156
2026-08-27T05:04:48Z,GOOG,2026-09-25,call,480.0,0.17,0.0,0.0,0.2500075,3.0,0,False,339.1000061035156
2026-08-27T05:04:48Z,GOOG,2026-09-25,put,200.0,0.11,0.0,0.0,0.2500075,5.0,0,False,339.1000061035156
2026-08-27T05:04:48Z,GOOG,2026-09-25,put,205.0,0.09,0.0,0.0,0.2500075,4.0,0,False,339.1000061035156
2026-08-27T05:04:48Z,GOOG,2026-09-25,put,210.0,0.05,0.0,0.0,0.2500075,8.0,0,False,339.1000061035156
2026-08-27T05:04:48Z,GOOG,2026-09-25,put,215.0,0.07,0.0,0.0,0.2500075,7.0,0,False,339.1000061035156
2026-08-27T05:04:48Z,GOOG,2026-09-25,put,220.0,0.08,0.0,0.0,0.2500075,2.0,0,False,339.1000061035156
2026-08-27T05:04:48Z,GOOG,2026-09-25,put,225.0,0.08,0.0,0.0,0.2500075,2.0,0,False,339.1000061035156
2026-08-27T05:04:48Z,GOOG,2026-09-25,put,230.0,0.05,0.0,0.0,0.2500075,2.0,0,False,339.1000061035156
2026-08-27T05:04:48Z,GOOG,2026-09-25,put,235.0,0.09,0.0,0.0,0.2500075,6.0,0,False,339.1000061035156
2026-08-27T05:04:48Z,GOOG,2026-09-25,put,240.0,0.09,0.0,0.0,0.2500075,6.0,0,False,339.1000061035156
2026-08-27T05:04:48Z,GOOG,2026-09-25,put,245.0,0.09,0.0,0.0,0.2500075,14.0,0,False,339.1000061035156
2026-08-27T05:04:48Z,GOOG,2026-09-25,put,250.0,0.1,0.0,0.0,0.2500075,2.0,0,False,339.1000061035156
2026-08-27T05:04:48Z,GOOG,2026-09-25,put,255.0,0.11,0.0,0.0,0.2500075,2.0,0,False,339.1000061035156
2026-08-27T05:04:48Z,GOOG,2026-09-25,put,260.0,0.19,0.0,0.0,0.2500075,3.0,0,False,339.1000061035156
2026-08-27T05:04:48Z,GOOG,2026-09-25,put,265.0,0.19,0.0,0.0,0.12500875,2.0,0,False,339.1000061035156
2026-08-27T05:04:48Z,GOOG,2026-09-25,put,270.0,0.16,0.0,0.0,0.12500875,1.0,0,False,339.1000061035156
2026-08-27T05:04:48Z,GOOG,2026-09-25,put,275.0,0.24,0.0,0.0,0.12500875,2.0,0,False,339.1000061035156
2026-08-27T05:04:48Z,GOOG,2026-09-25,put,280.0,0.27,0.0,0.0,0.12500875,55.0,0,False,339.1000061035156
2026-08-27T05:04:48Z,GOOG,2026-09-25,put,285.0,0.38,0.0,0.0,0.12500875,18.0,0,False,339.1000061035156
2026-08-27T05:04:48Z,GOOG,2026-09-25,put,290.0,0.51,0.0,0.0,0.12500875,17.0,0,False,339.1000061035156
2026-08-27T05:04:48Z,GOOG,2026-09-25,put,295.0,0.72,0.0,0.0,0.12500875,4.0,0,False,339.1000061035156
2026-08-27T05:04:48Z,GOOG,2026-09-25,put,300.0,0.98,0.0,0.0,0.12500875,46.0,0,False,339.1000061035156
2026-08-27T05:04:48Z,GOOG,2026-09-25,put,305.0,1.37,0.0,0.0,0.062509375,70.0,0,False,339.1000061035156
2026-08-27T05:04:48Z,GOOG,2026-09-25,put,310.0,1.74,0.0,0.0,0.062509375,86.0,0,False,339.1000061035156
2026-08-27T05:04:48Z,GOOG,2026-09-25,put,315.0,2.58,0.0,0.0,0.062509375,102.0,0,False,339.1000061035156
2026-08-27T05:04:48Z,GOOG,2026-09-25,put,320.0,3.43,0.0,0.0,0.062509375,189.0,0,False,339.1000061035156
2026-08-27T05:04:48Z,GOOG,2026-09-25,put,325.0,4.75,0.0,0.0,0.0312596875,96.0,0,False,339.1000061035156
2026-08-27T05:04:48Z,GOOG,2026-09-25,put,330.0,6.45,0.0,0.0,0.015634843750000002,57.0,0,False,339.1000061035156
2026-08-27T05:04:48Z,GOOG,2026-09-25,put,335.0,8.52,0.0,0.0,0.007822421875,66.0,0,False,339.1000061035156
2026-08-27T05:04:48Z,GOOG,2026-09-25,put,340.0,11.0,0.0,0.0,1.0000000000000003e-05,60.0,0,True,339.1000061035156
2026-08-27T05:04:48Z,GOOG,2026-09-25,put,345.0,13.59,0.0,0.0,1.0000000000000003e-05,7.0,0,True,339.1000061035156
2026-08-27T05:04:48Z,GOOG,2026-09-25,put,350.0,16.41,0.0,0.0,1.0000000000000003e-05,16.0,0,True,339.1000061035156
2026-08-27T05:04:48Z,GOOG,2026-09-25,put,355.0,20.18,0.0,0.0,1.0000000000000003e-05,3.0,0,True,339.1000061035156
2026-08-27T05:04:48Z,GOOG,2026-09-25,put,360.0,24.27,0.0,0.0,1.0000000000000003e-05,1.0,0,True,339.1000061035156
2026-08-27T05:04:48Z,GOOG,2026-09-25,put,365.0,27.2,0.0,0.0,1.0000000000000003e-05,5.0,0,True,339.1000061035156
2026-08-27T05:04:48Z,GOOG,2026-09-25,put,370.0,27.8,0.0,0.0,1.0000000000000003e-05,3.0,0,True,339.1000061035156
2026-08-27T05:04:48Z,GOOG,2026-09-25,put,375.0,28.12,0.0,0.0,1.0000000000000003e-05,,0,True,339.1000061035156
2026-08-27T05:04:48Z,GOOG,2026-09-25,put,380.0,34.8,0.0,0.0,1.0000000000000003e-05,4.0,0,True,339.1000061035156
2026-08-27T05:04:48Z,GOOG,2026-09-25,put,385.0,35.24,0.0,0.0,1.0000000000000003e-05,,0,True,339.1000061035156
2026-08-27T05:04:48Z,GOOG,2026-09-25,put,390.0,49.51,0.0,0.0,1.0000000000000003e-05,1.0,0,True,339.1000061035156
2026-08-27T05:04:48Z,GOOG,2026-09-25,put,395.0,44.0,0.0,0.0,1.0000000000000003e-05,,0,True,339.1000061035156
2026-08-27T05:04:48Z,GOOG,2026-09-25,put,400.0,59.17,0.0,0.0,1.0000000000000003e-05,1.0,0,True,339.1000061035156
2026-08-27T05:04:48Z,GOOG,2026-09-25,put,450.0,96.95,0.0,0.0,1.0000000000000003e-05,,0,True,339.1000061035156
2026-08-27T05:04:48Z,GOOG,2026-10-02,call,220.0,122.6,0.0,0.0,1.0000000000000003e-05,,0,True,339.1000061035156
2026-08-27T05:04:48Z,GOOG,2026-10-02,call,230.0,111.91,0.0,0.0,1.0000000000000003e-05,,0,True,339.1000061035156
2026-08-27T05:04:48Z,GOOG,2026-10-02,call,260.0,79.85,0.0,0.0,1.0000000000000003e-05,1.0,0,True,339.1000061035156
2026-08-27T05:04:48Z,GOOG,2026-10-02,call,270.0,71.35,0.0,0.0,1.0000000000000003e-05,,0,True,339.1000061035156
2026-08-27T05:04:48Z,GOOG,2026-10-02,call,275.0,65.11,0.0,0.0,1.0000000000000003e-05,5.0,0,True,339.1000061035156
2026-08-27T05:04:48Z,GOOG,2026-10-02,call,290.0,49.78,0.0,0.0,1.0000000000000003e-05,,0,True,339.1000061035156
2026-08-27T05:04:48Z,GOOG,2026-10-02,call,300.0,42.0,0.0,0.0,1.0000000000000003e-05,1.0,0,True,339.1000061035156
2026-08-27T05:04:48Z,GOOG,2026-10-02,call,305.0,38.04,0.0,0.0,1.0000000000000003e-05,1.0,0,True,339.1000061035156
2026-08-27T05:04:48Z,GOOG,2026-10-02,call,310.0,31.81,0.0,0.0,1.0000000000000003e-05,4.0,0,True,339.1000061035156
2026-08-27T05:04:48Z,GOOG,2026-10-02,call,315.0,27.2,0.0,0.0,1.0000000000000003e-05,1.0,0,True,339.1000061035156
2026-08-27T05:04:48Z,GOOG,2026-10-02,call,320.0,23.5,0.0,0.0,1.0000000000000003e-05,4.0,0,True,339.1000061035156
2026-08-27T05:04:48Z,GOOG,2026-10-02,call,325.0,20.83,0.0,0.0,1.0000000000000003e-05,2.0,0,True,339.1000061035156
2026-08-27T05:04:48Z,GOOG,2026-10-02,call,330.0,17.25,0.0,0.0,1.0000000000000003e-05,10.0,0,True,339.1000061035156
2026-08-27T05:04:48Z,GOOG,2026-10-02,call,335.0,14.7,0.0,0.0,1.0000000000000003e-05,13.0,0,True,339.1000061035156
2026-08-27T05:04:48Z,GOOG,2026-10-02,call,340.0,11.95,0.0,0.0,0.00196310546875,74.0,0,False,339.1000061035156
2026-08-27T05:04:48Z,GOOG,2026-10-02,call,345.0,10.15,0.0,0.0,0.015634843750000002,50.0,0,False,339.1000061035156
2026-08-27T05:04:48Z,GOOG,2026-10-02,call,350.0,7.98,0.0,0.0,0.0312596875,87.0,0,False,339.1000061035156
2026-08-27T05:04:48Z,GOOG,2026-10-02,call,355.0,6.31,0.0,0.0,0.0312596875,28.0,0,False,339.1000061035156
2026-08-27T05:04:48Z,GOOG,2026-10-02,call,360.0,5.25,0.0,0.0,0.0312596875,157.0,0,False,339.1000061035156
2026-08-27T05:04:48Z,GOOG,2026-10-02,call,365.0,4.07,0.0,0.0,0.062509375,58.0,0,False,339.1000061035156
2026-08-27T05:04:48Z,GOOG,2026-10-02,call,370.0,3.14,0.0,0.0,0.062509375,27.0,0,False,339.1000061035156
2026-08-27T05:04:48Z,GOOG,2026-10-02,call,375.0,2.35,0.0,0.0,0.062509375,16.0,0,False,339.1000061035156
2026-08-27T05:04:48Z,GOOG,2026-10-02,call,380.0,1.84,0.0,0.0,0.062509375,46.0,0,False,339.1000061035156
2026-08-27T05:04:48Z,GOOG,2026-10-02,call,385.0,1.49,0.0,0.0,0.062509375,25.0,0,False,339.1000061035156
2026-08-27T05:04:48Z,GOOG,2026-10-02,call,390.0,1.18,0.0,0.0,0.12500875,42.0,0,False,339.1000061035156
2026-08-27T05:04:48Z,GOOG,2026-10-02,call,395.0,1.0,0.0,0.0,0.12500875,21.0,0,False,339.1000061035156
2026-08-27T05:04:48Z,GOOG,2026-10-02,call,400.0,0.75,0.0,0.0,0.12500875,9.0,0,False,339.1000061035156
2026-08-27T05:04:48Z,GOOG,2026-10-02,call,405.0,0.5,0.0,0.0,0.12500875,11.0,0,False,339.1000061035156
2026-08-27T05:04:48Z,GOOG,2026-10-02,call,410.0,0.48,0.0,0.0,0.12500875,1.0,0,False,339.1000061035156
2026-08-27T05:04:48Z,GOOG,2026-10-02,call,415.0,0.55,0.0,0.0,0.12500875,11.0,0,False,339.1000061035156
2026-08-27T05:04:48Z,GOOG,2026-10-02,call,420.0,0.61,0.0,0.0,0.12500875,,0,False,339.1000061035156
2026-08-27T05:04:48Z,GOOG,2026-10-02,call,425.0,0.38,0.0,0.0,0.12500875,2.0,0,False,339.1000061035156
2026-08-27T05:04:48Z,GOOG,2026-10-02,call,440.0,0.25,0.0,0.0,0.12500875,7.0,0,False,339.1000061035156
2026-08-27T05:04:48Z,GOOG,2026-10-02,call,450.0,0.18,0.0,0.0,0.12500875,6.0,0,False,339.1000061035156
2026-08-27T05:04:48Z,GOOG,2026-10-02,call,480.0,0.2,0.0,0.0,0.2500075,1.0,0,False,339.1000061035156
2026-08-27T05:04:48Z,GOOG,2026-10-02,put,200.0,0.07,0.0,0.0,0.2500075,6.0,0,False,339.1000061035156
2026-08-27T05:04:48Z,GOOG,2026-10-02,put,205.0,0.05,0.0,0.0,0.2500075,2.0,0,False,339.1000061035156
2026-08-27T05:04:48Z,GOOG,2026-10-02,put,210.0,0.09,0.0,0.0,0.2500075,9.0,0,False,339.1000061035156
2026-08-27T05:04:48Z,GOOG,2026-10-02,put,215.0,0.09,0.0,0.0,0.2500075,2.0,0,False,339.1000061035156
2026-08-27T05:04:48Z,GOOG,2026-10-02,put,220.0,0.09,0.0,0.0,0.2500075,4.0,0,False,339.1000061035156
2026-08-27T05:04:48Z,GOOG,2026-10-02,put,225.0,0.1,0.0,0.0,0.2500075,2.0,0,False,339.1000061035156
2026-08-27T05:04:48Z,GOOG,2026-10-02,put,230.0,0.11,0.0,0.0,0.2500075,4.0,0,False,339.1000061035156
2026-08-27T05:04:48Z,GOOG,2026-10-02,put,235.0,0.1,0.0,0.0,0.2500075,4.0,0,False,339.1000061035156
2026-08-27T05:04:48Z,GOOG,2026-10-02,put,240.0,0.12,0.0,0.0,0.2500075,2.0,0,False,339.1000061035156
2026-08-27T05:04:48Z,GOOG,2026-10-02,put,245.0,0.11,0.0,0.0,0.2500075,2.0,0,False,339.1000061035156
2026-08-27T05:04:48Z,GOOG,2026-10-02,put,250.0,0.12,0.0,0.0,0.2500075,2.0,0,False,339.1000061035156
2026-08-27T05:04:48Z,GOOG,2026-10-02,put,255.0,0.13,0.0,0.0,0.2500075,6.0,0,False,339.1000061035156
2026-08-27T05:04:48Z,GOOG,2026-10-02,put,260.0,0.3,0.0,0.0,0.12500875,4.0,0,False,339.1000061035156
2026-08-27T05:04:48Z,GOOG,2026-10-02,put,265.0,0.27,0.0,0.0,0.12500875,1.0,0,False,339.1000061035156
2026-08-27T05:04:48Z,GOOG,2026-10-02,put,270.0,0.45,0.0,0.0,0.12500875,4.0,0,False,339.1000061035156
2026-08-27T05:04:48Z,GOOG,2026-10-02,put,275.0,0.35,0.0,0.0,0.12500875,3.0,0,False,339.1000061035156
2026-08-27T05:04:48Z,GOOG,2026-10-02,put,280.0,0.42,0.0,0.0,0.12500875,10.0,0,False,339.1000061035156
2026-08-27T05:04:48Z,GOOG,2026-10-02,put,285.0,0.58,0.0,0.0,0.12500875,12.0,0,False,339.1000061035156
2026-08-27T05:04:48Z,GOOG,2026-10-02,put,290.0,0.83,0.0,0.0,0.12500875,11.0,0,False,339.1000061035156
2026-08-27T05:04:48Z,GOOG,2026-10-02,put,295.0,1.05,0.0,0.0,0.12500875,14.0,0,False,339.1000061035156
2026-08-27T05:04:48Z,GOOG,2026-10-02,put,300.0,1.45,0.0,0.0,0.062509375,111.0,0,False,339.1000061035156
2026-08-27T05:04:48Z,GOOG,2026-10-02,put,305.0,1.85,0.0,0.0,0.062509375,38.0,0,False,339.1000061035156
2026-08-27T05:04:48Z,GOOG,2026-10-02,put,310.0,2.61,0.0,0.0,0.062509375,120.0,0,False,339.1000061035156
2026-08-27T05:04:48Z,GOOG,2026-10-02,put,315.0,3.26,0.0,0.0,0.062509375,82.0,0,False,339.1000061035156
2026-08-27T05:04:48Z,GOOG,2026-10-02,put,320.0,4.41,0.0,0.0,0.0312596875,111.0,0,False,339.1000061035156
2026-08-27T05:04:48Z,GOOG,2026-10-02,put,325.0,5.8,0.0,0.0,0.0312596875,50.0,0,False,339.1000061035156
2026-08-27T05:04:48Z,GOOG,2026-10-02,put,330.0,7.61,0.0,0.0,0.015634843750000002,13.0,0,False,339.1000061035156
2026-08-27T05:04:48Z,GOOG,2026-10-02,put,335.0,9.56,0.0,0.0,0.007822421875,18.0,0,False,339.1000061035156
2026-08-27T05:04:48Z,GOOG,2026-10-02,put,340.0,12.3,0.0,0.0,1.0000000000000003e-05,4.0,0,True,339.1000061035156
2026-08-27T05:04:48Z,GOOG,2026-10-02,put,345.0,14.66,0.0,0.0,1.0000000000000003e-05,11.0,0,True,339.1000061035156
2026-08-27T05:04:48Z,GOOG,2026-10-02,put,350.0,17.78,0.0,0.0,1.0000000000000003e-05,14.0,0,True,339.1000061035156
2026-08-27T05:04:48Z,GOOG,2026-10-02,put,355.0,18.63,0.0,0.0,1.0000000000000003e-05,2.0,0,True,339.1000061035156
2026-08-27T05:04:48Z,GOOG,2026-10-02,put,360.0,25.1,0.0,0.0,1.0000000000000003e-05,2.0,0,True,339.1000061035156
2026-08-27T05:04:48Z,GOOG,2026-10-02,put,365.0,24.06,0.0,0.0,1.0000000000000003e-05,1.0,0,True,339.1000061035156
2026-08-27T05:04:48Z,GOOG,2026-10-02,put,370.0,32.79,0.0,0.0,1.0000000000000003e-05,,0,True,339.1000061035156
2026-08-27T05:04:48Z,GOOG,2026-10-02,put,380.0,44.76,0.0,0.0,1.0000000000000003e-05,,0,True,339.1000061035156
2026-08-27T05:04:48Z,GOOG,2026-10-02,put,385.0,43.75,0.0,0.0,1.0000000000000003e-05,,0,True,339.1000061035156
2026-08-27T05:04:48Z,GOOG,2026-10-16,call,155.0,186.65,0.0,0.0,1.0000000000000003e-05,1.0,0,True,339.1000061035156
2026-08-27T05:04:48Z,GOOG,2026-10-16,call,160.0,180.68,0.0,0.0,1.0000000000000003e-05,1.0,0,True,339.1000061035156
2026-08-27T05:04:48Z,GOOG,2026-10-16,call,165.0,236.11,205.85,209.6,2.808047413482666,,1,True,339.1000061035156
2026-08-27T05:04:48Z,GOOG,2026-10-16,call,170.0,172.1,0.0,0.0,1.0000000000000003e-05,5.0,0,True,339.1000061035156
2026-08-27T05:04:48Z,GOOG,2026-10-16,call,175.0,189.2,195.35,199.2,2.617435097045899,4.0,242,True,339.1000061035156
2026-08-27T05:04:48Z,GOOG,2026-10-16,call,180.0,161.99,0.0,0.0,1.0000000000000003e-05,6.0,0,True,339.1000061035156
2026-08-27T05:04:48Z,GOOG,2026-10-16,call,185.0,157.42,0.0,0.0,1.0000000000000003e-05,1.0,0,True,339.1000061035156
2026-08-27T05:04:48Z,GOOG,2026-10-16,call,190.0,149.68,0.0,0.0,1.0000000000000003e-05,4.0,0,True,339.1000061035156
2026-08-27T05:04:48Z,GOOG,2026-10-16,call,195.0,162.75,149.15,152.35,1.2397498950195311,1.0,4,True,339.1000061035156
2026-08-27T05:04:48Z,GOOG,2026-10-16,call,200.0,140.88,0.0,0.0,1.0000000000000003e-05,1.0,0,True,339.1000061035156
2026-08-27T05:04:48Z,GOOG,2026-10-16,call,205.0,135.26,0.0,0.0,1.0000000000000003e-05,1.0,0,True,339.1000061035156
2026-08-27T05:04:48Z,GOOG,2026-10-16,call,210.0,132.56,0.0,0.0,1.0000000000000003e-05,10.0,0,True,339.1000061035156
2026-08-27T05:04:48Z,GOOG,2026-10-16,call,215.0,147.5,0.0,0.0,1.0000000000000003e-05,5.0,0,True,339.1000061035156
2026-08-27T05:04:48Z,GOOG,2026-10-16,call,220.0,124.7,0.0,0.0,1.0000000000000003e-05,2.0,0,True,339.1000061035156
2026-08-27T05:04:48Z,GOOG,2026-10-16,call,225.0,96.67,119.5,123.05,1.0058643457031249,2.0,112,True,339.1000061035156
2026-08-27T05:04:48Z,GOOG,2026-10-16,call,230.0,115.19,0.0,0.0,1.0000000000000003e-05,2.0,0,True,339.1000061035156
2026-08-27T05:04:48Z,GOOG,2026-10-16,call,235.0,104.89,0.0,0.0,1.0000000000000003e-05,2.0,0,True,339.1000061035156
2026-08-27T05:04:48Z,GOOG,2026-10-16,call,240.0,105.02,0.0,0.0,1.0000000000000003e-05,1.0,0,True,339.1000061035156
2026-08-27T05:04:48Z,GOOG,2026-10-16,call,245.0,94.65,0.0,0.0,1.0000000000000003e-05,19.0,0,True,339.1000061035156
2026-08-27T05:04:48Z,GOOG,2026-10-16,call,250.0,93.45,0.0,0.0,1.0000000000000003e-05,1.0,0,True,339.1000061035156
2026-08-27T05:04:48Z,GOOG,2026-10-16,call,255.0,85.02,0.0,0.0,1.0000000000000003e-05,1.0,0,True,339.1000061035156
2026-08-27T05:04:48Z,GOOG,2026-10-16,call,260.0,85.33,0.0,0.0,1.0000000000000003e-05,1.0,0,True,339.1000061035156
2026-08-27T05:04:48Z,GOOG,2026-10-16,call,265.0,79.95,0.0,0.0,1.0000000000000003e-05,1.0,0,True,339.1000061035156
2026-08-27T05:04:48Z,GOOG,2026-10-16,call,270.0,70.0,0.0,0.0,1.0000000000000003e-05,1.0,0,True,339.1000061035156
2026-08-27T05:04:48Z,GOOG,2026-10-16,call,275.0,75.05,0.0,0.0,1.0000000000000003e-05,1.0,0,True,339.1000061035156
2026-08-27T05:04:48Z,GOOG,2026-10-16,call,280.0,61.15,0.0,0.0,1.0000000000000003e-05,3.0,0,True,339.1000061035156
2026-08-27T05:04:48Z,GOOG,2026-10-16,call,285.0,64.2,0.0,0.0,1.0000000000000003e-05,2.0,0,True,339.1000061035156
2026-08-27T05:04:48Z,GOOG,2026-10-16,call,290.0,51.85,0.0,0.0,1.0000000000000003e-05,1.0,0,True,339.1000061035156
2026-08-27T05:04:48Z,GOOG,2026-10-16,call,295.0,46.8,0.0,0.0,1.0000000000000003e-05,5.0,0,True,339.1000061035156
2026-08-27T05:04:48Z,GOOG,2026-10-16,call,300.0,43.5,0.0,0.0,1.0000000000000003e-05,34.0,0,True,339.1000061035156
2026-08-27T05:04:48Z,GOOG,2026-10-16,call,305.0,42.6,0.0,0.0,1.0000000000000003e-05,1.0,0,True,339.1000061035156
2026-08-27T05:04:48Z,GOOG,2026-10-16,call,310.0,35.15,0.0,0.0,1.0000000000000003e-05,5.0,0,True,339.1000061035156
2026-08-27T05:04:48Z,GOOG,2026-10-16,call,315.0,30.4,0.0,0.0,1.0000000000000003e-05,2.0,0,True,339.1000061035156
2026-08-27T05:04:48Z,GOOG,2026-10-16,call,320.0,27.0,0.0,0.0,1.0000000000000003e-05,30.0,0,True,339.1000061035156
2026-08-27T05:04:48Z,GOOG,2026-10-16,call,325.0,23.46,0.0,0.0,1.0000000000000003e-05,4.0,0,True,339.1000061035156
2026-08-27T05:04:48Z,GOOG,2026-10-16,call,330.0,20.66,0.0,0.0,1.0000000000000003e-05,53.0,0,True,339.1000061035156
2026-08-27T05:04:48Z,GOOG,2026-10-16,call,335.0,17.43,0.0,0.0,1.0000000000000003e-05,37.0,0,True,339.1000061035156
2026-08-27T05:04:48Z,GOOG,2026-10-16,call,340.0,15.0,0.0,0.0,0.00196310546875,2832.0,0,False,339.1000061035156
2026-08-27T05:04:48Z,GOOG,2026-10-16,call,345.0,12.94,0.0,0.0,0.015634843750000002,4960.0,0,False,339.1000061035156
2026-08-27T05:04:48Z,GOOG,2026-10-16,call,350.0,10.68,0.0,0.0,0.015634843750000002,428.0,0,False,339.1000061035156
2026-08-27T05:04:48Z,GOOG,2026-10-16,call,355.0,9.0,0.0,0.0,0.0312596875,69.0,0,False,339.1000061035156
2026-08-27T05:04:48Z,GOOG,2026-10-16,call,360.0,7.4,0.0,0.0,0.0312596875,449.0,0,False,339.1000061035156
2026-08-27T05:04:48Z,GOOG,2026-10-16,call,365.0,6.1,0.0,0.0,0.0312596875,206.0,0,False,339.1000061035156
2026-08-27T05:04:48Z,GOOG,2026-10-16,call,370.0,5.05,0.0,0.0,0.062509375,151.0,0,False,339.1000061035156
2026-08-27T05:04:48Z,GOOG,2026-10-16,call,375.0,4.15,0.0,0.0,0.062509375,3960.0,0,False,339.1000061035156
2026-08-27T05:04:48Z,GOOG,2026-10-16,call,380.0,3.4,0.0,0.0,0.062509375,297.0,0,False,339.1000061035156
2026-08-27T05:04:48Z,GOOG,2026-10-16,call,385.0,2.76,0.0,0.0,0.062509375,68.0,0,False,339.1000061035156
2026-08-27T05:04:48Z,GOOG,2026-10-16,call,390.0,2.31,0.0,0.0,0.062509375,498.0,0,False,339.1000061035156
2026-08-27T05:04:48Z,GOOG,2026-10-16,call,395.0,1.85,0.0,0.0,0.062509375,158.0,0,False,339.1000061035156
2026-08-27T05:04:48Z,GOOG,2026-10-16,call,400.0,1.58,0.0,0.0,0.12500875,660.0,0,False,339.1000061035156
2026-08-27T05:04:48Z,GOOG,2026-10-16,call,405.0,1.4,0.0,0.0,0.12500875,2115.0,0,False,339.1000061035156
2026-08-27T05:04:48Z,GOOG,2026-10-16,call,410.0,1.13,0.0,0.0,0.12500875,99.0,0,False,339.1000061035156
2026-08-27T05:04:48Z,GOOG,2026-10-16,call,415.0,0.93,0.0,0.0,0.12500875,29.0,0,False,339.1000061035156
2026-08-27T05:04:48Z,GOOG,2026-10-16,call,420.0,0.74,0.0,0.0,0.12500875,4.0,0,False,339.1000061035156
2026-08-27T05:04:48Z,GOOG,2026-10-16,call,425.0,0.65,0.0,0.0,0.12500875,15.0,0,False,339.1000061035156
2026-08-27T05:04:48Z,GOOG,2026-10-16,call,430.0,0.55,0.0,0.0,0.12500875,4.0,0,False,339.1000061035156
2026-08-27T05:04:48Z,GOOG,2026-10-16,call,435.0,0.56,0.0,0.0,0.12500875,11.0,0,False,339.1000061035156
2026-08-27T05:04:48Z,GOOG,2026-10-16,call,440.0,0.49,0.0,0.0,0.12500875,1.0,0,False,339.1000061035156
2026-08-27T05:04:48Z,GOOG,2026-10-16,call,445.0,0.38,0.0,0.0,0.12500875,7.0,0,False,339.1000061035156
2026-08-27T05:04:48Z,GOOG,2026-10-16,call,450.0,0.36,0.0,0.0,0.12500875,25.0,0,False,339.1000061035156
2026-08-27T05:04:48Z,GOOG,2026-10-16,call,460.0,0.26,0.0,0.0,0.12500875,43.0,0,False,339.1000061035156
2026-08-27T05:04:48Z,GOOG,2026-10-16,call,470.0,0.12,0.0,0.0,0.12500875,5.0,0,False,339.1000061035156
2026-08-27T05:04:48Z,GOOG,2026-10-16,call,480.0,0.21,0.0,0.0,0.2500075,3.0,0,False,339.1000061035156
2026-08-27T05:04:48Z,GOOG,2026-10-16,call,490.0,0.17,0.0,0.0,0.2500075,2.0,0,False,339.1000061035156
2026-08-27T05:04:48Z,GOOG,2026-10-16,call,500.0,0.16,0.0,0.0,0.2500075,3.0,0,False,339.1000061035156
2026-08-27T05:04:48Z,GOOG,2026-10-16,call,520.0,0.15,0.0,0.0,0.2500075,2.0,0,False,339.1000061035156
2026-08-27T05:04:48Z,GOOG,2026-10-16,call,540.0,0.07,0.0,0.0,0.2500075,6.0,0,False,339.1000061035156
2026-08-27T05:04:48Z,GOOG,2026-10-16,call,560.0,0.14,0.0,0.0,0.2500075,2.0,0,False,339.1000061035156
2026-08-27T05:04:48Z,GOOG,2026-10-16,call,580.0,0.01,0.0,0.0,0.2500075,5.0,0,False,339.1000061035156
2026-08-27T05:04:48Z,GOOG,2026-10-16,put,155.0,0.03,0.0,0.0,0.500005,39.0,0,False,339.1000061035156
2026-08-27T05:04:48Z,GOOG,2026-10-16,put,160.0,0.03,0.0,0.0,0.500005,40.0,0,False,339.1000061035156
2026-08-27T05:04:48Z,GOOG,2026-10-16,put,165.0,0.06,0.0,0.0,0.500005,2.0,0,False,339.1000061035156
2026-08-27T05:04:48Z,GOOG,2026-10-16,put,170.0,0.05,0.0,0.0,0.2500075,1.0,0,False,339.1000061035156
2026-08-27T05:04:48Z,GOOG,2026-10-16,put,175.0,0.03,0.0,0.0,0.2500075,6.0,0,False,339.1000061035156
2026-08-27T05:04:48Z,GOOG,2026-10-16,put,180.0,0.05,0.0,0.0,0.2500075,2.0,0,False,339.1000061035156
2026-08-27T05:04:48Z,GOOG,2026-10-16,put,185.0,0.06,0.0,0.0,0.2500075,2.0,0,False,339.1000061035156
2026-08-27T05:04:48Z,GOOG,2026-10-16,put,190.0,0.07,0.0,0.0,0.2500075,2.0,0,False,339.1000061035156
2026-08-27T05:04:48Z,GOOG,2026-10-16,put,195.0,0.07,0.0,0.0,0.2500075,7.0,0,False,339.1000061035156
2026-08-27T05:04:48Z,GOOG,2026-10-16,put,200.0,0.06,0.0,0.0,0.2500075,8.0,0,False,339.1000061035156
2026-08-27T05:04:48Z,GOOG,2026-10-16,put,205.0,0.07,0.0,0.0,0.2500075,4.0,0,False,339.1000061035156
2026-08-27T05:04:48Z,GOOG,2026-10-16,put,210.0,0.08,0.0,0.0,0.2500075,4.0,0,False,339.1000061035156
2026-08-27T05:04:48Z,GOOG,2026-10-16,put,215.0,0.09,0.0,0.0,0.2500075,6.0,0,False,339.1000061035156
2026-08-27T05:04:48Z,GOOG,2026-10-16,put,220.0,0.14,0.0,0.0,0.2500075,2.0,0,False,339.1000061035156
2026-08-27T05:04:48Z,GOOG,2026-10-16,put,225.0,0.11,0.0,0.0,0.2500075,7.0,0,False,339.1000061035156
2026-08-27T05:04:48Z,GOOG,2026-10-16,put,230.0,0.17,0.0,0.0,0.2500075,1.0,0,False,339.1000061035156
2026-08-27T05:04:48Z,GOOG,2026-10-16,put,235.0,0.13,0.0,0.0,0.2500075,1.0,0,False,339.1000061035156
2026-08-27T05:04:48Z,GOOG,2026-10-16,put,240.0,0.21,0.0,0.0,0.2500075,1.0,0,False,339.1000061035156
2026-08-27T05:04:48Z,GOOG,2026-10-16,put,245.0,0.22,0.0,0.0,0.12500875,2.0,0,False,339.1000061035156
2026-08-27T05:04:48Z,GOOG,2026-10-16,put,250.0,0.26,0.0,0.0,0.12500875,501.0,0,False,339.1000061035156
2026-08-27T05:04:48Z,GOOG,2026-10-16,put,255.0,0.28,0.0,0.0,0.12500875,37.0,0,False,339.1000061035156
2026-08-27T05:04:48Z,GOOG,2026-10-16,put,260.0,0.4,0.0,0.0,0.12500875,3.0,0,False,339.1000061035156
2026-08-27T05:04:48Z,GOOG,2026-10-16,put,265.0,0.52,0.0,0.0,0.12500875,6.0,0,False,339.1000061035156
2026-08-27T05:04:48Z,GOOG,2026-10-16,put,270.0,0.57,0.0,0.0,0.12500875,1.0,0,False,339.1000061035156
2026-08-27T05:04:48Z,GOOG,2026-10-16,put,275.0,0.71,0.0,0.0,0.12500875,24.0,0,False,339.1000061035156
2026-08-27T05:04:48Z,GOOG,2026-10-16,put,280.0,0.93,0.0,0.0,0.12500875,54.0,0,False,339.1000061035156
2026-08-27T05:04:48Z,GOOG,2026-10-16,put,285.0,1.17,0.0,0.0,0.12500875,15.0,0,False,339.1000061035156
2026-08-27T05:04:48Z,GOOG,2026-10-16,put,290.0,1.52,0.0,0.0,0.062509375,113.0,0,False,339.1000061035156
2026-08-27T05:04:48Z,GOOG,2026-10-16,put,295.0,1.99,0.0,0.0,0.062509375,2065.0,0,False,339.1000061035156
2026-08-27T05:04:48Z,GOOG,2026-10-16,put,300.0,2.45,0.0,0.0,0.062509375,118.0,0,False,339.1000061035156
2026-08-27T05:04:48Z,GOOG,2026-10-16,put,305.0,3.25,0.0,0.0,0.062509375,182.0,0,False,339.1000061035156
2026-08-27T05:04:48Z,GOOG,2026-10-16,put,310.0,4.1,0.0,0.0,0.062509375,224.0,0,False,339.1000061035156
2026-08-27T05:04:48Z,GOOG,2026-10-16,put,315.0,5.07,0.0,0.0,0.0312596875,75.0,0,False,339.1000061035156
2026-08-27T05:04:48Z,GOOG,2026-10-16,put,320.0,6.41,0.0,0.0,0.0312596875,234.0,0,False,339.1000061035156
2026-08-27T05:04:48Z,GOOG,2026-10-16,put,325.0,7.85,0.0,0.0,0.0312596875,97.0,0,False,339.1000061035156
2026-08-27T05:04:48Z,GOOG,2026-10-16,put,330.0,9.9,0.0,0.0,0.015634843750000002,156.0,0,False,339.1000061035156
2026-08-27T05:04:48Z,GOOG,2026-10-16,put,335.0,11.78,0.0,0.0,0.007822421875,96.0,0,False,339.1000061035156
2026-08-27T05:04:48Z,GOOG,2026-10-16,put,340.0,14.59,0.0,0.0,1.0000000000000003e-05,1551.0,0,True,339.1000061035156
2026-08-27T05:04:48Z,GOOG,2026-10-16,put,345.0,17.2,0.0,0.0,1.0000000000000003e-05,10.0,0,True,339.1000061035156
2026-08-27T05:04:48Z,GOOG,2026-10-16,put,350.0,20.05,0.0,0.0,1.0000000000000003e-05,21.0,0,True,339.1000061035156
2026-08-27T05:04:48Z,GOOG,2026-10-16,put,355.0,23.42,0.0,0.0,1.0000000000000003e-05,1.0,0,True,339.1000061035156
2026-08-27T05:04:48Z,GOOG,2026-10-16,put,360.0,26.95,0.0,0.0,1.0000000000000003e-05,6.0,0,True,339.1000061035156
2026-08-27T05:04:48Z,GOOG,2026-10-16,put,365.0,30.45,0.0,0.0,1.0000000000000003e-05,7.0,0,True,339.1000061035156
2026-08-27T05:04:48Z,GOOG,2026-10-16,put,370.0,33.93,0.0,0.0,1.0000000000000003e-05,6.0,0,True,339.1000061035156
2026-08-27T05:04:48Z,GOOG,2026-10-16,put,375.0,36.28,0.0,0.0,1.0000000000000003e-05,5.0,0,True,339.1000061035156
2026-08-27T05:04:48Z,GOOG,2026-10-16,put,380.0,39.76,0.0,0.0,1.0000000000000003e-05,6.0,0,True,339.1000061035156
2026-08-27T05:04:48Z,GOOG,2026-10-16,put,385.0,44.42,0.0,0.0,1.0000000000000003e-05,20.0,0,True,339.1000061035156
2026-08-27T05:04:48Z,GOOG,2026-10-16,put,390.0,53.15,0.0,0.0,1.0000000000000003e-05,60.0,0,True,339.1000061035156
2026-08-27T05:04:48Z,GOOG,2026-10-16,put,395.0,57.73,0.0,0.0,1.0000000000000003e-05,60.0,0,True,339.1000061035156
2026-08-27T05:04:48Z,GOOG,2026-10-16,put,400.0,61.9,0.0,0.0,1.0000000000000003e-05,2.0,0,True,339.1000061035156
2026-08-27T05:04:48Z,GOOG,2026-10-16,put,405.0,62.0,0.0,0.0,1.0000000000000003e-05,10.0,0,True,339.1000061035156
2026-08-27T05:04:48Z,GOOG,2026-10-16,put,410.0,71.18,0.0,0.0,1.0000000000000003e-05,4.0,0,True,339.1000061035156
2026-08-27T05:04:48Z,GOOG,2026-10-16,put,415.0,71.75,0.0,0.0,1.0000000000000003e-05,2.0,0,True,339.1000061035156
2026-08-27T05:04:48Z,GOOG,2026-10-16,put,420.0,80.53,0.0,0.0,1.0000000000000003e-05,8.0,0,True,339.1000061035156
2026-08-27T05:04:48Z,GOOG,2026-10-16,put,425.0,85.52,0.0,0.0,1.0000000000000003e-05,4.0,0,True,339.1000061035156
2026-08-27T05:04:48Z,GOOG,2026-10-16,put,430.0,87.6,83.4,87.1,1.0000000000000003e-05,20.0,0,True,339.1000061035156
2026-08-27T05:04:48Z,GOOG,2026-10-16,put,435.0,95.91,0.0,0.0,1.0000000000000003e-05,1.0,0,True,339.1000061035156
2026-08-27T05:04:48Z,GOOG,2026-10-16,put,440.0,97.48,0.0,0.0,1.0000000000000003e-05,1.0,0,True,339.1000061035156
2026-08-27T05:04:48Z,GOOG,2026-10-16,put,445.0,70.7,0.0,0.0,1.0000000000000003e-05,,0,True,339.1000061035156
2026-08-27T05:04:48Z,GOOG,2026-10-16,put,450.0,89.79,0.0,0.0,1.0000000000000003e-05,4.0,0,True,339.1000061035156
2026-08-27T05:04:48Z,GOOG,2026-10-16,put,460.0,81.95,99.8,102.4,1.0000000000000003e-05,,1,True,339.1000061035156
2026-08-27T05:04:48Z,GOOG,2026-10-16,put,470.0,88.31,100.75,102.5,1.0000000000000003e-05,,3,True,339.1000061035156
2026-08-27T05:04:48Z,GOOG,2026-10-16,put,520.0,136.45,157.2,160.55,1.0000000000000003e-05,,1,True,339.1000061035156
2026-08-27T05:04:48Z,GOOG,2026-10-16,put,540.0,184.75,193.4,197.05,1.0000000000000003e-05,,0,True,339.1000061035156
2026-08-27T05:04:48Z,GOOG,2026-10-16,put,560.0,205.0,213.35,216.3,1.0000000000000003e-05,,0,True,339.1000061035156
2026-08-27T05:04:48Z,GOOG,2026-11-20,call,200.0,144.03,0.0,0.0,1.0000000000000003e-05,9.0,0,True,339.1000061035156
2026-08-27T05:04:48Z,GOOG,2026-11-20,call,210.0,134.43,0.0,0.0,1.0000000000000003e-05,2.0,0,True,339.1000061035156
2026-08-27T05:04:48Z,GOOG,2026-11-20,call,220.0,125.0,0.0,0.0,1.0000000000000003e-05,1.0,0,True,339.1000061035156
2026-08-27T05:04:48Z,GOOG,2026-11-20,call,230.0,110.62,0.0,0.0,1.0000000000000003e-05,3.0,0,True,339.1000061035156
2026-08-27T05:04:48Z,GOOG,2026-11-20,call,240.0,101.9,0.0,0.0,1.0000000000000003e-05,3.0,0,True,339.1000061035156
2026-08-27T05:04:48Z,GOOG,2026-11-20,call,250.0,93.55,0.0,0.0,1.0000000000000003e-05,1.0,0,True,339.1000061035156
2026-08-27T05:04:48Z,GOOG,2026-11-20,call,260.0,90.75,0.0,0.0,1.0000000000000003e-05,1.0,0,True,339.1000061035156
2026-08-27T05:04:48Z,GOOG,2026-11-20,call,270.0,78.5,0.0,0.0,1.0000000000000003e-05,1.0,0,True,339.1000061035156
2026-08-27T05:04:48Z,GOOG,2026-11-20,call,280.0,65.22,0.0,0.0,1.0000000000000003e-05,1.0,0,True,339.1000061035156
2026-08-27T05:04:48Z,GOOG,2026-11-20,call,290.0,56.27,0.0,0.0,1.0000000000000003e-05,2.0,0,True,339.1000061035156
2026-08-27T05:04:48Z,GOOG,2026-11-20,call,295.0,52.16,0.0,0.0,1.0000000000000003e-05,12.0,0,True,339.1000061035156
2026-08-27T05:04:48Z,GOOG,2026-11-20,call,300.0,49.0,0.0,0.0,1.0000000000000003e-05,11.0,0,True,339.1000061035156
2026-08-27T05:04:48Z,GOOG,2026-11-20,call,305.0,45.48,0.0,0.0,1.0000000000000003e-05,11.0,0,True,339.1000061035156
2026-08-27T05:04:48Z,GOOG,2026-11-20,call,310.0,40.0,0.0,0.0,1.0000000000000003e-05,29.0,0,True,339.1000061035156
2026-08-27T05:04:48Z,GOOG,2026-11-20,call,315.0,36.66,0.0,0.0,1.0000000000000003e-05,1.0,0,True,339.1000061035156
2026-08-27T05:04:48Z,GOOG,2026-11-20,call,320.0,34.2,0.0,0.0,1.0000000000000003e-05,14.0,0,True,339.1000061035156
2026-08-27T05:04:48Z,GOOG,2026-11-20,call,325.0,31.3,0.0,0.0,1.0000000000000003e-05,7.0,0,True,339.1000061035156
2026-08-27T05:04:48Z,GOOG,2026-11-20,call,330.0,28.3,0.0,0.0,1.0000000000000003e-05,14.0,0,True,339.1000061035156
2026-08-27T05:04:48Z,GOOG,2026-11-20,call,335.0,24.97,0.0,0.0,1.0000000000000003e-05,31.0,0,True,339.1000061035156
2026-08-27T05:04:48Z,GOOG,2026-11-20,call,340.0,22.97,0.0,0.0,0.00196310546875,206.0,0,False,339.1000061035156
2026-08-27T05:04:48Z,GOOG,2026-11-20,call,345.0,21.15,0.0,0.0,0.007822421875,22.0,0,False,339.1000061035156
2026-08-27T05:04:48Z,GOOG,2026-11-20,call,350.0,18.32,0.0,0.0,0.015634843750000002,46.0,0,False,339.1000061035156
2026-08-27T05:04:48Z,GOOG,2026-11-20,call,355.0,16.39,0.0,0.0,0.015634843750000002,14.0,0,False,339.1000061035156
2026-08-27T05:04:48Z,GOOG,2026-11-20,call,360.0,14.66,0.0,0.0,0.0312596875,86.0,0,False,339.1000061035156
2026-08-27T05:04:48Z,GOOG,2026-11-20,call,365.0,13.0,0.0,0.0,0.0312596875,15.0,0,False,339.1000061035156
2026-08-27T05:04:48Z,GOOG,2026-11-20,call,370.0,11.4,0.0,0.0,0.0312596875,41.0,0,False,339.1000061035156
2026-08-27T05:04:48Z,GOOG,2026-11-20,call,375.0,10.1,0.0,0.0,0.0312596875,30.0,0,False,339.1000061035156
2026-08-27T05:04:48Z,GOOG,2026-11-20,call,380.0,8.7,0.0,0.0,0.062509375,366.0,0,False,339.1000061035156
2026-08-27T05:04:48Z,GOOG,2026-11-20,call,385.0,7.9,0.0,0.0,0.062509375,42.0,0,False,339.1000061035156
2026-08-27T05:04:48Z,GOOG,2026-11-20,call,390.0,7.0,0.0,0.0,0.062509375,37.0,0,False,339.1000061035156
2026-08-27T05:04:48Z,GOOG,2026-11-20,call,400.0,5.4,0.0,0.0,0.062509375,369.0,0,False,339.1000061035156
2026-08-27T05:04:48Z,GOOG,2026-11-20,call,410.0,4.1,0.0,0.0,0.062509375,24.0,0,False,339.1000061035156
2026-08-27T05:04:48Z,GOOG,2026-11-20,call,420.0,3.3,0.0,0.0,0.062509375,82.0,0,False,339.1000061035156
2026-08-27T05:04:48Z,GOOG,2026-11-20,call,430.0,2.56,0.0,0.0,0.12500875,22.0,0,False,339.1000061035156
2026-08-27T05:04:48Z,GOOG,2026-11-20,call,440.0,2.0,0.0,0.0,0.12500875,21.0,0,False,339.1000061035156
2026-08-27T05:04:48Z,GOOG,2026-11-20,call,450.0,1.5,0.0,0.0,0.12500875,40.0,0,False,339.1000061035156
2026-08-27T05:04:48Z,GOOG,2026-11-20,call,460.0,1.48,0.0,0.0,0.12500875,10.0,0,False,339.1000061035156
2026-08-27T05:04:48Z,GOOG,2026-11-20,call,470.0,1.17,0.0,0.0,0.12500875,8.0,0,False,339.1000061035156
2026-08-27T05:04:48Z,GOOG,2026-11-20,call,480.0,0.88,0.0,0.0,0.12500875,1.0,0,False,339.1000061035156
2026-08-27T05:04:48Z,GOOG,2026-11-20,call,490.0,0.46,0.0,0.0,0.12500875,1.0,0,False,339.1000061035156
2026-08-27T05:04:48Z,GOOG,2026-11-20,call,500.0,0.5,0.0,0.0,0.12500875,1.0,0,False,339.1000061035156
2026-08-27T05:04:48Z,GOOG,2026-11-20,call,510.0,0.35,0.0,0.0,0.12500875,2.0,0,False,339.1000061035156
2026-08-27T05:04:48Z,GOOG,2026-11-20,call,520.0,0.36,0.0,0.0,0.12500875,1.0,0,False,339.1000061035156
2026-08-27T05:04:48Z,GOOG,2026-11-20,call,530.0,0.41,0.0,0.0,0.12500875,1.0,0,False,339.1000061035156
2026-08-27T05:04:48Z,GOOG,2026-11-20,call,540.0,0.55,0.0,0.0,0.2500075,1.0,0,False,339.1000061035156
2026-08-27T05:04:48Z,GOOG,2026-11-20,call,550.0,0.22,0.0,0.0,0.2500075,1.0,0,False,339.1000061035156
2026-08-27T05:04:48Z,GOOG,2026-11-20,call,560.0,0.29,0.0,0.0,0.2500075,1.0,0,False,339.1000061035156
2026-08-27T05:04:48Z,GOOG,2026-11-20,call,570.0,0.15,0.0,0.0,0.2500075,2.0,0,False,339.1000061035156
2026-08-27T05:04:48Z,GOOG,2026-11-20,call,580.0,0.46,0.0,0.0,0.2500075,2.0,0,False,339.1000061035156
2026-08-27T05:04:48Z,GOOG,2026-11-20,call,590.0,0.14,0.0,0.0,0.2500075,12.0,0,False,339.1000061035156
2026-08-27T05:04:48Z,GOOG,2026-11-20,put,200.0,0.16,0.0,0.0,0.2500075,3.0,0,False,339.1000061035156
2026-08-27T05:04:48Z,GOOG,2026-11-20,put,210.0,0.25,0.0,0.0,0.2500075,2.0,0,False,339.1000061035156
2026-08-27T05:04:48Z,GOOG,2026-11-20,put,220.0,0.34,0.0,0.0,0.12500875,2.0,0,False,339.1000061035156
2026-08-27T05:04:48Z,GOOG,2026-11-20,put,230.0,0.45,0.0,0.0,0.12500875,24.0,0,False,339.1000061035156
2026-08-27T05:04:48Z,GOOG,2026-11-20,put,240.0,0.66,0.0,0.0,0.12500875,26.0,0,False,339.1000061035156
2026-08-27T05:04:48Z,GOOG,2026-11-20,put,250.0,0.98,0.0,0.0,0.12500875,2.0,0,False,339.1000061035156
2026-08-27T05:04:48Z,GOOG,2026-11-20,put,260.0,1.47,0.0,0.0,0.12500875,56.0,0,False,339.1000061035156
2026-08-27T05:04:48Z,GOOG,2026-11-20,put,270.0,2.17,0.0,0.0,0.12500875,15.0,0,False,339.1000061035156
2026-08-27T05:04:48Z,GOOG,2026-11-20,put,280.0,3.15,0.0,0.0,0.062509375,380.0,0,False,339.1000061035156
2026-08-27T05:04:48Z,GOOG,2026-11-20,put,290.0,4.47,0.0,0.0,0.062509375,256.0,0,False,339.1000061035156
2026-08-27T05:04:48Z,GOOG,2026-11-20,put,295.0,5.5,0.0,0.0,0.062509375,10.0,0,False,339.1000061035156
2026-08-27T05:04:48Z,GOOG,2026-11-20,put,300.0,6.3,0.0,0.0,0.062509375,145.0,0,False,339.1000061035156
2026-08-27T05:04:48Z,GOOG,2026-11-20,put,305.0,7.55,0.0,0.0,0.062509375,55.0,0,False,339.1000061035156
2026-08-27T05:04:48Z,GOOG,2026-11-20,put,310.0,8.9,0.0,0.0,0.0312596875,69.0,0,False,339.1000061035156
2026-08-27T05:04:48Z,GOOG,2026-11-20,put,315.0,10.36,0.0,0.0,0.0312596875,54.0,0,False,339.1000061035156
2026-08-27T05:04:48Z,GOOG,2026-11-20,put,320.0,11.85,0.0,0.0,0.0312596875,336.0,0,False,339.1000061035156
2026-08-27T05:04:48Z,GOOG,2026-11-20,put,325.0,14.0,0.0,0.0,0.015634843750000002,177.0,0,False,339.1000061035156
2026-08-27T05:04:48Z,GOOG,2026-11-20,put,330.0,15.86,0.0,0.0,0.015634843750000002,116.0,0,False,339.1000061035156
2026-08-27T05:04:48Z,GOOG,2026-11-20,put,335.0,18.44,0.0,0.0,0.007822421875,45.0,0,False,339.1000061035156
2026-08-27T05:04:48Z,GOOG,2026-11-20,put,340.0,20.85,0.0,0.0,1.0000000000000003e-05,22.0,0,True,339.1000061035156
2026-08-27T05:04:48Z,GOOG,2026-11-20,put,345.0,23.5,0.0,0.0,1.0000000000000003e-05,5.0,0,True,339.1000061035156
2026-08-27T05:04:48Z,GOOG,2026-11-20,put,350.0,26.05,0.0,0.0,1.0000000000000003e-05,105.0,0,True,339.1000061035156
2026-08-27T05:04:48Z,GOOG,2026-11-20,put,355.0,26.51,0.0,0.0,1.0000000000000003e-05,6.0,0,True,339.1000061035156
2026-08-27T05:04:48Z,GOOG,2026-11-20,put,360.0,32.46,0.0,0.0,1.0000000000000003e-05,4.0,0,True,339.1000061035156
2026-08-27T05:04:48Z,GOOG,2026-11-20,put,370.0,39.5,0.0,0.0,1.0000000000000003e-05,6.0,0,True,339.1000061035156
2026-08-27T05:04:48Z,GOOG,2026-11-20,put,375.0,41.37,0.0,0.0,1.0000000000000003e-05,3.0,0,True,339.1000061035156
2026-08-27T05:04:48Z,GOOG,2026-11-20,put,380.0,47.79,0.0,0.0,1.0000000000000003e-05,14.0,0,True,339.1000061035156
2026-08-27T05:04:48Z,GOOG,2026-11-20,put,385.0,50.78,0.0,0.0,1.0000000000000003e-05,7.0,0,True,339.1000061035156
2026-08-27T05:04:48Z,GOOG,2026-11-20,put,390.0,50.39,0.0,0.0,1.0000000000000003e-05,2.0,0,True,339.1000061035156
2026-08-27T05:04:48Z,GOOG,2026-11-20,put,400.0,63.55,0.0,0.0,1.0000000000000003e-05,97.0,0,True,339.1000061035156
2026-08-27T05:04:48Z,GOOG,2026-11-20,put,410.0,70.65,0.0,0.0,1.0000000000000003e-05,12.0,0,True,339.1000061035156
2026-08-27T05:04:48Z,GOOG,2026-11-20,put,420.0,78.95,0.0,0.0,1.0000000000000003e-05,2.0,0,True,339.1000061035156
2026-08-27T05:04:48Z,GOOG,2026-11-20,put,430.0,87.85,0.0,0.0,1.0000000000000003e-05,4.0,0,True,339.1000061035156
2026-08-27T05:04:48Z,GOOG,2026-11-20,put,440.0,94.91,0.0,0.0,1.0000000000000003e-05,1.0,0,True,339.1000061035156
2026-08-27T05:04:48Z,GOOG,2026-11-20,put,450.0,107.79,0.0,0.0,1.0000000000000003e-05,2.0,0,True,339.1000061035156
2026-08-27T05:04:48Z,GOOG,2026-11-20,put,540.0,189.8,193.2,197.0,1.0000000000000003e-05,,0,True,339.1000061035156
2026-08-27T05:04:48Z,GOOG,2026-12-18,call,75.0,263.45,0.0,0.0,1.0000000000000003e-05,50.0,0,True,339.1000061035156
2026-08-27T05:04:48Z,GOOG,2026-12-18,call,80.0,292.23,264.15,267.65,1.9356692669677735,3.0,139,True,339.1000061035156
2026-08-27T05:04:48Z,GOOG,2026-12-18,call,85.0,279.32,0.0,0.0,1.0000000000000003e-05,1.0,0,True,339.1000061035156
2026-08-27T05:04:48Z,GOOG,2026-12-18,call,90.0,254.0,0.0,0.0,1.0000000000000003e-05,1.0,0,True,339.1000061035156
2026-08-27T05:04:48Z,GOOG,2026-12-18,call,95.0,235.0,0.0,0.0,1.0000000000000003e-05,1.0,0,True,339.1000061035156
2026-08-27T05:04:48Z,GOOG,2026-12-18,call,100.0,242.88,0.0,0.0,1.0000000000000003e-05,1.0,0,True,339.1000061035156
2026-08-27T05:04:48Z,GOOG,2026-12-18,call,105.0,250.77,239.55,243.0,1.610475580444336,2.0,52,True,339.1000061035156
2026-08-27T05:04:48Z,GOOG,2026-12-18,call,110.0,240.5,0.0,0.0,1.0000000000000003e-05,1.0,0,True,339.1000061035156
2026-08-27T05:04:48Z,GOOG,2026-12-18,call,115.0,240.21,0.0,0.0,1.0000000000000003e-05,1.0,0,True,339.1000061035156
2026-08-27T05:04:48Z,GOOG,2026-12-18,call,120.0,223.07,0.0,0.0,1.0000000000000003e-05,1.0,0,True,339.1000061035156
2026-08-27T05:04:48Z,GOOG,2026-12-18,call,125.0,216.95,0.0,0.0,1.0000000000000003e-05,1.0,0,True,339.1000061035156
2026-08-27T05:04:48Z,GOOG,2026-12-18,call,130.0,213.16,0.0,0.0,1.0000000000000003e-05,1.0,0,True,339.1000061035156
2026-08-27T05:04:48Z,GOOG,2026-12-18,call,135.0,209.63,0.0,0.0,1.0000000000000003e-05,1.0,0,True,339.1000061035156
2026-08-27T05:04:48Z,GOOG,2026-12-18,call,140.0,203.92,0.0,0.0,1.0000000000000003e-05,1.0,0,True,339.1000061035156
2026-08-27T05:04:48Z,GOOG,2026-12-18,call,145.0,213.0,200.1,203.45,1.231937434082031,20.0,465,True,339.1000061035156
2026-08-27T05:04:48Z,GOOG,2026-12-18,call,150.0,192.7,0.0,0.0,1.0000000000000003e-05,17.0,0,True,339.1000061035156
2026-08-27T05:04:48Z,GOOG,2026-12-18,call,155.0,205.77,0.0,0.0,1.0000000000000003e-05,1.0,0,True,339.1000061035156
2026-08-27T05:04:48Z,GOOG,2026-12-18,call,160.0,179.05,0.0,0.0,1.0000000000000003e-05,3.0,0,True,339.1000061035156
2026-08-27T05:04:48Z,GOOG,2026-12-18,call,165.0,187.05,180.45,183.85,1.0869796627807617,10.0,272,True,339.1000061035156
2026-08-27T05:04:48Z,GOOG,2026-12-18,call,170.0,172.69,0.0,0.0,1.0000000000000003e-05,2.0,0,True,339.1000061035156
2026-08-27T05:04:48Z,GOOG,2026-12-18,call,175.0,168.82,0.0,0.0,1.0000000000000003e-05,1.0,0,True,339.1000061035156
2026-08-27T05:04:48Z,GOOG,2026-12-18,call,180.0,167.85,0.0,0.0,1.0000000000000003e-05,3.0,0,True,339.1000061035156
2026-08-27T05:04:48Z,GOOG,2026-12-18,call,185.0,160.6,0.0,0.0,1.0000000000000003e-05,1.0,0,True,339.1000061035156
2026-08-27T05:04:48Z,GOOG,2026-12-18,call,190.0,156.48,0.0,0.0,1.0000000000000003e-05,2.0,0,True,339.1000061035156
2026-08-27T05:04:48Z,GOOG,2026-12-18,call,195.0,149.25,0.0,0.0,1.0000000000000003e-05,7.0,0,True,339.1000061035156
2026-08-27T05:04:48Z,GOOG,2026-12-18,call,200.0,141.6,0.0,0.0,1.0000000000000003e-05,7.0,0,True,339.1000061035156
2026-08-27T05:04:48Z,GOOG,2026-12-18,call,205.0,172.75,0.0,0.0,1.0000000000000003e-05,1.0,0,True,339.1000061035156
2026-08-27T05:04:48Z,GOOG,2026-12-18,call,210.0,132.66,0.0,0.0,1.0000000000000003e-05,1.0,0,True,339.1000061035156
2026-08-27T05:04:48Z,GOOG,2026-12-18,call,215.0,129.44,0.0,0.0,1.0000000000000003e-05,4.0,0,True,339.1000061035156
2026-08-27T05:04:48Z,GOOG,2026-12-18,call,220.0,130.6,0.0,0.0,1.0000000000000003e-05,1.0,0,True,339.1000061035156
2026-08-27T05:04:48Z,GOOG,2026-12-18,call,225.0,119.67,0.0,0.0,1.0000000000000003e-05,1.0,0,True,339.1000061035156
2026-08-27T05:04:48Z,GOOG,2026-12-18,call,230.0,114.8,0.0,0.0,1.0000000000000003e-05,1.0,0,True,339.1000061035156
2026-08-27T05:04:48Z,GOOG,2026-12-18,call,235.0,103.63,0.0,0.0,1.0000000000000003e-05,400.0,0,True,339.1000061035156
2026-08-27T05:04:48Z,GOOG,2026-12-18,call,240.0,101.92,0.0,0.0,1.0000000000000003e-05,2.0,0,True,339.1000061035156
2026-08-27T05:04:48Z,GOOG,2026-12-18,call,245.0,102.9,0.0,0.0,1.0000000000000003e-05,10.0,0,True,339.1000061035156
2026-08-27T05:04:48Z,GOOG,2026-12-18,call,250.0,97.68,0.0,0.0,1.0000000000000003e-05,1.0,0,True,339.1000061035156
2026-08-27T05:04:48Z,GOOG,2026-12-18,call,255.0,93.51,0.0,0.0,1.0000000000000003e-05,1.0,0,True,339.1000061035156
2026-08-27T05:04:48Z,GOOG,2026-12-18,call,260.0,83.39,0.0,0.0,1.0000000000000003e-05,1.0,0,True,339.1000061035156
2026-08-27T05:04:48Z,GOOG,2026-12-18,call,265.0,85.0,0.0,0.0,1.0000000000000003e-05,1.0,0,True,339.1000061035156
2026-08-27T05:04:48Z,GOOG,2026-12-18,call,270.0,75.37,0.0,0.0,1.0000000000000003e-05,7.0,0,True,339.1000061035156
2026-08-27T05:04:48Z,GOOG,2026-12-18,call,275.0,70.51,0.0,0.0,1.0000000000000003e-05,1.0,0,True,339.1000061035156
2026-08-27T05:04:48Z,GOOG,2026-12-18,call,280.0,70.78,0.0,0.0,1.0000000000000003e-05,2.0,0,True,339.1000061035156
2026-08-27T05:04:48Z,GOOG,2026-12-18,call,285.0,62.9,0.0,0.0,1.0000000000000003e-05,5.0,0,True,339.1000061035156
2026-08-27T05:04:48Z,GOOG,2026-12-18,call,290.0,58.51,0.0,0.0,1.0000000000000003e-05,11.0,0,True,339.1000061035156
2026-08-27T05:04:48Z,GOOG,2026-12-18,call,295.0,58.69,0.0,0.0,1.0000000000000003e-05,76.0,0,True,339.1000061035156
2026-08-27T05:04:48Z,GOOG,2026-12-18,call,300.0,50.0,0.0,0.0,1.0000000000000003e-05,12.0,0,True,339.1000061035156
2026-08-27T05:04:48Z,GOOG,2026-12-18,call,305.0,47.91,0.0,0.0,1.0000000000000003e-05,1.0,0,True,339.1000061035156
2026-08-27T05:04:48Z,GOOG,2026-12-18,call,310.0,42.85,0.0,0.0,1.0000000000000003e-05,4.0,0,True,339.1000061035156
2026-08-27T05:04:48Z,GOOG,2026-12-18,call,315.0,40.65,0.0,0.0,1.0000000000000003e-05,5.0,0,True,339.1000061035156
2026-08-27T05:04:48Z,GOOG,2026-12-18,call,320.0,37.25,0.0,0.0,1.0000000000000003e-05,12.0,0,True,339.1000061035156
2026-08-27T05:04:48Z,GOOG,2026-12-18,call,325.0,33.0,0.0,0.0,1.0000000000000003e-05,9.0,0,True,339.1000061035156
2026-08-27T05:04:48Z,GOOG,2026-12-18,call,330.0,31.3,0.0,0.0,1.0000000000000003e-05,14.0,0,True,339.1000061035156
2026-08-27T05:04:48Z,GOOG,2026-12-18,call,335.0,29.0,0.0,0.0,1.0000000000000003e-05,20.0,0,True,339.1000061035156
2026-08-27T05:04:48Z,GOOG,2026-12-18,call,340.0,25.95,0.0,0.0,0.000986552734375,120.0,0,False,339.1000061035156
2026-08-27T05:04:48Z,GOOG,2026-12-18,call,345.0,23.65,0.0,0.0,0.007822421875,33.0,0,False,339.1000061035156
2026-08-27T05:04:48Z,GOOG,2026-12-18,call,350.0,21.4,0.0,0.0,0.015634843750000002,455.0,0,False,339.1000061035156
2026-08-27T05:04:48Z,GOOG,2026-12-18,call,355.0,19.35,0.0,0.0,0.015634843750000002,1014.0,0,False,339.1000061035156
2026-08-27T05:04:48Z,GOOG,2026-12-18,call,360.0,17.7,0.0,0.0,0.0312596875,279.0,0,False,339.1000061035156
2026-08-27T05:04:48Z,GOOG,2026-12-18,call,365.0,15.65,0.0,0.0,0.0312596875,42.0,0,False,339.1000061035156
2026-08-27T05:04:48Z,GOOG,2026-12-18,call,370.0,14.35,0.0,0.0,0.0312596875,52.0,0,False,339.1000061035156
2026-08-27T05:04:48Z,GOOG,2026-12-18,call,375.0,12.56,0.0,0.0,0.0312596875,26.0,0,False,339.1000061035156
2026-08-27T05:04:48Z,GOOG,2026-12-18,call,380.0,11.25,0.0,0.0,0.0312596875,263.0,0,False,339.1000061035156
2026-08-27T05:04:48Z,GOOG,2026-12-18,call,385.0,10.5,0.0,0.0,0.062509375,76.0,0,False,339.1000061035156
2026-08-27T05:04:48Z,GOOG,2026-12-18,call,390.0,9.3,0.0,0.0,0.062509375,140.0,0,False,339.1000061035156
2026-08-27T05:04:48Z,GOOG,2026-12-18,call,395.0,8.24,0.0,0.0,0.062509375,23.0,0,False,339.1000061035156
2026-08-27T05:04:48Z,GOOG,2026-12-18,call,400.0,7.25,0.0,0.0,0.062509375,825.0,0,False,339.1000061035156
2026-08-27T05:04:48Z,GOOG,2026-12-18,call,405.0,6.66,0.0,0.0,0.062509375,30.0,0,False,339.1000061035156
2026-08-27T05:04:48Z,GOOG,2026-12-18,call,410.0,5.9,0.0,0.0,0.062509375,13.0,0,False,339.1000061035156
2026-08-27T05:04:48Z,GOOG,2026-12-18,call,415.0,5.3,0.0,0.0,0.062509375,1.0,0,False,339.1000061035156
2026-08-27T05:04:48Z,GOOG,2026-12-18,call,420.0,4.8,0.0,0.0,0.062509375,10.0,0,False,339.1000061035156
2026-08-27T05:04:48Z,GOOG,2026-12-18,call,425.0,4.21,0.0,0.0,0.062509375,8.0,0,False,339.1000061035156
2026-08-27T05:04:48Z,GOOG,2026-12-18,call,430.0,3.8,0.0,0.0,0.062509375,14.0,0,False,339.1000061035156
2026-08-27T05:04:48Z,GOOG,2026-12-18,call,440.0,3.02,0.0,0.0,0.12500875,20.0,0,False,339.1000061035156
2026-08-27T05:04:48Z,GOOG,2026-12-18,call,450.0,2.54,0.0,0.0,0.12500875,65.0,0,False,339.1000061035156
2026-08-27T05:04:48Z,GOOG,2026-12-18,call,460.0,2.08,0.0,0.0,0.12500875,38.0,0,False,339.1000061035156
2026-08-27T05:04:48Z,GOOG,2026-12-18,call,470.0,1.64,0.0,0.0,0.12500875,30.0,0,False,339.1000061035156
2026-08-27T05:04:48Z,GOOG,2026-12-18,call,480.0,1.39,0.0,0.0,0.12500875,9.0,0,False,339.1000061035156
2026-08-27T05:04:48Z,GOOG,2026-12-18,call,490.0,1.1,0.0,0.0,0.12500875,4.0,0,False,339.1000061035156
2026-08-27T05:04:48Z,GOOG,2026-12-18,call,500.0,0.94,0.0,0.0,0.12500875,22.0,0,False,339.1000061035156
2026-08-27T05:04:48Z,GOOG,2026-12-18,call,520.0,0.71,0.0,0.0,0.12500875,1.0,0,False,339.1000061035156
2026-08-27T05:04:48Z,GOOG,2026-12-18,call,540.0,0.47,0.0,0.0,0.12500875,3.0,0,False,339.1000061035156
2026-08-27T05:04:48Z,GOOG,2026-12-18,call,560.0,0.42,0.0,0.0,0.12500875,2.0,0,False,339.1000061035156
2026-08-27T05:04:48Z,GOOG,2026-12-18,call,580.0,0.27,0.0,0.0,0.2500075,40.0,0,False,339.1000061035156
2026-08-27T05:04:48Z,GOOG,2026-12-18,put,75.0,0.01,0.0,0.0,0.500005,10.0,0,False,339.1000061035156
2026-08-27T05:04:48Z,GOOG,2026-12-18,put,80.0,0.07,0.0,0.31,1.013676806640625,6.0,225,False,339.1000061035156
2026-08-27T05:04:48Z,GOOG,2026-12-18,put,85.0,0.08,0.0,0.3,0.9687503125,2.0,337,False,339.1000061035156
2026-08-27T05:04:48Z,GOOG,2026-12-18,put,90.0,0.08,0.0,0.0,0.500005,4.0,0,False,339.1000061035156
2026-08-27T05:04:48Z,GOOG,2026-12-18,put,95.0,0.16,0.0,0.0,0.500005,2.0,0,False,339.1000061035156
2026-08-27T05:04:48Z,GOOG,2026-12-18,put,100.0,0.07,0.0,0.0,0.500005,2.0,0,False,339.1000061035156
2026-08-27T05:04:48Z,GOOG,2026-12-18,put,105.0,0.1,0.0,0.0,0.500005,2.0,0,False,339.1000061035156
2026-08-27T05:04:48Z,GOOG,2026-12-18,put,110.0,0.06,0.0,0.0,0.500005,1.0,0,False,339.1000061035156
2026-08-27T05:04:48Z,GOOG,2026-12-18,put,115.0,0.09,0.0,0.0,0.500005,2.0,0,False,339.1000061035156
2026-08-27T05:04:48Z,GOOG,2026-12-18,put,120.0,0.05,0.0,0.0,0.2500075,8.0,0,False,339.1000061035156
2026-08-27T05:04:48Z,GOOG,2026-12-18,put,125.0,0.06,0.0,0.0,0.2500075,2.0,0,False,339.1000061035156
2026-08-27T05:04:48Z,GOOG,2026-12-18,put,130.0,0.03,0.0,0.0,0.2500075,3.0,0,False,339.1000061035156
2026-08-27T05:04:48Z,GOOG,2026-12-18,put,135.0,0.07,0.0,0.0,0.2500075,5.0,0,False,339.1000061035156
2026-08-27T05:04:48Z,GOOG,2026-12-18,put,140.0,0.09,0.0,0.0,0.2500075,6.0,0,False,339.1000061035156
2026-08-27T05:04:48Z,GOOG,2026-12-18,put,145.0,0.09,0.0,0.0,0.2500075,6.0,0,False,339.1000061035156
2026-08-27T05:04:48Z,GOOG,2026-12-18,put,150.0,0.12,0.0,0.0,0.2500075,2.0,0,False,339.1000061035156
2026-08-27T05:04:48Z,GOOG,2026-12-18,put,155.0,0.11,0.0,0.0,0.2500075,4.0,0,False,339.1000061035156
2026-08-27T05:04:48Z,GOOG,2026-12-18,put,160.0,0.13,0.0,0.0,0.2500075,2.0,0,False,339.1000061035156
2026-08-27T05:04:48Z,GOOG,2026-12-18,put,165.0,0.12,0.0,0.0,0.2500075,2.0,0,False,339.1000061035156
2026-08-27T05:04:48Z,GOOG,2026-12-18,put,170.0,0.1,0.0,0.0,0.2500075,4.0,0,False,339.1000061035156
2026-08-27T05:04:48Z,GOOG,2026-12-18,put,175.0,0.13,0.0,0.0,0.2500075,2.0,0,False,339.1000061035156
2026-08-27T05:04:48Z,GOOG,2026-12-18,put,180.0,0.13,0.0,0.0,0.2500075,2.0,0,False,339.1000061035156
2026-08-27T05:04:48Z,GOOG,2026-12-18,put,185.0,0.22,0.0,0.0,0.2500075,15.0,0,False,339.1000061035156
2026-08-27T05:04:48Z,GOOG,2026-12-18,put,190.0,0.29,0.0,0.0,0.2500075,71.0,0,False,339.1000061035156
2026-08-27T05:04:48Z,GOOG,2026-12-18,put,195.0,0.3,0.0,0.0,0.2500075,60.0,0,False,339.1000061035156
2026-08-27T05:04:48Z,GOOG,2026-12-18,put,200.0,0.39,0.0,0.0,0.2500075,4.0,0,False,339.1000061035156
2026-08-27T05:04:48Z,GOOG,2026-12-18,put,205.0,0.32,0.0,0.0,0.12500875,7.0,0,False,339.1000061035156
2026-08-27T05:04:48Z,GOOG,2026-12-18,put,210.0,0.49,0.0,0.0,0.12500875,1.0,0,False,339.1000061035156
2026-08-27T05:04:48Z,GOOG,2026-12-18,put,215.0,0.51,0.0,0.0,0.12500875,20.0,0,False,339.1000061035156
2026-08-27T05:04:48Z,GOOG,2026-12-18,put,220.0,0.51,0.0,0.0,0.12500875,2.0,0,False,339.1000061035156
2026-08-27T05:04:48Z,GOOG,2026-12-18,put,225.0,0.66,0.0,0.0,0.12500875,2.0,0,False,339.1000061035156
2026-08-27T05:04:48Z,GOOG,2026-12-18,put,230.0,0.87,0.0,0.0,0.12500875,13.0,0,False,339.1000061035156
2026-08-27T05:04:48Z,GOOG,2026-12-18,put,235.0,0.98,0.0,0.0,0.12500875,1.0,0,False,339.1000061035156
2026-08-27T05:04:48Z,GOOG,2026-12-18,put,240.0,1.15,0.0,0.0,0.12500875,10.0,0,False,339.1000061035156
2026-08-27T05:04:48Z,GOOG,2026-12-18,put,245.0,1.18,0.0,0.0,0.12500875,170.0,0,False,339.1000061035156
2026-08-27T05:04:48Z,GOOG,2026-12-18,put,250.0,1.55,0.0,0.0,0.12500875,3.0,0,False,339.1000061035156
2026-08-27T05:04:48Z,GOOG,2026-12-18,put,255.0,1.85,0.0,0.0,0.12500875,18.0,0,False,339.1000061035156
2026-08-27T05:04:48Z,GOOG,2026-12-18,put,260.0,2.13,0.0,0.0,0.12500875,19.0,0,False,339.1000061035156
2026-08-27T05:04:48Z,GOOG,2026-12-18,put,265.0,2.61,0.0,0.0,0.062509375,18.0,0,False,339.1000061035156
2026-08-27T05:04:48Z,GOOG,2026-12-18,put,270.0,3.18,0.0,0.0,0.062509375,58.0,0,False,339.1000061035156
2026-08-27T05:04:48Z,GOOG,2026-12-18,put,275.0,3.65,0.0,0.0,0.062509375,27.0,0,False,339.1000061035156
2026-08-27T05:04:48Z,GOOG,2026-12-18,put,280.0,4.4,0.0,0.0,0.062509375,1113.0,0,False,339.1000061035156
2026-08-27T05:04:48Z,GOOG,2026-12-18,put,285.0,5.0,0.0,0.0,0.062509375,8.0,0,False,339.1000061035156
2026-08-27T05:04:48Z,GOOG,2026-12-18,put,290.0,6.25,0.0,0.0,0.062509375,2.0,0,False,339.1000061035156
2026-08-27T05:04:48Z,GOOG,2026-12-18,put,295.0,7.15,0.0,0.0,0.062509375,24.0,0,False,339.1000061035156
2026-08-27T05:04:48Z,GOOG,2026-12-18,put,300.0,8.19,0.0,0.0,0.062509375,80.0,0,False,339.1000061035156
2026-08-27T05:04:48Z,GOOG,2026-12-18,put,305.0,9.48,0.0,0.0,0.0312596875,2.0,0,False,339.1000061035156
2026-08-27T05:04:48Z,GOOG,2026-12-18,put,310.0,10.81,0.0,0.0,0.0312596875,40.0,0,False,339.1000061035156
2026-08-27T05:04:48Z,GOOG,2026-12-18,put,315.0,12.45,0.0,0.0,0.0312596875,8.0,0,False,339.1000061035156
2026-08-27T05:04:48Z,GOOG,2026-12-18,put,320.0,14.21,0.0,0.0,0.0312596875,85.0,0,False,339.1000061035156
2026-08-27T05:04:48Z,GOOG,2026-12-18,put,325.0,16.6,0.0,0.0,0.015634843750000002,38.0,0,False,339.1000061035156
2026-08-27T05:04:48Z,GOOG,2026-12-18,put,330.0,18.3,0.0,0.0,0.015634843750000002,20.0,0,False,339.1000061035156
2026-08-27T05:04:48Z,GOOG,2026-12-18,put,335.0,20.45,0.0,0.0,0.0039162109375,13.0,0,False,339.1000061035156
2026-08-27T05:04:48Z,GOOG,2026-12-18,put,340.0,23.05,0.0,0.0,1.0000000000000003e-05,48.0,0,True,339.1000061035156
2026-08-27T05:04:48Z,GOOG,2026-12-18,put,345.0,25.75,0.0,0.0,1.0000000000000003e-05,17.0,0,True,339.1000061035156
2026-08-27T05:04:48Z,GOOG,2026-12-18,put,350.0,28.7,0.0,0.0,1.0000000000000003e-05,5.0,0,True,339.1000061035156
2026-08-27T05:04:48Z,GOOG,2026-12-18,put,355.0,31.45,0.0,0.0,1.0000000000000003e-05,3.0,0,True,339.1000061035156
2026-08-27T05:04:48Z,GOOG,2026-12-18,put,360.0,32.65,0.0,0.0,1.0000000000000003e-05,2.0,0,True,339.1000061035156
2026-08-27T05:04:48Z,GOOG,2026-12-18,put,365.0,37.8,0.0,0.0,1.0000000000000003e-05,1.0,0,True,339.1000061035156
2026-08-27T05:04:48Z,GOOG,2026-12-18,put,370.0,38.0,0.0,0.0,1.0000000000000003e-05,1.0,0,True,339.1000061035156
2026-08-27T05:04:48Z,GOOG,2026-12-18,put,375.0,45.95,0.0,0.0,1.0000000000000003e-05,10.0,0,True,339.1000061035156
2026-08-27T05:04:48Z,GOOG,2026-12-18,put,380.0,45.85,0.0,0.0,1.0000000000000003e-05,1.0,0,True,339.1000061035156
2026-08-27T05:04:48Z,GOOG,2026-12-18,put,385.0,42.5,0.0,0.0,1.0000000000000003e-05,2.0,0,True,339.1000061035156
2026-08-27T05:04:48Z,GOOG,2026-12-18,put,390.0,56.0,0.0,0.0,1.0000000000000003e-05,1.0,0,True,339.1000061035156
2026-08-27T05:04:48Z,GOOG,2026-12-18,put,395.0,52.35,0.0,0.0,1.0000000000000003e-05,76.0,0,True,339.1000061035156
2026-08-27T05:04:48Z,GOOG,2026-12-18,put,400.0,66.0,0.0,0.0,1.0000000000000003e-05,3.0,0,True,339.1000061035156
2026-08-27T05:04:48Z,GOOG,2026-12-18,put,405.0,47.8,0.0,0.0,1.0000000000000003e-05,7.0,0,True,339.1000061035156
2026-08-27T05:04:48Z,GOOG,2026-12-18,put,410.0,63.35,0.0,0.0,1.0000000000000003e-05,3.0,0,True,339.1000061035156
2026-08-27T05:04:48Z,GOOG,2026-12-18,put,415.0,67.55,0.0,0.0,1.0000000000000003e-05,19.0,0,True,339.1000061035156
2026-08-27T05:04:48Z,GOOG,2026-12-18,put,420.0,79.85,0.0,0.0,1.0000000000000003e-05,20.0,0,True,339.1000061035156
2026-08-27T05:04:48Z,GOOG,2026-12-18,put,425.0,84.95,0.0,0.0,1.0000000000000003e-05,61.0,0,True,339.1000061035156
2026-08-27T05:04:48Z,GOOG,2026-12-18,put,430.0,87.45,0.0,0.0,1.0000000000000003e-05,2.0,0,True,339.1000061035156
2026-08-27T05:04:48Z,GOOG,2026-12-18,put,440.0,89.25,0.0,0.0,1.0000000000000003e-05,6.0,0,True,339.1000061035156
2026-08-27T05:04:48Z,GOOG,2026-12-18,put,450.0,106.85,0.0,0.0,1.0000000000000003e-05,1.0,0,True,339.1000061035156
2026-08-27T05:04:48Z,GOOG,2026-12-18,put,460.0,140.94,114.25,117.0,1.0000000000000003e-05,1.0,0,True,339.1000061035156
2026-08-27T05:04:48Z,GOOG,2026-12-18,put,470.0,129.15,0.0,0.0,1.0000000000000003e-05,1.0,0,True,339.1000061035156
2026-08-27T05:04:48Z,GOOG,2026-12-18,put,480.0,158.9,133.2,136.8,1.0000000000000003e-05,94.0,0,True,339.1000061035156
2026-08-27T05:04:48Z,GOOG,2026-12-18,put,490.0,189.25,0.0,0.0,1.0000000000000003e-05,1.0,0,True,339.1000061035156
2026-08-27T05:04:48Z,GOOG,2026-12-18,put,500.0,156.0,0.0,0.0,1.0000000000000003e-05,1.0,0,True,339.1000061035156
2026-08-27T05:04:48Z,GOOG,2026-12-18,put,560.0,169.25,188.15,190.95,1.0000000000000003e-05,,0,True,339.1000061035156
2026-08-27T05:04:48Z,GOOG,2027-01-15,call,75.0,282.6,0.0,0.0,1.0000000000000003e-05,5.0,0,True,339.1000061035156
2026-08-27T05:04:48Z,GOOG,2027-01-15,call,80.0,202.82,0.0,0.0,1.0000000000000003e-05,1.0,0,True,339.1000061035156
2026-08-27T05:04:48Z,GOOG,2027-01-15,call,85.0,273.67,259.6,263.15,1.694215396118164,1.0,115,True,339.1000061035156
2026-08-27T05:04:48Z,GOOG,2027-01-15,call,90.0,284.5,0.0,0.0,1.0000000000000003e-05,2.0,0,True,339.1000061035156
2026-08-27T05:04:48Z,GOOG,2027-01-15,call,95.0,250.8,0.0,0.0,1.0000000000000003e-05,1.0,0,True,339.1000061035156
2026-08-27T05:04:48Z,GOOG,2027-01-15,call,100.0,239.2,0.0,0.0,1.0000000000000003e-05,2.0,0,True,339.1000061035156
2026-08-27T05:04:48Z,GOOG,2027-01-15,call,105.0,241.0,0.0,0.0,1.0000000000000003e-05,1.0,0,True,339.1000061035156
2026-08-27T05:04:48Z,GOOG,2027-01-15,call,110.0,232.17,235.1,238.5,1.4177275207519533,1.0,156,True,339.1000061035156
2026-08-27T05:04:48Z,GOOG,2027-01-15,call,115.0,219.0,279.1,282.95,3.2061177073669427,3.0,87,True,339.1000061035156
2026-08-27T05:04:48Z,GOOG,2027-01-15,call,120.0,223.95,0.0,0.0,1.0000000000000003e-05,3.0,0,True,339.1000061035156
2026-08-27T05:04:48Z,GOOG,2027-01-15,call,125.0,233.35,220.35,223.95,1.2878453576660154,2.0,95,True,339.1000061035156
2026-08-27T05:04:48Z,GOOG,2027-01-15,call,130.0,221.35,0.0,0.0,1.0000000000000003e-05,1.0,0,True,339.1000061035156
2026-08-27T05:04:48Z,GOOG,2027-01-15,call,135.0,213.77,0.0,0.0,1.0000000000000003e-05,1.0,0,True,339.1000061035156
2026-08-27T05:04:48Z,GOOG,2027-01-15,call,140.0,215.0,0.0,0.0,1.0000000000000003e-05,1.0,0,True,339.1000061035156
2026-08-27T05:04:48Z,GOOG,2027-01-15,call,145.0,214.2,200.6,204.2,1.129154744873047,1.0,139,True,339.1000061035156
2026-08-27T05:04:48Z,GOOG,2027-01-15,call,150.0,197.7,0.0,0.0,1.0000000000000003e-05,2.0,0,True,339.1000061035156
2026-08-27T05:04:48Z,GOOG,2027-01-15,call,155.0,194.17,0.0,0.0,1.0000000000000003e-05,1.0,0,True,339.1000061035156
2026-08-27T05:04:48Z,GOOG,2027-01-15,call,160.0,186.55,0.0,0.0,1.0000000000000003e-05,2.0,0,True,339.1000061035156
2026-08-27T05:04:48Z,GOOG,2027-01-15,call,165.0,176.4,0.0,0.0,1.0000000000000003e-05,1.0,0,True,339.1000061035156
2026-08-27T05:04:48Z,GOOG,2027-01-15,call,170.0,176.5,0.0,0.0,1.0000000000000003e-05,1.0,0,True,339.1000061035156
2026-08-27T05:04:48Z,GOOG,2027-01-15,call,175.0,173.95,0.0,0.0,1.0000000000000003e-05,9.0,0,True,339.1000061035156
2026-08-27T05:04:48Z,GOOG,2027-01-15,call,180.0,160.9,0.0,0.0,1.0000000000000003e-05,1.0,0,True,339.1000061035156
2026-08-27T05:04:48Z,GOOG,2027-01-15,call,185.0,164.2,0.0,0.0,1.0000000000000003e-05,9.0,0,True,339.1000061035156
2026-08-27T05:04:48Z,GOOG,2027-01-15,call,190.0,151.81,0.0,0.0,1.0000000000000003e-05,5.0,0,True,339.1000061035156
2026-08-27T05:04:48Z,GOOG,2027-01-15,call,195.0,152.0,0.0,0.0,1.0000000000000003e-05,1.0,0,True,339.1000061035156
2026-08-27T05:04:48Z,GOOG,2027-01-15,call,200.0,142.82,0.0,0.0,1.0000000000000003e-05,1.0,0,True,339.1000061035156
2026-08-27T05:04:48Z,GOOG,2027-01-15,call,205.0,141.2,0.0,0.0,1.0000000000000003e-05,1.0,0,True,339.1000061035156
2026-08-27T05:04:48Z,GOOG,2027-01-15,call,210.0,134.64,0.0,0.0,1.0000000000000003e-05,2.0,0,True,339.1000061035156
2026-08-27T05:04:48Z,GOOG,2027-01-15,call,215.0,132.7,0.0,0.0,1.0000000000000003e-05,2.0,0,True,339.1000061035156
2026-08-27T05:04:48Z,GOOG,2027-01-15,call,220.0,125.0,0.0,0.0,1.0000000000000003e-05,1.0,0,True,339.1000061035156
2026-08-27T05:04:48Z,GOOG,2027-01-15,call,225.0,129.0,0.0,0.0,1.0000000000000003e-05,1.0,0,True,339.1000061035156
2026-08-27T05:04:48Z,GOOG,2027-01-15,call,230.0,121.32,0.0,0.0,1.0000000000000003e-05,1.0,0,True,339.1000061035156
2026-08-27T05:04:48Z,GOOG,2027-01-15,call,235.0,108.0,0.0,0.0,1.0000000000000003e-05,13.0,0,True,339.1000061035156
2026-08-27T05:04:48Z,GOOG,2027-01-15,call,240.0,104.44,0.0,0.0,1.0000000000000003e-05,5.0,0,True,339.1000061035156
2026-08-27T05:04:48Z,GOOG,2027-01-15,call,245.0,107.88,0.0,0.0,1.0000000000000003e-05,1.0,0,True,339.1000061035156
2026-08-27T05:04:48Z,GOOG,2027-01-15,call,250.0,94.55,0.0,0.0,1.0000000000000003e-05,7.0,0,True,339.1000061035156
2026-08-27T05:04:48Z,GOOG,2027-01-15,call,255.0,96.75,0.0,0.0,1.0000000000000003e-05,3.0,0,True,339.1000061035156
2026-08-27T05:04:48Z,GOOG,2027-01-15,call,260.0,84.75,0.0,0.0,1.0000000000000003e-05,7.0,0,True,339.1000061035156
2026-08-27T05:04:48Z,GOOG,2027-01-15,call,265.0,85.45,0.0,0.0,1.0000000000000003e-05,11.0,0,True,339.1000061035156
2026-08-27T05:04:48Z,GOOG,2027-01-15,call,270.0,82.3,0.0,0.0,1.0000000000000003e-05,7.0,0,True,339.1000061035156
2026-08-27T05:04:48Z,GOOG,2027-01-15,call,275.0,77.6,0.0,0.0,1.0000000000000003e-05,2.0,0,True,339.1000061035156
2026-08-27T05:04:48Z,GOOG,2027-01-15,call,280.0,71.46,0.0,0.0,1.0000000000000003e-05,1.0,0,True,339.1000061035156
2026-08-27T05:04:48Z,GOOG,2027-01-15,call,285.0,69.18,0.0,0.0,1.0000000000000003e-05,73.0,0,True,339.1000061035156
2026-08-27T05:04:48Z,GOOG,2027-01-15,call,290.0,60.66,0.0,0.0,1.0000000000000003e-05,1.0,0,True,339.1000061035156
2026-08-27T05:04:48Z,GOOG,2027-01-15,call,295.0,60.63,0.0,0.0,1.0000000000000003e-05,1.0,0,True,339.1000061035156
2026-08-27T05:04:48Z,GOOG,2027-01-15,call,300.0,53.35,0.0,0.0,1.0000000000000003e-05,12.0,0,True,339.1000061035156
2026-08-27T05:04:48Z,GOOG,2027-01-15,call,305.0,49.45,0.0,0.0,1.0000000000000003e-05,1.0,0,True,339.1000061035156
2026-08-27T05:04:48Z,GOOG,2027-01-15,call,310.0,46.5,0.0,0.0,1.0000000000000003e-05,22.0,0,True,339.1000061035156
2026-08-27T05:04:48Z,GOOG,2027-01-15,call,315.0,42.96,0.0,0.0,1.0000000000000003e-05,26.0,0,True,339.1000061035156
2026-08-27T05:04:48Z,GOOG,2027-01-15,call,320.0,40.02,0.0,0.0,1.0000000000000003e-05,8.0,0,True,339.1000061035156
2026-08-27T05:04:48Z,GOOG,2027-01-15,call,325.0,36.95,0.0,0.0,1.0000000000000003e-05,1.0,0,True,339.1000061035156
2026-08-27T05:04:48Z,GOOG,2027-01-15,call,330.0,33.86,0.0,0.0,1.0000000000000003e-05,7.0,0,True,339.1000061035156
2026-08-27T05:04:48Z,GOOG,2027-01-15,call,335.0,32.1,0.0,0.0,1.0000000000000003e-05,33.0,0,True,339.1000061035156
2026-08-27T05:04:48Z,GOOG,2027-01-15,call,340.0,29.21,0.0,0.0,0.000986552734375,232.0,0,False,339.1000061035156
2026-08-27T05:04:48Z,GOOG,2027-01-15,call,345.0,26.75,0.0,0.0,0.007822421875,593.0,0,False,339.1000061035156
2026-08-27T05:04:48Z,GOOG,2027-01-15,call,350.0,24.7,0.0,0.0,0.015634843750000002,216.0,0,False,339.1000061035156
2026-08-27T05:04:48Z,GOOG,2027-01-15,call,355.0,22.35,0.0,0.0,0.015634843750000002,14.0,0,False,339.1000061035156
2026-08-27T05:04:48Z,GOOG,2027-01-15,call,360.0,20.5,0.0,0.0,0.015634843750000002,135.0,0,False,339.1000061035156
2026-08-27T05:04:48Z,GOOG,2027-01-15,call,365.0,18.6,0.0,0.0,0.0312596875,22.0,0,False,339.1000061035156
2026-08-27T05:04:48Z,GOOG,2027-01-15,call,370.0,16.9,0.0,0.0,0.0312596875,433.0,0,False,339.1000061035156
2026-08-27T05:04:48Z,GOOG,2027-01-15,call,375.0,15.5,0.0,0.0,0.0312596875,43.0,0,False,339.1000061035156
2026-08-27T05:04:48Z,GOOG,2027-01-15,call,380.0,14.24,0.0,0.0,0.0312596875,311.0,0,False,339.1000061035156
2026-08-27T05:04:48Z,GOOG,2027-01-15,call,385.0,12.75,0.0,0.0,0.0312596875,66.0,0,False,339.1000061035156
2026-08-27T05:04:48Z,GOOG,2027-01-15,call,390.0,11.59,0.0,0.0,0.062509375,264.0,0,False,339.1000061035156
2026-08-27T05:04:48Z,GOOG,2027-01-15,call,395.0,10.25,0.0,0.0,0.062509375,12.0,0,False,339.1000061035156
2026-08-27T05:04:48Z,GOOG,2027-01-15,call,400.0,9.7,0.0,0.0,0.062509375,2503.0,0,False,339.1000061035156
2026-08-27T05:04:48Z,GOOG,2027-01-15,call,405.0,8.67,0.0,0.0,0.062509375,77.0,0,False,339.1000061035156
2026-08-27T05:04:48Z,GOOG,2027-01-15,call,410.0,8.0,0.0,0.0,0.062509375,42.0,0,False,339.1000061035156
2026-08-27T05:04:48Z,GOOG,2027-01-15,call,420.0,6.55,0.0,0.0,0.062509375,127.0,0,False,339.1000061035156
2026-08-27T05:04:48Z,GOOG,2027-01-15,call,430.0,5.42,0.0,0.0,0.062509375,21.0,0,False,339.1000061035156
2026-08-27T05:04:48Z,GOOG,2027-01-15,call,440.0,4.43,0.0,0.0,0.062509375,6.0,0,False,339.1000061035156
2026-08-27T05:04:48Z,GOOG,2027-01-15,call,450.0,3.65,0.0,0.0,0.062509375,484.0,0,False,339.1000061035156
2026-08-27T05:04:48Z,GOOG,2027-01-15,call,460.0,3.17,0.0,0.0,0.12500875,570.0,0,False,339.1000061035156
2026-08-27T05:04:48Z,GOOG,2027-01-15,call,470.0,2.63,0.0,0.0,0.12500875,179.0,0,False,339.1000061035156
2026-08-27T05:04:48Z,GOOG,2027-01-15,call,480.0,2.17,0.0,0.0,0.12500875,18.0,0,False,339.1000061035156
2026-08-27T05:04:48Z,GOOG,2027-01-15,call,490.0,1.82,0.0,0.0,0.12500875,1.0,0,False,339.1000061035156
2026-08-27T05:04:48Z,GOOG,2027-01-15,call,500.0,1.57,0.0,0.0,0.12500875,119.0,0,False,339.1000061035156
2026-08-27T05:04:48Z,GOOG,2027-01-15,call,520.0,1.04,0.0,0.0,0.12500875,60.0,0,False,339.1000061035156
2026-08-27T05:04:48Z,GOOG,2027-01-15,call,530.0,1.02,0.0,0.0,0.12500875,1.0,0,False,339.1000061035156
2026-08-27T05:04:48Z,GOOG,2027-01-15,call,540.0,0.83,0.0,0.0,0.12500875,17.0,0,False,339.1000061035156
2026-08-27T05:04:48Z,GOOG,2027-01-15,call,550.0,0.72,0.0,0.0,0.12500875,2.0,0,False,339.1000061035156
2026-08-27T05:04:48Z,GOOG,2027-01-15,call,560.0,0.68,0.0,0.0,0.12500875,10.0,0,False,339.1000061035156
2026-08-27T05:04:48Z,GOOG,2027-01-15,call,580.0,0.52,0.0,0.0,0.12500875,20.0,0,False,339.1000061035156
2026-08-27T05:04:48Z,GOOG,2027-01-15,put,75.0,0.01,0.0,0.0,0.500005,2.0,0,False,339.1000061035156
2026-08-27T05:04:48Z,GOOG,2027-01-15,put,80.0,0.16,0.0,0.0,0.500005,1.0,0,False,339.1000061035156
2026-08-27T05:04:48Z,GOOG,2027-01-15,put,85.0,0.17,0.0,0.0,0.500005,1.0,0,False,339.1000061035156
2026-08-27T05:04:48Z,GOOG,2027-01-15,put,90.0,0.17,0.0,0.0,0.500005,1.0,0,False,339.1000061035156
2026-08-27T05:04:48Z,GOOG,2027-01-15,put,95.0,0.09,0.0,0.0,0.500005,2.0,0,False,339.1000061035156
2026-08-27T05:04:48Z,GOOG,2027-01-15,put,100.0,0.03,0.0,0.0,0.500005,1.0,0,False,339.1000061035156
2026-08-27T05:04:48Z,GOOG,2027-01-15,put,105.0,0.07,0.0,0.0,0.2500075,2.0,0,False,339.1000061035156
2026-08-27T05:04:48Z,GOOG,2027-01-15,put,110.0,0.07,0.0,0.0,0.2500075,2.0,0,False,339.1000061035156
2026-08-27T05:04:48Z,GOOG,2027-01-15,put,115.0,0.09,0.0,0.0,0.2500075,2.0,0,False,339.1000061035156
2026-08-27T05:04:48Z,GOOG,2027-01-15,put,120.0,0.05,0.0,0.0,0.2500075,1.0,0,False,339.1000061035156
2026-08-27T05:04:48Z,GOOG,2027-01-15,put,125.0,0.1,0.0,0.0,0.2500075,2.0,0,False,339.1000061035156
2026-08-27T05:04:48Z,GOOG,2027-01-15,put,130.0,0.09,0.0,0.0,0.2500075,4.0,0,False,339.1000061035156
2026-08-27T05:04:48Z,GOOG,2027-01-15,put,135.0,0.12,0.0,0.0,0.2500075,9.0,0,False,339.1000061035156
2026-08-27T05:04:48Z,GOOG,2027-01-15,put,140.0,0.1,0.0,0.0,0.2500075,4.0,0,False,339.1000061035156
2026-08-27T05:04:48Z,GOOG,2027-01-15,put,145.0,0.09,0.0,0.0,0.2500075,18.0,0,False,339.1000061035156
2026-08-27T05:04:48Z,GOOG,2027-01-15,put,150.0,0.12,0.0,0.0,0.2500075,2.0,0,False,339.1000061035156
2026-08-27T05:04:48Z,GOOG,2027-01-15,put,155.0,0.01,0.0,0.0,0.2500075,429.0,0,False,339.1000061035156
2026-08-27T05:04:48Z,GOOG,2027-01-15,put,160.0,0.23,0.0,0.0,0.2500075,1.0,0,False,339.1000061035156
2026-08-27T05:04:48Z,GOOG,2027-01-15,put,165.0,0.26,0.0,0.0,0.2500075,1.0,0,False,339.1000061035156
2026-08-27T05:04:48Z,GOOG,2027-01-15,put,170.0,0.2,0.0,0.0,0.2500075,8.0,0,False,339.1000061035156
2026-08-27T05:04:48Z,GOOG,2027-01-15,put,175.0,0.21,0.0,0.0,0.2500075,2.0,0,False,339.1000061035156
2026-08-27T05:04:48Z,GOOG,2027-01-15,put,180.0,0.25,0.0,0.0,0.2500075,3.0,0,False,339.1000061035156
2026-08-27T05:04:48Z,GOOG,2027-01-15,put,185.0,0.31,0.0,0.0,0.2500075,1.0,0,False,339.1000061035156
2026-08-27T05:04:48Z,GOOG,2027-01-15,put,190.0,0.67,0.0,0.0,0.2500075,5.0,0,False,339.1000061035156
2026-08-27T05:04:48Z,GOOG,2027-01-15,put,195.0,0.52,0.0,0.0,0.12500875,20.0,0,False,339.1000061035156
2026-08-27T05:04:48Z,GOOG,2027-01-15,put,200.0,0.46,0.0,0.0,0.12500875,2.0,0,False,339.1000061035156
2026-08-27T05:04:48Z,GOOG,2027-01-15,put,205.0,0.49,0.0,0.0,0.12500875,10.0,0,False,339.1000061035156
2026-08-27T05:04:48Z,GOOG,2027-01-15,put,210.0,0.65,0.0,0.0,0.12500875,3.0,0,False,339.1000061035156
2026-08-27T05:04:48Z,GOOG,2027-01-15,put,215.0,0.72,0.0,0.0,0.12500875,2.0,0,False,339.1000061035156
2026-08-27T05:04:48Z,GOOG,2027-01-15,put,220.0,0.87,0.0,0.0,0.12500875,3.0,0,False,339.1000061035156
2026-08-27T05:04:48Z,GOOG,2027-01-15,put,225.0,0.94,0.0,0.0,0.12500875,1.0,0,False,339.1000061035156
2026-08-27T05:04:48Z,GOOG,2027-01-15,put,230.0,1.12,0.0,0.0,0.12500875,1.0,0,False,339.1000061035156
2026-08-27T05:04:48Z,GOOG,2027-01-15,put,235.0,1.3,0.0,0.0,0.12500875,20.0,0,False,339.1000061035156
2026-08-27T05:04:48Z,GOOG,2027-01-15,put,240.0,1.62,0.0,0.0,0.12500875,1.0,0,False,339.1000061035156
2026-08-27T05:04:48Z,GOOG,2027-01-15,put,245.0,1.8,0.0,0.0,0.12500875,32.0,0,False,339.1000061035156
2026-08-27T05:04:48Z,GOOG,2027-01-15,put,250.0,1.96,0.0,0.0,0.12500875,2.0,0,False,339.1000061035156
2026-08-27T05:04:48Z,GOOG,2027-01-15,put,255.0,2.51,0.0,0.0,0.12500875,49.0,0,False,339.1000061035156
2026-08-27T05:04:48Z,GOOG,2027-01-15,put,260.0,2.83,0.0,0.0,0.062509375,23.0,0,False,339.1000061035156
2026-08-27T05:04:48Z,GOOG,2027-01-15,put,265.0,3.54,0.0,0.0,0.062509375,1.0,0,False,339.1000061035156
2026-08-27T05:04:48Z,GOOG,2027-01-15,put,270.0,4.25,0.0,0.0,0.062509375,31.0,0,False,339.1000061035156
2026-08-27T05:04:48Z,GOOG,2027-01-15,put,275.0,4.81,0.0,0.0,0.062509375,21.0,0,False,339.1000061035156
2026-08-27T05:04:48Z,GOOG,2027-01-15,put,280.0,5.5,0.0,0.0,0.062509375,418.0,0,False,339.1000061035156
2026-08-27T05:04:48Z,GOOG,2027-01-15,put,285.0,6.4,0.0,0.0,0.062509375,5.0,0,False,339.1000061035156
2026-08-27T05:04:48Z,GOOG,2027-01-15,put,290.0,7.4,0.0,0.0,0.062509375,2.0,0,False,339.1000061035156
2026-08-27T05:04:48Z,GOOG,2027-01-15,put,295.0,8.55,0.0,0.0,0.062509375,2.0,0,False,339.1000061035156
2026-08-27T05:04:48Z,GOOG,2027-01-15,put,300.0,9.63,0.0,0.0,0.0312596875,51.0,0,False,339.1000061035156
2026-08-27T05:04:48Z,GOOG,2027-01-15,put,305.0,11.06,0.0,0.0,0.0312596875,5.0,0,False,339.1000061035156
2026-08-27T05:04:48Z,GOOG,2027-01-15,put,310.0,12.55,0.0,0.0,0.0312596875,7.0,0,False,339.1000061035156
2026-08-27T05:04:48Z,GOOG,2027-01-15,put,315.0,14.7,0.0,0.0,0.0312596875,12.0,0,False,339.1000061035156
2026-08-27T05:04:48Z,GOOG,2027-01-15,put,320.0,16.23,0.0,0.0,0.015634843750000002,49.0,0,False,339.1000061035156
2026-08-27T05:04:48Z,GOOG,2027-01-15,put,325.0,18.35,0.0,0.0,0.015634843750000002,77.0,0,False,339.1000061035156
2026-08-27T05:04:48Z,GOOG,2027-01-15,put,330.0,20.23,0.0,0.0,0.007822421875,25.0,0,False,339.1000061035156
2026-08-27T05:04:48Z,GOOG,2027-01-15,put,335.0,22.8,0.0,0.0,0.0039162109375,12.0,0,False,339.1000061035156
2026-08-27T05:04:48Z,GOOG,2027-01-15,put,340.0,24.96,0.0,0.0,1.0000000000000003e-05,15.0,0,True,339.1000061035156
2026-08-27T05:04:48Z,GOOG,2027-01-15,put,345.0,28.0,0.0,0.0,1.0000000000000003e-05,10.0,0,True,339.1000061035156
2026-08-27T05:04:48Z,GOOG,2027-01-15,put,350.0,30.45,0.0,0.0,1.0000000000000003e-05,5.0,0,True,339.1000061035156
2026-08-27T05:04:48Z,GOOG,2027-01-15,put,355.0,34.2,0.0,0.0,1.0000000000000003e-05,1.0,0,True,339.1000061035156
2026-08-27T05:04:48Z,GOOG,2027-01-15,put,360.0,37.3,0.0,0.0,1.0000000000000003e-05,12.0,0,True,339.1000061035156
2026-08-27T05:04:48Z,GOOG,2027-01-15,put,365.0,40.6,0.0,0.0,1.0000000000000003e-05,12.0,0,True,339.1000061035156
2026-08-27T05:04:48Z,GOOG,2027-01-15,put,370.0,44.05,0.0,0.0,1.0000000000000003e-05,39.0,0,True,339.1000061035156
2026-08-27T05:04:48Z,GOOG,2027-01-15,put,375.0,47.65,0.0,0.0,1.0000000000000003e-05,20.0,0,True,339.1000061035156
2026-08-27T05:04:48Z,GOOG,2027-01-15,put,380.0,50.36,0.0,0.0,1.0000000000000003e-05,15.0,0,True,339.1000061035156
2026-08-27T05:04:48Z,GOOG,2027-01-15,put,385.0,51.15,0.0,0.0,1.0000000000000003e-05,1.0,0,True,339.1000061035156
2026-08-27T05:04:48Z,GOOG,2027-01-15,put,390.0,55.25,0.0,0.0,1.0000000000000003e-05,1.0,0,True,339.1000061035156
2026-08-27T05:04:48Z,GOOG,2027-01-15,put,395.0,58.05,0.0,0.0,1.0000000000000003e-05,4.0,0,True,339.1000061035156
2026-08-27T05:04:48Z,GOOG,2027-01-15,put,400.0,62.4,0.0,0.0,1.0000000000000003e-05,56.0,0,True,339.1000061035156
2026-08-27T05:04:48Z,GOOG,2027-01-15,put,405.0,71.65,0.0,0.0,1.0000000000000003e-05,27.0,0,True,339.1000061035156
2026-08-27T05:04:48Z,GOOG,2027-01-15,put,410.0,72.95,0.0,0.0,1.0000000000000003e-05,56.0,0,True,339.1000061035156
2026-08-27T05:04:48Z,GOOG,2027-01-15,put,420.0,81.5,0.0,0.0,1.0000000000000003e-05,5.0,0,True,339.1000061035156
2026-08-27T05:04:48Z,GOOG,2027-01-15,put,430.0,89.15,0.0,0.0,1.0000000000000003e-05,1.0,0,True,339.1000061035156
2026-08-27T05:04:48Z,GOOG,2027-01-15,put,440.0,99.45,0.0,0.0,1.0000000000000003e-05,60.0,0,True,339.1000061035156
2026-08-27T05:04:48Z,GOOG,2027-01-15,put,450.0,107.4,0.0,0.0,1.0000000000000003e-05,1.0,0,True,339.1000061035156
2026-08-27T05:04:48Z,GOOG,2027-01-15,put,460.0,116.4,0.0,0.0,1.0000000000000003e-05,775.0,0,True,339.1000061035156
2026-08-27T05:04:48Z,GOOG,2027-01-15,put,470.0,115.7,0.0,0.0,1.0000000000000003e-05,1.0,0,True,339.1000061035156
2026-08-27T05:04:48Z,GOOG,2027-01-15,put,480.0,142.05,0.0,0.0,1.0000000000000003e-05,2450.0,0,True,339.1000061035156
2026-08-27T05:04:48Z,GOOG,2027-01-15,put,490.0,152.25,0.0,0.0,1.0000000000000003e-05,10.0,0,True,339.1000061035156
2026-08-27T05:04:48Z,GOOG,2027-01-15,put,500.0,158.0,0.0,0.0,1.0000000000000003e-05,5.0,0,True,339.1000061035156
2026-08-27T05:04:48Z,GOOG,2027-01-15,put,520.0,129.5,148.9,151.95,1.0000000000000003e-05,,1,True,339.1000061035156
2026-08-27T05:04:48Z,GOOG,2027-01-15,put,550.0,185.6,203.2,207.05,1.0000000000000003e-05,1.0,0,True,339.1000061035156
2026-08-28T05:52:38Z,MSFT,2026-08-28,call,270.0,224.89,0.0,0.0,1.0000000000000003e-05,1.0,0,True,505.05999755859375
2026-08-28T05:52:38Z,MSFT,2026-08-28,call,290.0,205.43,0.0,0.0,1.0000000000000003e-05,24.0,0,True,505.05999755859375
2026-08-28T05:52:38Z,MSFT,2026-08-28,call,300.0,203.14,0.0,0.0,1.0000000000000003e-05,2.0,0,True,505.05999755859375
2026-08-28T05:52:38Z,MSFT,2026-08-28,call,305.0,198.22,0.0,0.0,1.0000000000000003e-05,2.0,0,True,505.05999755859375
2026-08-28T05:52:38Z,MSFT,2026-08-28,call,310.0,193.02,0.0,0.0,1.0000000000000003e-05,5.0,0,True,505.05999755859375
2026-08-28T05:52:38Z,MSFT,2026-08-28,call,315.0,188.1,0.0,0.0,1.0000000000000003e-05,6.0,0,True,505.05999755859375
2026-08-28T05:52:38Z,MSFT,2026-08-28,call,320.0,183.2,0.0,0.0,1.0000000000000003e-05,6.0,0,True,505.05999755859375
2026-08-28T05:52:38Z,MSFT,2026-08-28,call,325.0,179.93,0.0,0.0,1.0000000000000003e-05,7.0,0,True,505.05999755859375
2026-08-28T05:52:38Z,MSFT,2026-08-28,call,330.0,174.15,0.0,0.0,1.0000000000000003e-05,8.0,0,True,505.05999755859375
2026-08-28T05:52:38Z,MSFT,2026-08-28,call,335.0,168.62,0.0,0.0,1.0000000000000003e-05,9.0,0,True,505.05999755859375
2026-08-28T05:52:38Z,MSFT,2026-08-28,call,340.0,163.7,0.0,0.0,1.0000000000000003e-05,3.0,0,True,505.05999755859375
2026-08-28T05:52:38Z,MSFT,2026-08-28,call,345.0,154.1,0.0,0.0,1.0000000000000003e-05,1.0,0,True,505.05999755859375
2026-08-28T05:52:38Z,MSFT,2026-08-28,call,350.0,149.18,0.0,0.0,1.0000000000000003e-05,1.0,0,True,505.05999755859375
2026-08-28T05:52:38Z,MSFT,2026-08-28,call,355.0,128.32,0.0,0.0,1.0000000000000003e-05,10.0,0,True,505.05999755859375
2026-08-28T05:52:38Z,MSFT,2026-08-28,call,360.0,124.1,0.0,0.0,1.0000000000000003e-05,125.0,0,True,505.05999755859375
2026-08-28T05:52:38Z,MSFT,2026-08-28,call,365.0,137.0,0.0,0.0,1.0000000000000003e-05,1.0,0,True,505.05999755859375
2026-08-28T05:52:38Z,MSFT,2026-08-28,call,370.0,135.15,0.0,0.0,1.0000000000000003e-05,1.0,0,True,505.05999755859375
2026-08-28T05:52:38Z,MSFT,2026-08-28,call,375.0,128.0,0.0,0.0,1.0000000000000003e-05,11.0,0,True,505.05999755859375
2026-08-28T05:52:38Z,MSFT,2026-08-28,call,380.0,125.55,0.0,0.0,1.0000000000000003e-05,4.0,0,True,505.05999755859375
2026-08-28T05:52:38Z,MSFT,2026-08-28,call,385.0,118.07,0.0,0.0,1.0000000000000003e-05,11.0,0,True,505.05999755859375
2026-08-28T05:52:38Z,MSFT,2026-08-28,call,390.0,115.62,0.0,0.0,1.0000000000000003e-05,5.0,0,True,505.05999755859375
2026-08-28T05:52:38Z,MSFT,2026-08-28,call,395.0,86.4,0.0,0.0,1.0000000000000003e-05,1.0,0,True,505.05999755859375
2026-08-28T05:52:38Z,MSFT,2026-08-28,call,400.0,105.8,0.0,0.0,1.0000000000000003e-05,23.0,0,True,505.05999755859375
2026-08-28T05:52:38Z,MSFT,2026-08-28,call,405.0,100.29,0.0,0.0,1.0000000000000003e-05,15.0,0,True,505.05999755859375
2026-08-28T05:52:38Z,MSFT,2026-08-28,call,410.0,92.98,0.0,0.0,1.0000000000000003e-05,6.0,0,True,505.05999755859375
2026-08-28T05:52:38Z,MSFT,2026-08-28,call,415.0,90.5,0.0,0.0,1.0000000000000003e-05,21.0,0,True,505.05999755859375
2026-08-28T05:52:38Z,MSFT,2026-08-28,call,420.0,84.0,0.0,0.0,1.0000000000000003e-05,6.0,0,True,505.05999755859375
2026-08-28T05:52:38Z,MSFT,2026-08-28,call,425.0,80.5,0.0,0.0,1.0000000000000003e-05,14.0,0,True,505.05999755859375
2026-08-28T05:52:38Z,MSFT,2026-08-28,call,430.0,76.09,0.0,0.0,1.0000000000000003e-05,16.0,0,True,505.05999755859375
2026-08-28T05:52:38Z,MSFT,2026-08-28,call,435.0,70.82,0.0,0.0,1.0000000000000003e-05,20.0,0,True,505.05999755859375
2026-08-28T05:52:38Z,MSFT,2026-08-28,call,437.5,65.77,0.0,0.0,1.0000000000000003e-05,3.0,0,True,505.05999755859375
2026-08-28T05:52:38Z,MSFT,2026-08-28,call,440.0,65.55,0.0,0.0,1.0000000000000003e-05,22.0,0,True,505.05999755859375
2026-08-28T05:52:38Z,MSFT,2026-08-28,call,442.5,63.66,0.0,0.0,1.0000000000000003e-05,4.0,0,True,505.05999755859375
2026-08-28T05:52:38Z,MSFT,2026-08-28,call,445.0,58.25,0.0,0.0,1.0000000000000003e-05,27.0,0,True,505.05999755859375
2026-08-28T05:52:38Z,MSFT,2026-08-28,call,447.5,55.83,0.0,0.0,1.0000000000000003e-05,2.0,0,True,505.05999755859375
2026-08-28T05:52:38Z,MSFT,2026-08-28,call,450.0,55.5,0.0,0.0,1.0000000000000003e-05,79.0,0,True,505.05999755859375
2026-08-28T05:52:38Z,MSFT,2026-08-28,call,452.5,50.36,0.0,0.0,1.0000000000000003e-05,2.0,0,True,505.05999755859375
2026-08-28T05:52:38Z,MSFT,2026-08-28,call,455.0,47.38,0.0,0.0,1.0000000000000003e-05,39.0,0,True,505.05999755859375
2026-08-28T05:52:38Z,MSFT,2026-08-28,call,457.5,45.56,0.0,0.0,1.0000000000000003e-05,2.0,0,True,505.05999755859375
2026-08-28T05:52:38Z,MSFT,2026-08-28,call,460.0,45.0,0.0,0.0,1.0000000000000003e-05,47.0,0,True,505.05999755859375
2026-08-28T05:52:38Z,MSFT,2026-08-28,call,462.5,39.75,0.0,0.0,1.0000000000000003e-05,6.0,0,True,505.05999755859375
2026-08-28T05:52:38Z,MSFT,2026-08-28,call,465.0,41.85,0.0,0.0,1.0000000000000003e-05,160.0,0,True,505.05999755859375
2026-08-28T05:52:38Z,MSFT,2026-08-28,call,467.5,37.5,0.0,0.0,1.0000000000000003e-05,14.0,0,True,505.05999755859375
2026-08-28T05:52:38Z,MSFT,2026-08-28,call,470.0,35.13,0.0,0.0,1.0000000000000003e-05,58.0,0,True,505.05999755859375
2026-08-28T05:52:38Z,MSFT,2026-08-28,call,472.5,31.97,0.0,0.0,1.0000000000000003e-05,3.0,0,True,505.05999755859375
2026-08-28T05:52:38Z,MSFT,2026-08-28,call,475.0,30.46,0.0,0.0,1.0000000000000003e-05,93.0,0,True,505.05999755859375
2026-08-28T05:52:38Z,MSFT,2026-08-28,call,477.5,26.4,0.0,0.0,1.0000000000000003e-05,27.0,0,True,505.05999755859375
2026-08-28T05:52:38Z,MSFT,2026-08-28,call,480.0,25.34,0.0,0.0,1.0000000000000003e-05,347.0,0,True,505.05999755859375
2026-08-28T05:52:38Z,MSFT,2026-08-28,call,482.5,22.5,0.0,0.0,1.0000000000000003e-05,165.0,0,True,505.05999755859375
2026-08-28T05:52:38Z,MSFT,2026-08-28,call,485.0,21.0,0.0,0.0,1.0000000000000003e-05,315.0,0,True,505.05999755859375
2026-08-28T05:52:38Z,MSFT,2026-08-28,call,487.5,18.4,0.0,0.0,1.0000000000000003e-05,1553.0,0,True,505.05999755859375
2026-08-28T05:52:38Z,MSFT,2026-08-28,call,490.0,15.75,0.0,0.0,1.0000000000000003e-05,2612.0,0,True,505.05999755859375
2026-08-28T05:52:38Z,MSFT,2026-08-28,call,492.5,13.3,0.0,0.0,1.0000000000000003e-05,957.0,0,True,505.05999755859375
2026-08-28T05:52:38Z,MSFT,2026-08-28,call,495.0,10.6,0.0,0.0,1.0000000000000003e-05,6381.0,0,True,505.05999755859375
2026-08-28T05:52:38Z,MSFT,2026-08-28,call,497.5,8.38,0.0,0.0,1.0000000000000003e-05,5725.0,0,True,505.05999755859375
2026-08-28T05:52:38Z,MSFT,2026-08-28,call,500.0,6.42,0.0,0.0,1.0000000000000003e-05,25404.0,0,True,505.05999755859375
2026-08-28T05:52:38Z,MSFT,2026-08-28,call,502.5,4.55,0.0,0.0,1.0000000000000003e-05,19243.0,0,True,505.05999755859375
2026-08-28T05:52:38Z,MSFT,2026-08-28,call,505.0,3.19,0.0,0.0,1.0000000000000003e-05,37633.0,0,True,505.05999755859375
2026-08-28T05:52:38Z,MSFT,2026-08-28,call,507.5,2.04,0.0,0.0,0.0312596875,25299.0,0,False,505.05999755859375
2026-08-28T05:52:38Z,MSFT,2026-08-28,call,510.0,1.26,0.0,0.0,0.062509375,30131.0,0,False,505.05999755859375
2026-08-28T05:52:38Z,MSFT,2026-08-28,call,512.5,0.73,0.0,0.0,0.062509375,18402.0,0,False,505.05999755859375
2026-08-28T05:52:38Z,MSFT,2026-08-28,call,515.0,0.4,0.0,0.0,0.062509375,9070.0,0,False,505.05999755859375
2026-08-28T05:52:38Z,MSFT,2026-08-28,call,517.5,0.21,0.0,0.0,0.12500875,4457.0,0,False,505.05999755859375
2026-08-28T05:52:38Z,MSFT,2026-08-28,call,520.0,0.12,0.0,0.0,0.12500875,7716.0,0,False,505.05999755859375
2026-08-28T05:52:38Z,MSFT,2026-08-28,call,522.5,0.09,0.0,0.0,0.12500875,1036.0,0,False,505.05999755859375
2026-08-28T05:52:38Z,MSFT,2026-08-28,call,525.0,0.02,0.0,0.0,0.12500875,5014.0,0,False,505.05999755859375
2026-08-28T05:52:38Z,MSFT,2026-08-28,call,527.5,0.01,0.0,0.0,0.2500075,761.0,0,False,505.05999755859375
2026-08-28T05:52:38Z,MSFT,2026-08-28,call,530.0,0.02,0.0,0.0,0.2500075,1120.0,0,False,505.05999755859375
2026-08-28T05:52:38Z,MSFT,2026-08-28,call,535.0,0.02,0.0,0.0,0.2500075,928.0,0,False,505.05999755859375
2026-08-28T05:52:38Z,MSFT,2026-08-28,call,540.0,0.01,0.0,0.0,0.2500075,685.0,0,False,505.05999755859375
2026-08-28T05:52:38Z,MSFT,2026-08-28,call,545.0,0.01,0.0,0.0,0.2500075,1.0,0,False,505.05999755859375
2026-08-28T05:52:38Z,MSFT,2026-08-28,call,550.0,0.01,0.0,0.0,0.2500075,17.0,0,False,505.05999755859375
2026-08-28T05:52:38Z,MSFT,2026-08-28,call,555.0,0.01,0.0,0.0,0.500005,1.0,0,False,505.05999755859375
2026-08-28T05:52:38Z,MSFT,2026-08-28,call,560.0,0.02,0.0,0.0,0.500005,63.0,0,False,505.05999755859375
2026-08-28T05:52:38Z,MSFT,2026-08-28,call,565.0,0.01,0.0,0.0,0.500005,3.0,0,False,505.05999755859375
2026-08-28T05:52:38Z,MSFT,2026-08-28,call,570.0,0.01,0.0,0.0,0.500005,21.0,0,False,505.05999755859375
2026-08-28T05:52:38Z,MSFT,2026-08-28,call,575.0,0.01,0.0,0.0,0.500005,4.0,0,False,505.05999755859375
2026-08-28T05:52:38Z,MSFT,2026-08-28,call,580.0,0.01,0.0,0.0,0.500005,11.0,0,False,505.05999755859375
2026-08-28T05:52:38Z,MSFT,2026-08-28,call,585.0,0.01,0.0,0.0,0.500005,20.0,0,False,505.05999755859375
2026-08-28T05:52:38Z,MSFT,2026-08-28,call,590.0,0.03,0.0,0.0,0.500005,64.0,0,False,505.05999755859375
2026-08-28T05:52:38Z,MSFT,2026-08-28,call,600.0,0.15,0.0,0.0,0.500005,3.0,0,False,505.05999755859375
2026-08-28T05:52:38Z,MSFT,2026-08-28,call,610.0,0.01,0.0,0.0,0.500005,1.0,0,False,505.05999755859375
2026-08-28T05:52:38Z,MSFT,2026-08-28,call,620.0,0.01,0.0,0.0,0.500005,3.0,0,False,505.05999755859375
2026-08-28T05:52:38Z,MSFT,2026-08-28,call,630.0,0.02,0.0,0.0,0.500005,4.0,0,False,505.05999755859375
2026-08-28T05:52:38Z,MSFT,2026-08-28,call,640.0,0.01,0.0,0.0,0.500005,3.0,0,False,505.05999755859375
2026-08-28T05:52:38Z,MSFT,2026-08-28,call,650.0,0.01,0.0,0.0,0.500005,4.0,0,False,505.05999755859375
2026-08-28T05:52:38Z,MSFT,2026-08-28,call,660.0,0.01,0.0,0.0,0.500005,1.0,0,False,505.05999755859375
2026-08-28T05:52:38Z,MSFT,2026-08-28,call,670.0,0.01,0.0,0.0,0.500005,10.0,0,False,505.05999755859375
2026-08-28T05:52:38Z,MSFT,2026-08-28,call,680.0,0.01,0.0,0.0,0.500005,2.0,0,False,505.05999755859375
2026-08-28T05:52:38Z,MSFT,2026-08-28,put,270.0,0.01,0.0,0.0,0.500005,1.0,0,False,505.05999755859375
2026-08-28T05:52:38Z,MSFT,2026-08-28,put,280.0,0.01,0.0,0.0,0.500005,2.0,0,False,505.05999755859375
2026-08-28T05:52:38Z,MSFT,2026-08-28,put,290.0,0.01,0.0,0.0,0.500005,1.0,0,False,505.05999755859375
2026-08-28T05:52:38Z,MSFT,2026-08-28,put,300.0,0.01,0.0,0.0,0.500005,11.0,0,False,505.05999755859375
2026-08-28T05:52:38Z,MSFT,2026-08-28,put,305.0,0.01,0.0,0.0,0.500005,1.0,0,False,505.05999755859375
2026-08-28T05:52:38Z,MSFT,2026-08-28,put,310.0,0.01,0.0,0.0,0.500005,5.0,0,False,505.05999755859375
2026-08-28T05:52:38Z,MSFT,2026-08-28,put,315.0,0.01,0.0,0.0,0.500005,10.0,0,False,505.05999755859375
2026-08-28T05:52:38Z,MSFT,2026-08-28,put,320.0,0.03,0.0,0.0,0.500005,908.0,0,False,505.05999755859375
2026-08-28T05:52:38Z,MSFT,2026-08-28,put,325.0,0.02,0.0,0.0,0.500005,1.0,0,False,505.05999755859375
2026-08-28T05:52:38Z,MSFT,2026-08-28,put,330.0,0.01,0.0,0.0,0.500005,8.0,0,False,505.05999755859375
2026-08-28T05:52:38Z,MSFT,2026-08-28,put,335.0,0.01,0.0,0.0,0.500005,2.0,0,False,505.05999755859375
2026-08-28T05:52:38Z,MSFT,2026-08-28,put,340.0,0.01,0.0,0.0,0.500005,1.0,0,False,505.05999755859375
2026-08-28T05:52:38Z,MSFT,2026-08-28,put,345.0,0.01,0.0,0.0,0.500005,4.0,0,False,505.05999755859375
2026-08-28T05:52:38Z,MSFT,2026-08-28,put,350.0,0.01,0.0,0.0,0.500005,1.0,0,False,505.05999755859375
2026-08-28T05:52:38Z,MSFT,2026-08-28,put,355.0,0.01,0.0,0.0,0.500005,1.0,0,False,505.05999755859375
2026-08-28T05:52:38Z,MSFT,2026-08-28,put,360.0,0.01,0.0,0.0,0.500005,1.0,0,False,505.05999755859375
2026-08-28T05:52:38Z,MSFT,2026-08-28,put,365.0,0.01,0.0,0.0,0.500005,2.0,0,False,505.05999755859375
2026-08-28T05:52:38Z,MSFT,2026-08-28,put,370.0,0.02,0.0,0.0,0.500005,100.0,0,False,505.05999755859375
2026-08-28T05:52:38Z,MSFT,2026-08-28,put,375.0,0.01,0.0,0.0,0.500005,86.0,0,False,505.05999755859375
2026-08-28T05:52:38Z,MSFT,2026-08-28,put,380.0,0.01,0.0,0.0,0.500005,1.0,0,False,505.05999755859375
2026-08-28T05:52:38Z,MSFT,2026-08-28,put,385.0,0.03,0.0,0.0,0.500005,1.0,0,False,505.05999755859375
2026-08-28T05:52:38Z,MSFT,2026-08-28,put,390.0,0.01,0.0,0.0,0.500005,22.0,0,False,505.05999755859375
2026-08-28T05:52:38Z,MSFT,2026-08-28,put,395.0,0.01,0.0,0.0,0.500005,2.0,0,False,505.05999755859375
2026-08-28T05:52:38Z,MSFT,2026-08-28,put,400.0,0.02,0.0,0.0,0.500005,68.0,0,False,505.05999755859375
2026-08-28T05:52:38Z,MSFT,2026-08-28,put,405.0,0.01,0.0,0.0,0.500005,100.0,0,False,505.05999755859375
2026-08-28T05:52:38Z,MSFT,2026-08-28,put,410.0,0.01,0.0,0.0,0.500005,1.0,0,False,505.05999755859375
2026-08-28T05:52:38Z,MSFT,2026-08-28,put,415.0,0.04,0.0,0.0,0.500005,100.0,0,False,505.05999755859375
2026-08-28T05:52:38Z,MSFT,2026-08-28,put,420.0,0.01,0.0,0.0,0.500005,54.0,0,False,505.05999755859375
2026-08-28T05:52:38Z,MSFT,2026-08-28,put,425.0,0.01,0.0,0.0,0.500005,12.0,0,False,505.05999755859375
2026-08-28T05:52:38Z,MSFT,2026-08-28,put,430.0,0.02,0.0,0.0,0.500005,32.0,0,False,505.05999755859375
2026-08-28T05:52:38Z,MSFT,2026-08-28,put,435.0,0.04,0.0,0.0,0.500005,20.0,0,False,505.05999755859375
2026-08-28T05:52:38Z,MSFT,2026-08-28,put,437.5,0.01,0.0,0.0,0.500005,50.0,0,False,505.05999755859375
2026-08-28T05:52:38Z,MSFT,2026-08-28,put,440.0,0.01,0.0,0.0,0.500005,61.0,0,False,505.05999755859375
2026-08-28T05:52:38Z,MSFT,2026-08-28,put,442.5,0.06,0.0,0.0,0.500005,2.0,0,False,505.05999755859375
2026-08-28T05:52:38Z,MSFT,2026-08-28,put,445.0,0.01,0.0,0.0,0.500005,78.0,0,False,505.05999755859375
2026-08-28T05:52:38Z,MSFT,2026-08-28,put,447.5,0.01,0.0,0.0,0.500005,215.0,0,False,505.05999755859375
2026-08-28T05:52:38Z,MSFT,2026-08-28,put,450.0,0.01,0.0,0.0,0.500005,371.0,0,False,505.05999755859375
2026-08-28T05:52:38Z,MSFT,2026-08-28,put,452.5,0.02,0.0,0.0,0.500005,81.0,0,False,505.05999755859375
2026-08-28T05:52:38Z,MSFT,2026-08-28,put,455.0,0.01,0.0,0.0,0.500005,85.0,0,False,505.05999755859375
2026-08-28T05:52:38Z,MSFT,2026-08-28,put,457.5,0.01,0.0,0.0,0.500005,19.0,0,False,505.05999755859375
2026-08-28T05:52:38Z,MSFT,2026-08-28,put,460.0,0.01,0.0,0.0,0.500005,376.0,0,False,505.05999755859375
2026-08-28T05:52:38Z,MSFT,2026-08-28,put,462.5,0.02,0.0,0.0,0.2500075,168.0,0,False,505.05999755859375
2026-08-28T05:52:38Z,MSFT,2026-08-28,put,465.0,0.01,0.0,0.0,0.2500075,600.0,0,False,505.05999755859375
2026-08-28T05:52:38Z,MSFT,2026-08-28,put,467.5,0.03,0.0,0.0,0.2500075,78.0,0,False,505.05999755859375
2026-08-28T05:52:38Z,MSFT,2026-08-28,put,470.0,0.05,0.0,0.0,0.2500075,378.0,0,False,505.05999755859375
2026-08-28T05:52:38Z,MSFT,2026-08-28,put,472.5,0.03,0.0,0.0,0.2500075,494.0,0,False,505.05999755859375
2026-08-28T05:52:38Z,MSFT,2026-08-28,put,475.0,0.03,0.0,0.0,0.2500075,1827.0,0,False,505.05999755859375
2026-08-28T05:52:38Z,MSFT,2026-08-28,put,477.5,0.07,0.0,0.0,0.2500075,505.0,0,False,505.05999755859375
2026-08-28T05:52:38Z,MSFT,2026-08-28,put,480.0,0.04,0.0,0.0,0.2500075,3800.0,0,False,505.05999755859375
2026-08-28T05:52:38Z,MSFT,2026-08-28,put,482.5,0.07,0.0,0.0,0.2500075,3245.0,0,False,505.05999755859375
2026-08-28T05:52:38Z,MSFT,2026-08-28,put,485.0,0.1,0.0,0.0,0.12500875,3001.0,0,False,505.05999755859375
2026-08-28T05:52:38Z,MSFT,2026-08-28,put,487.5,0.13,0.0,0.0,0.12500875,3164.0,0,False,505.05999755859375
2026-08-28T05:52:38Z,MSFT,2026-08-28,put,490.0,0.17,0.0,0.0,0.12500875,15632.0,0,False,505.05999755859375
2026-08-28T05:52:38Z,MSFT,2026-08-28,put,492.5,0.26,0.0,0.0,0.12500875,4163.0,0,False,505.05999755859375
2026-08-28T05:52:38Z,MSFT,2026-08-28,put,495.0,0.42,0.0,0.0,0.12500875,16061.0,0,False,505.05999755859375
2026-08-28T05:52:38Z,MSFT,2026-08-28,put,497.5,0.74,0.0,0.0,0.062509375,11773.0,0,False,505.05999755859375
2026-08-28T05:52:38Z,MSFT,2026-08-28,put,500.0,1.22,0.0,0.0,0.062509375,22228.0,0,False,505.05999755859375
2026-08-28T05:52:38Z,MSFT,2026-08-28,put,502.5,1.9,0.0,0.0,0.0312596875,12625.0,0,False,505.05999755859375
2026-08-28T05:52:38Z,MSFT,2026-08-28,put,505.0,3.03,0.0,0.0,0.000986552734375,7289.0,0,False,505.05999755859375
2026-08-28T05:52:38Z,MSFT,2026-08-28,put,507.5,4.25,0.0,0.0,1.0000000000000003e-05,719.0,0,True,505.05999755859375
2026-08-28T05:52:38Z,MSFT,2026-08-28,put,510.0,6.2,0.0,0.0,1.0000000000000003e-05,555.0,0,True,505.05999755859375
2026-08-28T05:52:38Z,MSFT,2026-08-28,put,512.5,7.73,0.0,0.0,1.0000000000000003e-05,98.0,0,True,505.05999755859375
2026-08-28T05:52:38Z,MSFT,2026-08-28,put,515.0,10.2,0.0,0.0,1.0000000000000003e-05,40.0,0,True,505.05999755859375
2026-08-28T05:52:38Z,MSFT,2026-08-28,put,517.5,12.2,0.0,0.0,1.0000000000000003e-05,20.0,0,True,505.05999755859375
2026-08-28T05:52:38Z,MSFT,2026-08-28,put,520.0,17.98,0.0,0.0,1.0000000000000003e-05,104.0,0,True,505.05999755859375
2026-08-28T05:52:38Z,MSFT,2026-08-28,put,522.5,19.76,0.0,0.0,1.0000000000000003e-05,10.0,0,True,505.05999755859375
2026-08-28T05:52:38Z,MSFT,2026-08-28,put,525.0,19.35,0.0,0.0,1.0000000000000003e-05,15.0,0,True,505.05999755859375
2026-08-28T05:52:38Z,MSFT,2026-08-28,put,527.5,33.88,0.0,0.0,1.0000000000000003e-05,,0,True,505.05999755859375
2026-08-28T05:52:38Z,MSFT,2026-08-28,put,530.0,29.6,0.0,0.0,1.0000000000000003e-05,4.0,0,True,505.05999755859375
2026-08-28T05:52:38Z,MSFT,2026-08-28,put,535.0,32.08,0.0,0.0,1.0000000000000003e-05,1.0,0,True,505.05999755859375
2026-08-28T05:52:38Z,MSFT,2026-08-28,put,540.0,37.0,0.0,0.0,1.0000000000000003e-05,21.0,0,True,505.05999755859375
2026-08-28T05:52:38Z,MSFT,2026-08-28,put,545.0,43.98,0.0,0.0,1.0000000000000003e-05,6.0,0,True,505.05999755859375
2026-08-28T05:52:38Z,MSFT,2026-08-28,put,550.0,55.19,0.0,0.0,1.0000000000000003e-05,1.0,0,True,505.05999755859375
2026-08-28T05:52:38Z,MSFT,2026-08-28,put,555.0,71.14,0.0,0.0,1.0000000000000003e-05,1.0,0,True,505.05999755859375
2026-08-28T05:52:38Z,MSFT,2026-08-28,put,560.0,76.12,0.0,0.0,1.0000000000000003e-05,1.0,0,True,505.05999755859375
2026-08-28T05:52:38Z,MSFT,2026-08-28,put,570.0,75.2,0.0,0.0,1.0000000000000003e-05,,0,True,505.05999755859375
2026-08-28T05:52:38Z,MSFT,2026-08-28,put,585.0,101.2,0.0,0.0,1.0000000000000003e-05,2.0,0,True,505.05999755859375
2026-08-28T05:52:38Z,MSFT,2026-08-28,put,590.0,106.18,0.0,0.0,1.0000000000000003e-05,1.0,0,True,505.05999755859375
2026-08-28T05:52:38Z,MSFT,2026-08-28,put,600.0,116.21,0.0,0.0,1.0000000000000003e-05,1.0,0,True,505.05999755859375
2026-08-28T05:52:38Z,MSFT,2026-08-31,call,400.0,104.25,0.0,0.0,1.0000000000000003e-05,1.0,0,True,505.05999755859375
2026-08-28T05:52:38Z,MSFT,2026-08-31,call,410.0,73.1,0.0,0.0,1.0000000000000003e-05,,0,True,505.05999755859375
2026-08-28T05:52:38Z,MSFT,2026-08-31,call,425.0,57.21,0.0,0.0,1.0000000000000003e-05,,0,True,505.05999755859375
2026-08-28T05:52:38Z,MSFT,2026-08-31,call,430.0,52.3,0.0,0.0,1.0000000000000003e-05,,0,True,505.05999755859375
2026-08-28T05:52:38Z,MSFT,2026-08-31,call,435.0,46.14,0.0,0.0,1.0000000000000003e-05,,0,True,505.05999755859375
2026-08-28T05:52:38Z,MSFT,2026-08-31,call,437.5,67.45,0.0,0.0,1.0000000000000003e-05,1.0,0,True,505.05999755859375
2026-08-28T05:52:38Z,MSFT,2026-08-31,call,440.0,46.0,0.0,0.0,1.0000000000000003e-05,1.0,0,True,505.05999755859375
2026-08-28T05:52:38Z,MSFT,2026-08-31,call,442.5,39.68,0.0,0.0,1.0000000000000003e-05,,0,True,505.05999755859375
2026-08-28T05:52:38Z,MSFT,2026-08-31,call,445.0,52.46,0.0,0.0,1.0000000000000003e-05,2.0,0,True,505.05999755859375
2026-08-28T05:52:38Z,MSFT,2026-08-31,call,447.5,37.76,0.0,0.0,1.0000000000000003e-05,1.0,0,True,505.05999755859375
2026-08-28T05:52:38Z,MSFT,2026-08-31,call,450.0,50.0,0.0,0.0,1.0000000000000003e-05,1.0,0,True,505.05999755859375
2026-08-28T05:52:38Z,MSFT,2026-08-31,call,455.0,32.37,0.0,0.0,1.0000000000000003e-05,4.0,0,True,505.05999755859375
2026-08-28T05:52:38Z,MSFT,2026-08-31,call,457.5,31.24,0.0,0.0,1.0000000000000003e-05,60.0,0,True,505.05999755859375
2026-08-28T05:52:38Z,MSFT,2026-08-31,call,460.0,33.15,0.0,0.0,1.0000000000000003e-05,1.0,0,True,505.05999755859375
2026-08-28T05:52:38Z,MSFT,2026-08-31,call,462.5,27.22,0.0,0.0,1.0000000000000003e-05,1.0,0,True,505.05999755859375
2026-08-28T05:52:38Z,MSFT,2026-08-31,call,465.0,39.82,0.0,0.0,1.0000000000000003e-05,1.0,0,True,505.05999755859375
2026-08-28T05:52:38Z,MSFT,2026-08-31,call,467.5,19.45,0.0,0.0,1.0000000000000003e-05,2.0,0,True,505.05999755859375
2026-08-28T05:52:38Z,MSFT,2026-08-31,call,470.0,32.24,0.0,0.0,1.0000000000000003e-05,8.0,0,True,505.05999755859375
2026-08-28T05:52:38Z,MSFT,2026-08-31,call,472.5,22.7,0.0,0.0,1.0000000000000003e-05,1.0,0,True,505.05999755859375
2026-08-28T05:52:38Z,MSFT,2026-08-31,call,475.0,28.35,0.0,0.0,1.0000000000000003e-05,3.0,0,True,505.05999755859375
2026-08-28T05:52:38Z,MSFT,2026-08-31,call,477.5,25.92,0.0,0.0,1.0000000000000003e-05,2.0,0,True,505.05999755859375
2026-08-28T05:52:38Z,MSFT,2026-08-31,call,480.0,25.86,0.0,0.0,1.0000000000000003e-05,28.0,0,True,505.05999755859375
2026-08-28T05:52:38Z,MSFT,2026-08-31,call,482.5,23.38,0.0,0.0,1.0000000000000003e-05,39.0,0,True,505.05999755859375
2026-08-28T05:52:38Z,MSFT,2026-08-31,call,485.0,20.8,0.0,0.0,1.0000000000000003e-05,16.0,0,True,505.05999755859375
2026-08-28T05:52:38Z,MSFT,2026-08-31,call,487.5,18.5,0.0,0.0,1.0000000000000003e-05,26.0,0,True,505.05999755859375
2026-08-28T05:52:38Z,MSFT,2026-08-31,call,490.0,15.65,0.0,0.0,1.0000000000000003e-05,471.0,0,True,505.05999755859375
2026-08-28T05:52:38Z,MSFT,2026-08-31,call,492.5,14.25,0.0,0.0,1.0000000000000003e-05,166.0,0,True,505.05999755859375
2026-08-28T05:52:38Z,MSFT,2026-08-31,call,495.0,11.69,0.0,0.0,1.0000000000000003e-05,555.0,0,True,505.05999755859375
2026-08-28T05:52:38Z,MSFT,2026-08-31,call,497.5,9.57,0.0,0.0,1.0000000000000003e-05,310.0,0,True,505.05999755859375
2026-08-28T05:52:38Z,MSFT,2026-08-31,call,500.0,7.74,0.0,0.0,1.0000000000000003e-05,3209.0,0,True,505.05999755859375
2026-08-28T05:52:38Z,MSFT,2026-08-31,call,502.5,6.1,0.0,0.0,1.0000000000000003e-05,1149.0,0,True,505.05999755859375
2026-08-28T05:52:38Z,MSFT,2026-08-31,call,505.0,4.73,0.0,0.0,1.0000000000000003e-05,3018.0,0,True,505.05999755859375
2026-08-28T05:52:38Z,MSFT,2026-08-31,call,507.5,3.45,0.0,0.0,0.015634843750000002,1183.0,0,False,505.05999755859375
2026-08-28T05:52:38Z,MSFT,2026-08-31,call,510.0,2.54,0.0,0.0,0.0312596875,2979.0,0,False,505.05999755859375
2026-08-28T05:52:38Z,MSFT,2026-08-31,call,512.5,1.8,0.0,0.0,0.0312596875,819.0,0,False,505.05999755859375
2026-08-28T05:52:38Z,MSFT,2026-08-31,call,515.0,1.23,0.0,0.0,0.0312596875,2202.0,0,False,505.05999755859375
2026-08-28T05:52:38Z,MSFT,2026-08-31,call,517.5,0.85,0.0,0.0,0.062509375,785.0,0,False,505.05999755859375
2026-08-28T05:52:38Z,MSFT,2026-08-31,call,520.0,0.59,0.0,0.0,0.062509375,2100.0,0,False,505.05999755859375
2026-08-28T05:52:38Z,MSFT,2026-08-31,call,522.5,0.45,0.0,0.0,0.062509375,228.0,0,False,505.05999755859375
2026-08-28T05:52:38Z,MSFT,2026-08-31,call,525.0,0.29,0.0,0.0,0.062509375,1115.0,0,False,505.05999755859375
2026-08-28T05:52:38Z,MSFT,2026-08-31,call,527.5,0.15,0.0,0.0,0.12500875,50.0,0,False,505.05999755859375
2026-08-28T05:52:38Z,MSFT,2026-08-31,call,530.0,0.12,0.0,0.0,0.12500875,102.0,0,False,505.05999755859375
2026-08-28T05:52:38Z,MSFT,2026-08-31,call,535.0,0.05,0.0,0.0,0.12500875,403.0,0,False,505.05999755859375
2026-08-28T05:52:38Z,MSFT,2026-08-31,call,540.0,0.04,0.0,0.0,0.12500875,62.0,0,False,505.05999755859375
2026-08-28T05:52:38Z,MSFT,2026-08-31,call,545.0,0.02,0.0,0.0,0.12500875,59.0,0,False,505.05999755859375
2026-08-28T05:52:38Z,MSFT,2026-08-31,call,550.0,0.01,0.0,0.0,0.12500875,1.0,0,False,505.05999755859375
2026-08-28T05:52:38Z,MSFT,2026-08-31,call,555.0,0.05,0.0,0.0,0.2500075,66.0,0,False,505.05999755859375
2026-08-28T05:52:38Z,MSFT,2026-08-31,call,560.0,0.01,0.0,0.0,0.2500075,,0,False,505.05999755859375
2026-08-28T05:52:38Z,MSFT,2026-08-31,call,565.0,0.11,0.0,0.0,0.2500075,6.0,0,False,505.05999755859375
2026-08-28T05:52:38Z,MSFT,2026-08-31,call,570.0,0.05,0.0,0.0,0.2500075,116.0,0,False,505.05999755859375
2026-08-28T05:52:38Z,MSFT,2026-08-31,put,300.0,0.59,0.0,0.0,0.500005,31.0,0,False,505.05999755859375
2026-08-28T05:52:38Z,MSFT,2026-08-31,put,330.0,0.02,0.0,0.0,0.500005,2.0,0,False,505.05999755859375
2026-08-28T05:52:38Z,MSFT,2026-08-31,put,335.0,0.73,0.0,0.0,0.500005,34.0,0,False,505.05999755859375
2026-08-28T05:52:38Z,MSFT,2026-08-31,put,345.0,0.06,0.0,0.0,0.500005,37.0,0,False,505.05999755859375
2026-08-28T05:52:38Z,MSFT,2026-08-31,put,375.0,0.05,0.0,0.0,0.500005,,0,False,505.05999755859375
2026-08-28T05:52:38Z,MSFT,2026-08-31,put,385.0,0.06,0.0,0.0,0.500005,7.0,0,False,505.05999755859375
2026-08-28T05:52:38Z,MSFT,2026-08-31,put,390.0,0.06,0.0,0.0,0.500005,6.0,0,False,505.05999755859375
2026-08-28T05:52:38Z,MSFT,2026-08-31,put,395.0,1.42,0.0,0.0,0.500005,71.0,0,False,505.05999755859375
2026-08-28T05:52:38Z,MSFT,2026-08-31,put,400.0,1.42,0.0,0.0,0.500005,16.0,0,False,505.05999755859375
2026-08-28T05:52:38Z,MSFT,2026-08-31,put,405.0,0.08,0.0,0.0,0.500005,1.0,0,False,505.05999755859375
2026-08-28T05:52:38Z,MSFT,2026-08-31,put,410.0,0.03,0.0,0.0,0.500005,3.0,0,False,505.05999755859375
2026-08-28T05:52:38Z,MSFT,2026-08-31,put,415.0,0.02,0.0,0.0,0.500005,38.0,0,False,505.05999755859375
2026-08-28T05:52:38Z,MSFT,2026-08-31,put,420.0,0.01,0.0,0.0,0.2500075,17.0,0,False,505.05999755859375
2026-08-28T05:52:38Z,MSFT,2026-08-31,put,425.0,0.03,0.0,0.0,0.2500075,2.0,0,False,505.05999755859375
2026-08-28T05:52:38Z,MSFT,2026-08-31,put,430.0,0.01,0.0,0.0,0.2500075,4.0,0,False,505.05999755859375
2026-08-28T05:52:38Z,MSFT,2026-08-31,put,435.0,0.04,0.0,0.0,0.2500075,27.0,0,False,505.05999755859375
2026-08-28T05:52:38Z,MSFT,2026-08-31,put,437.5,0.05,0.0,0.0,0.2500075,2.0,0,False,505.05999755859375
2026-08-28T05:52:38Z,MSFT,2026-08-31,put,440.0,0.02,0.0,0.0,0.2500075,32.0,0,False,505.05999755859375
2026-08-28T05:52:38Z,MSFT,2026-08-31,put,442.5,0.08,0.0,0.0,0.2500075,3.0,0,False,505.05999755859375
2026-08-28T05:52:38Z,MSFT,2026-08-31,put,445.0,0.08,0.0,0.0,0.2500075,13.0,0,False,505.05999755859375
2026-08-28T05:52:38Z,MSFT,2026-08-31,put,447.5,0.08,0.0,0.0,0.2500075,2.0,0,False,505.05999755859375
2026-08-28T05:52:38Z,MSFT,2026-08-31,put,450.0,0.04,0.0,0.0,0.2500075,29.0,0,False,505.05999755859375
2026-08-28T05:52:38Z,MSFT,2026-08-31,put,452.5,0.22,0.0,0.0,0.2500075,3.0,0,False,505.05999755859375
2026-08-28T05:52:38Z,MSFT,2026-08-31,put,455.0,0.02,0.0,0.0,0.2500075,50.0,0,False,505.05999755859375
2026-08-28T05:52:38Z,MSFT,2026-08-31,put,457.5,0.05,0.0,0.0,0.2500075,10.0,0,False,505.05999755859375
2026-08-28T05:52:38Z,MSFT,2026-08-31,put,460.0,0.05,0.0,0.0,0.2500075,13.0,0,False,505.05999755859375
2026-08-28T05:52:38Z,MSFT,2026-08-31,put,462.5,0.13,0.0,0.0,0.12500875,2.0,0,False,505.05999755859375
2026-08-28T05:52:38Z,MSFT,2026-08-31,put,465.0,0.08,0.0,0.0,0.12500875,44.0,0,False,505.05999755859375
2026-08-28T05:52:38Z,MSFT,2026-08-31,put,467.5,0.12,0.0,0.0,0.12500875,29.0,0,False,505.05999755859375
2026-08-28T05:52:38Z,MSFT,2026-08-31,put,470.0,0.1,0.0,0.0,0.12500875,150.0,0,False,505.05999755859375
2026-08-28T05:52:38Z,MSFT,2026-08-31,put,472.5,0.15,0.0,0.0,0.12500875,40.0,0,False,505.05999755859375
2026-08-28T05:52:38Z,MSFT,2026-08-31,put,475.0,0.13,0.0,0.0,0.12500875,141.0,0,False,505.05999755859375
2026-08-28T05:52:38Z,MSFT,2026-08-31,put,477.5,0.27,0.0,0.0,0.12500875,61.0,0,False,505.05999755859375
2026-08-28T05:52:38Z,MSFT,2026-08-31,put,480.0,0.2,0.0,0.0,0.12500875,217.0,0,False,505.05999755859375
2026-08-28T05:52:38Z,MSFT,2026-08-31,put,482.5,0.37,0.0,0.0,0.12500875,164.0,0,False,505.05999755859375
2026-08-28T05:52:38Z,MSFT,2026-08-31,put,485.0,0.35,0.0,0.0,0.062509375,261.0,0,False,505.05999755859375
2026-08-28T05:52:38Z,MSFT,2026-08-31,put,487.5,0.47,0.0,0.0,0.062509375,151.0,0,False,505.05999755859375
2026-08-28T05:52:38Z,MSFT,2026-08-31,put,490.0,0.6,0.0,0.0,0.062509375,1506.0,0,False,505.05999755859375
2026-08-28T05:52:38Z,MSFT,2026-08-31,put,492.5,0.93,0.0,0.0,0.062509375,896.0,0,False,505.05999755859375
2026-08-28T05:52:38Z,MSFT,2026-08-31,put,495.0,1.19,0.0,0.0,0.062509375,1521.0,0,False,505.05999755859375
2026-08-28T05:52:38Z,MSFT,2026-08-31,put,497.5,1.66,0.0,0.0,0.0312596875,380.0,0,False,505.05999755859375
2026-08-28T05:52:38Z,MSFT,2026-08-31,put,500.0,2.37,0.0,0.0,0.0312596875,1952.0,0,False,505.05999755859375
2026-08-28T05:52:38Z,MSFT,2026-08-31,put,502.5,3.25,0.0,0.0,0.015634843750000002,428.0,0,False,505.05999755859375
2026-08-28T05:52:38Z,MSFT,2026-08-31,put,505.0,4.25,0.0,0.0,0.0004982763671875,416.0,0,False,505.05999755859375
2026-08-28T05:52:38Z,MSFT,2026-08-31,put,510.0,7.4,0.0,0.0,1.0000000000000003e-05,1397.0,0,True,505.05999755859375
2026-08-28T05:52:38Z,MSFT,2026-08-31,put,512.5,12.0,0.0,0.0,1.0000000000000003e-05,3.0,0,True,505.05999755859375
2026-08-28T05:52:38Z,MSFT,2026-08-31,put,515.0,12.25,0.0,0.0,1.0000000000000003e-05,4.0,0,True,505.05999755859375
2026-08-28T05:52:38Z,MSFT,2026-08-31,put,517.5,12.3,0.0,0.0,1.0000000000000003e-05,10.0,0,True,505.05999755859375
2026-08-28T05:52:38Z,MSFT,2026-08-31,put,520.0,15.43,0.0,0.0,1.0000000000000003e-05,410.0,0,True,505.05999755859375
2026-08-28T05:52:38Z,MSFT,2026-08-31,put,550.0,71.55,0.0,0.0,1.0000000000000003e-05,,0,True,505.05999755859375
2026-08-28T05:52:38Z,MSFT,2026-09-02,call,320.0,167.4,0.0,0.0,1.0000000000000003e-05,1.0,0,True,505.05999755859375
2026-08-28T05:52:38Z,MSFT,2026-09-02,call,410.0,72.63,0.0,0.0,1.0000000000000003e-05,3.0,0,True,505.05999755859375
2026-08-28T05:52:38Z,MSFT,2026-09-02,call,430.0,59.34,0.0,0.0,1.0000000000000003e-05,144.0,0,True,505.05999755859375
2026-08-28T05:52:38Z,MSFT,2026-09-02,call,432.5,56.89,0.0,0.0,1.0000000000000003e-05,62.0,0,True,505.05999755859375
2026-08-28T05:52:38Z,MSFT,2026-09-02,call,435.0,56.03,0.0,0.0,1.0000000000000003e-05,1.0,0,True,505.05999755859375
2026-08-28T05:52:38Z,MSFT,2026-09-02,call,437.5,51.56,0.0,0.0,1.0000000000000003e-05,192.0,0,True,505.05999755859375
2026-08-28T05:52:38Z,MSFT,2026-09-02,call,440.0,55.21,0.0,0.0,1.0000000000000003e-05,1.0,0,True,505.05999755859375
2026-08-28T05:52:38Z,MSFT,2026-09-02,call,445.0,52.28,0.0,0.0,1.0000000000000003e-05,1.0,0,True,505.05999755859375
2026-08-28T05:52:38Z,MSFT,2026-09-02,call,447.5,40.6,0.0,0.0,1.0000000000000003e-05,2.0,0,True,505.05999755859375
2026-08-28T05:52:38Z,MSFT,2026-09-02,call,450.0,44.92,0.0,0.0,1.0000000000000003e-05,2.0,0,True,505.05999755859375
2026-08-28T05:52:38Z,MSFT,2026-09-02,call,452.5,37.58,0.0,0.0,1.0000000000000003e-05,168.0,0,True,505.05999755859375
2026-08-28T05:52:38Z,MSFT,2026-09-02,call,455.0,35.18,0.0,0.0,1.0000000000000003e-05,168.0,0,True,505.05999755859375
2026-08-28T05:52:38Z,MSFT,2026-09-02,call,460.0,36.45,0.0,0.0,1.0000000000000003e-05,136.0,0,True,505.05999755859375
2026-08-28T05:52:38Z,MSFT,2026-09-02,call,462.5,41.53,0.0,0.0,1.0000000000000003e-05,9.0,0,True,505.05999755859375
2026-08-28T05:52:38Z,MSFT,2026-09-02,call,465.0,40.07,0.0,0.0,1.0000000000000003e-05,1.0,0,True,505.05999755859375
2026-08-28T05:52:38Z,MSFT,2026-09-02,call,467.5,36.94,0.0,0.0,1.0000000000000003e-05,70.0,0,True,505.05999755859375
2026-08-28T05:52:38Z,MSFT,2026-09-02,call,470.0,34.5,0.0,0.0,1.0000000000000003e-05,73.0,0,True,505.05999755859375
2026-08-28T05:52:38Z,MSFT,2026-09-02,call,472.5,32.26,0.0,0.0,1.0000000000000003e-05,76.0,0,True,505.05999755859375
2026-08-28T05:52:38Z,MSFT,2026-09-02,call,475.0,30.23,0.0,0.0,1.0000000000000003e-05,95.0,0,True,505.05999755859375
2026-08-28T05:52:38Z,MSFT,2026-09-02,call,477.5,26.97,0.0,0.0,1.0000000000000003e-05,25.0,0,True,505.05999755859375
2026-08-28T05:52:38Z,MSFT,2026-09-02,call,480.0,26.75,0.0,0.0,1.0000000000000003e-05,40.0,0,True,505.05999755859375
2026-08-28T05:52:38Z,MSFT,2026-09-02,call,482.5,22.29,0.0,0.0,1.0000000000000003e-05,55.0,0,True,505.05999755859375
2026-08-28T05:52:38Z,MSFT,2026-09-02,call,485.0,22.22,0.0,0.0,1.0000000000000003e-05,6.0,0,True,505.05999755859375
2026-08-28T05:52:38Z,MSFT,2026-09-02,call,487.5,18.5,0.0,0.0,1.0000000000000003e-05,16.0,0,True,505.05999755859375
2026-08-28T05:52:38Z,MSFT,2026-09-02,call,490.0,17.1,0.0,0.0,1.0000000000000003e-05,30.0,0,True,505.05999755859375
2026-08-28T05:52:38Z,MSFT,2026-09-02,call,492.5,15.5,0.0,0.0,1.0000000000000003e-05,78.0,0,True,505.05999755859375
2026-08-28T05:52:38Z,MSFT,2026-09-02,call,495.0,11.02,0.0,0.0,1.0000000000000003e-05,126.0,0,True,505.05999755859375
2026-08-28T05:52:38Z,MSFT,2026-09-02,call,497.5,9.37,0.0,0.0,1.0000000000000003e-05,94.0,0,True,505.05999755859375
2026-08-28T05:52:38Z,MSFT,2026-09-02,call,500.0,9.3,0.0,0.0,1.0000000000000003e-05,995.0,0,True,505.05999755859375
2026-08-28T05:52:38Z,MSFT,2026-09-02,call,502.5,7.9,0.0,0.0,1.0000000000000003e-05,475.0,0,True,505.05999755859375
2026-08-28T05:52:38Z,MSFT,2026-09-02,call,505.0,6.6,0.0,0.0,1.0000000000000003e-05,2000.0,0,True,505.05999755859375
2026-08-28T05:52:38Z,MSFT,2026-09-02,call,507.5,5.27,0.0,0.0,0.007822421875,471.0,0,False,505.05999755859375
2026-08-28T05:52:38Z,MSFT,2026-09-02,call,510.0,4.21,0.0,0.0,0.015634843750000002,569.0,0,False,505.05999755859375
2026-08-28T05:52:38Z,MSFT,2026-09-02,call,512.5,3.2,0.0,0.0,0.0312596875,235.0,0,False,505.05999755859375
2026-08-28T05:52:38Z,MSFT,2026-09-02,call,515.0,2.61,0.0,0.0,0.0312596875,438.0,0,False,505.05999755859375
2026-08-28T05:52:38Z,MSFT,2026-09-02,call,517.5,2.07,0.0,0.0,0.0312596875,185.0,0,False,505.05999755859375
2026-08-28T05:52:38Z,MSFT,2026-09-02,call,520.0,1.5,0.0,0.0,0.062509375,1340.0,0,False,505.05999755859375
2026-08-28T05:52:38Z,MSFT,2026-09-02,call,522.5,1.15,0.0,0.0,0.062509375,37.0,0,False,505.05999755859375
2026-08-28T05:52:38Z,MSFT,2026-09-02,call,525.0,0.84,0.0,0.0,0.062509375,119.0,0,False,505.05999755859375
2026-08-28T05:52:38Z,MSFT,2026-09-02,call,527.5,0.64,0.0,0.0,0.062509375,60.0,0,False,505.05999755859375
2026-08-28T05:52:38Z,MSFT,2026-09-02,call,530.0,0.47,0.0,0.0,0.062509375,80.0,0,False,505.05999755859375
2026-08-28T05:52:38Z,MSFT,2026-09-02,call,535.0,0.31,0.0,0.0,0.12500875,70.0,0,False,505.05999755859375
2026-08-28T05:52:38Z,MSFT,2026-09-02,call,540.0,0.15,0.0,0.0,0.12500875,6.0,0,False,505.05999755859375
2026-08-28T05:52:38Z,MSFT,2026-09-02,call,545.0,0.08,0.0,0.0,0.12500875,14.0,0,False,505.05999755859375
2026-08-28T05:52:38Z,MSFT,2026-09-02,call,550.0,0.09,0.0,0.0,0.12500875,4.0,0,False,505.05999755859375
2026-08-28T05:52:38Z,MSFT,2026-09-02,call,570.0,0.03,0.0,0.0,0.2500075,3.0,0,False,505.05999755859375
2026-08-28T05:52:38Z,MSFT,2026-09-02,call,575.0,0.04,0.0,0.0,0.2500075,1.0,0,False,505.05999755859375
2026-08-28T05:52:38Z,MSFT,2026-09-02,put,300.0,0.02,0.0,0.0,0.500005,1.0,0,False,505.05999755859375
2026-08-28T05:52:38Z,MSFT,2026-09-02,put,335.0,0.01,0.0,0.0,0.500005,14.0,0,False,505.05999755859375
2026-08-28T05:52:38Z,MSFT,2026-09-02,put,340.0,0.02,0.0,0.0,0.500005,4.0,0,False,505.05999755859375
2026-08-28T05:52:38Z,MSFT,2026-09-02,put,385.0,0.05,0.0,0.0,0.500005,6.0,0,False,505.05999755859375
2026-08-28T05:52:38Z,MSFT,2026-09-02,put,390.0,0.06,0.0,0.0,0.500005,4.0,0,False,505.05999755859375
2026-08-28T05:52:38Z,MSFT,2026-09-02,put,395.0,0.13,0.0,0.0,0.500005,1.0,0,False,505.05999755859375
2026-08-28T05:52:38Z,MSFT,2026-09-02,put,400.0,0.14,0.0,0.0,0.500005,12.0,0,False,505.05999755859375
2026-08-28T05:52:38Z,MSFT,2026-09-02,put,405.0,0.12,0.0,0.0,0.2500075,3.0,0,False,505.05999755859375
2026-08-28T05:52:38Z,MSFT,2026-09-02,put,415.0,0.1,0.0,0.0,0.2500075,8.0,0,False,505.05999755859375
2026-08-28T05:52:38Z,MSFT,2026-09-02,put,420.0,0.11,0.0,0.0,0.2500075,5.0,0,False,505.05999755859375
2026-08-28T05:52:38Z,MSFT,2026-09-02,put,430.0,0.15,0.0,0.0,0.2500075,12.0,0,False,505.05999755859375
2026-08-28T05:52:38Z,MSFT,2026-09-02,put,432.5,0.05,0.0,0.0,0.2500075,3.0,0,False,505.05999755859375
2026-08-28T05:52:38Z,MSFT,2026-09-02,put,435.0,0.05,0.0,0.0,0.2500075,14.0,0,False,505.05999755859375
2026-08-28T05:52:38Z,MSFT,2026-09-02,put,437.5,0.14,0.0,0.0,0.2500075,6.0,0,False,505.05999755859375
2026-08-28T05:52:38Z,MSFT,2026-09-02,put,440.0,0.14,0.0,0.0,0.2500075,20.0,0,False,505.05999755859375
2026-08-28T05:52:38Z,MSFT,2026-09-02,put,442.5,0.2,0.0,0.0,0.2500075,1.0,0,False,505.05999755859375
2026-08-28T05:52:38Z,MSFT,2026-09-02,put,445.0,0.18,0.0,0.0,0.2500075,2.0,0,False,505.05999755859375
2026-08-28T05:52:38Z,MSFT,2026-09-02,put,447.5,0.19,0.0,0.0,0.2500075,2.0,0,False,505.05999755859375
2026-08-28T05:52:38Z,MSFT,2026-09-02,put,450.0,0.07,0.0,0.0,0.2500075,222.0,0,False,505.05999755859375
2026-08-28T05:52:38Z,MSFT,2026-09-02,put,452.5,0.22,0.0,0.0,0.12500875,1.0,0,False,505.05999755859375
2026-08-28T05:52:38Z,MSFT,2026-09-02,put,455.0,0.13,0.0,0.0,0.12500875,202.0,0,False,505.05999755859375
2026-08-28T05:52:38Z,MSFT,2026-09-02,put,457.5,0.11,0.0,0.0,0.12500875,26.0,0,False,505.05999755859375
2026-08-28T05:52:38Z,MSFT,2026-09-02,put,460.0,0.13,0.0,0.0,0.12500875,44.0,0,False,505.05999755859375
2026-08-28T05:52:38Z,MSFT,2026-09-02,put,462.5,0.19,0.0,0.0,0.12500875,12.0,0,False,505.05999755859375
2026-08-28T05:52:38Z,MSFT,2026-09-02,put,465.0,0.21,0.0,0.0,0.12500875,10.0,0,False,505.05999755859375
2026-08-28T05:52:38Z,MSFT,2026-09-02,put,467.5,0.34,0.0,0.0,0.12500875,23.0,0,False,505.05999755859375
2026-08-28T05:52:38Z,MSFT,2026-09-02,put,470.0,0.27,0.0,0.0,0.12500875,30.0,0,False,505.05999755859375
2026-08-28T05:52:38Z,MSFT,2026-09-02,put,472.5,0.35,0.0,0.0,0.12500875,45.0,0,False,505.05999755859375
2026-08-28T05:52:38Z,MSFT,2026-09-02,put,475.0,0.51,0.0,0.0,0.12500875,23.0,0,False,505.05999755859375
2026-08-28T05:52:38Z,MSFT,2026-09-02,put,477.5,0.44,0.0,0.0,0.12500875,79.0,0,False,505.05999755859375
2026-08-28T05:52:38Z,MSFT,2026-09-02,put,480.0,0.6,0.0,0.0,0.062509375,97.0,0,False,505.05999755859375
2026-08-28T05:52:38Z,MSFT,2026-09-02,put,482.5,0.87,0.0,0.0,0.062509375,85.0,0,False,505.05999755859375
2026-08-28T05:52:38Z,MSFT,2026-09-02,put,485.0,0.85,0.0,0.0,0.062509375,233.0,0,False,505.05999755859375
2026-08-28T05:52:38Z,MSFT,2026-09-02,put,487.5,1.1,0.0,0.0,0.062509375,52.0,0,False,505.05999755859375
2026-08-28T05:52:38Z,MSFT,2026-09-02,put,490.0,1.56,0.0,0.0,0.062509375,228.0,0,False,505.05999755859375
2026-08-28T05:52:38Z,MSFT,2026-09-02,put,500.0,3.95,0.0,0.0,0.015634843750000002,207.0,0,False,505.05999755859375
2026-08-28T05:52:38Z,MSFT,2026-09-02,put,502.5,4.65,0.0,0.0,0.007822421875,176.0,0,False,505.05999755859375
2026-08-28T05:52:38Z,MSFT,2026-09-02,put,535.0,30.3,0.0,0.0,1.0000000000000003e-05,1.0,0,True,505.05999755859375
2026-08-28T05:52:38Z,MSFT,2026-09-04,call,300.0,198.3,0.0,0.0,1.0000000000000003e-05,2.0,0,True,505.05999755859375
2026-08-28T05:52:38Z,MSFT,2026-09-04,call,310.0,193.37,0.0,0.0,1.0000000000000003e-05,,0,True,505.05999755859375
2026-08-28T05:52:38Z,MSFT,2026-09-04,call,315.0,167.67,0.0,0.0,1.0000000000000003e-05,1.0,0,True,505.05999755859375
2026-08-28T05:52:38Z,MSFT,2026-09-04,call,320.0,159.47,0.0,0.0,1.0000000000000003e-05,,0,True,505.05999755859375
2026-08-28T05:52:38Z,MSFT,2026-09-04,call,325.0,154.53,0.0,0.0,1.0000000000000003e-05,,0,True,505.05999755859375
2026-08-28T05:52:38Z,MSFT,2026-09-04,call,330.0,128.69,0.0,0.0,1.0000000000000003e-05,8.0,0,True,505.05999755859375
2026-08-28T05:52:38Z,MSFT,2026-09-04,call,335.0,148.05,0.0,0.0,1.0000000000000003e-05,10.0,0,True,505.05999755859375
2026-08-28T05:52:38Z,MSFT,2026-09-04,call,340.0,118.26,0.0,0.0,1.0000000000000003e-05,11.0,0,True,505.05999755859375
2026-08-28T05:52:38Z,MSFT,2026-09-04,call,345.0,144.3,0.0,0.0,1.0000000000000003e-05,2.0,0,True,505.05999755859375
2026-08-28T05:52:38Z,MSFT,2026-09-04,call,350.0,133.58,0.0,0.0,1.0000000000000003e-05,1.0,0,True,505.05999755859375
2026-08-28T05:52:38Z,MSFT,2026-09-04,call,355.0,128.2,0.0,0.0,1.0000000000000003e-05,20.0,0,True,505.05999755859375
2026-08-28T05:52:38Z,MSFT,2026-09-04,call,360.0,123.4,0.0,0.0,1.0000000000000003e-05,10.0,0,True,505.05999755859375
2026-08-28T05:52:38Z,MSFT,2026-09-04,call,365.0,132.42,0.0,0.0,1.0000000000000003e-05,20.0,0,True,505.05999755859375
2026-08-28T05:52:38Z,MSFT,2026-09-04,call,370.0,124.95,0.0,0.0,1.0000000000000003e-05,7.0,0,True,505.05999755859375
2026-08-28T05:52:38Z,MSFT,2026-09-04,call,375.0,111.1,0.0,0.0,1.0000000000000003e-05,10.0,0,True,505.05999755859375
2026-08-28T05:52:38Z,MSFT,2026-09-04,call,380.0,104.94,0.0,0.0,1.0000000000000003e-05,1.0,0,True,505.05999755859375
2026-08-28T05:52:38Z,MSFT,2026-09-04,call,385.0,118.5,0.0,0.0,1.0000000000000003e-05,2.0,0,True,505.05999755859375
2026-08-28T05:52:38Z,MSFT,2026-09-04,call,390.0,96.41,0.0,0.0,1.0000000000000003e-05,17.0,0,True,505.05999755859375
2026-08-28T05:52:38Z,MSFT,2026-09-04,call,395.0,86.4,0.0,0.0,1.0000000000000003e-05,52.0,0,True,505.05999755859375
2026-08-28T05:52:38Z,MSFT,2026-09-04,call,400.0,105.84,0.0,0.0,1.0000000000000003e-05,3.0,0,True,505.05999755859375
2026-08-28T05:52:38Z,MSFT,2026-09-04,call,405.0,98.4,0.0,0.0,1.0000000000000003e-05,3.0,0,True,505.05999755859375
2026-08-28T05:52:38Z,MSFT,2026-09-04,call,410.0,75.25,0.0,0.0,1.0000000000000003e-05,5.0,0,True,505.05999755859375
2026-08-28T05:52:38Z,MSFT,2026-09-04,call,415.0,73.0,0.0,0.0,1.0000000000000003e-05,5.0,0,True,505.05999755859375
2026-08-28T05:52:38Z,MSFT,2026-09-04,call,420.0,84.78,0.0,0.0,1.0000000000000003e-05,13.0,0,True,505.05999755859375
2026-08-28T05:52:38Z,MSFT,2026-09-04,call,425.0,79.85,0.0,0.0,1.0000000000000003e-05,2.0,0,True,505.05999755859375
2026-08-28T05:52:38Z,MSFT,2026-09-04,call,427.5,62.38,0.0,0.0,1.0000000000000003e-05,241.0,0,True,505.05999755859375
2026-08-28T05:52:38Z,MSFT,2026-09-04,call,430.0,74.56,0.0,0.0,1.0000000000000003e-05,6.0,0,True,505.05999755859375
2026-08-28T05:52:38Z,MSFT,2026-09-04,call,432.5,57.47,0.0,0.0,1.0000000000000003e-05,238.0,0,True,505.05999755859375
2026-08-28T05:52:38Z,MSFT,2026-09-04,call,435.0,69.61,0.0,0.0,1.0000000000000003e-05,10.0,0,True,505.05999755859375
2026-08-28T05:52:38Z,MSFT,2026-09-04,call,440.0,66.05,0.0,0.0,1.0000000000000003e-05,13.0,0,True,505.05999755859375
2026-08-28T05:52:38Z,MSFT,2026-09-04,call,445.0,58.1,0.0,0.0,1.0000000000000003e-05,10.0,0,True,505.05999755859375
2026-08-28T05:52:38Z,MSFT,2026-09-04,call,447.5,41.54,0.0,0.0,1.0000000000000003e-05,60.0,0,True,505.05999755859375
2026-08-28T05:52:38Z,MSFT,2026-09-04,call,450.0,56.67,0.0,0.0,1.0000000000000003e-05,13.0,0,True,505.05999755859375
2026-08-28T05:52:38Z,MSFT,2026-09-04,call,452.5,42.81,0.0,0.0,1.0000000000000003e-05,2.0,0,True,505.05999755859375
2026-08-28T05:52:38Z,MSFT,2026-09-04,call,455.0,49.76,0.0,0.0,1.0000000000000003e-05,7.0,0,True,505.05999755859375
2026-08-28T05:52:38Z,MSFT,2026-09-04,call,460.0,45.7,0.0,0.0,1.0000000000000003e-05,26.0,0,True,505.05999755859375
2026-08-28T05:52:38Z,MSFT,2026-09-04,call,462.5,43.52,0.0,0.0,1.0000000000000003e-05,4.0,0,True,505.05999755859375
2026-08-28T05:52:38Z,MSFT,2026-09-04,call,465.0,39.94,0.0,0.0,1.0000000000000003e-05,71.0,0,True,505.05999755859375
2026-08-28T05:52:38Z,MSFT,2026-09-04,call,467.5,35.94,0.0,0.0,1.0000000000000003e-05,61.0,0,True,505.05999755859375
2026-08-28T05:52:38Z,MSFT,2026-09-04,call,470.0,35.13,0.0,0.0,1.0000000000000003e-05,55.0,0,True,505.05999755859375
2026-08-28T05:52:38Z,MSFT,2026-09-04,call,472.5,34.4,0.0,0.0,1.0000000000000003e-05,1.0,0,True,505.05999755859375
2026-08-28T05:52:38Z,MSFT,2026-09-04,call,475.0,31.32,0.0,0.0,1.0000000000000003e-05,12.0,0,True,505.05999755859375
2026-08-28T05:52:38Z,MSFT,2026-09-04,call,477.5,28.37,0.0,0.0,1.0000000000000003e-05,1.0,0,True,505.05999755859375
2026-08-28T05:52:38Z,MSFT,2026-09-04,call,480.0,26.75,0.0,0.0,1.0000000000000003e-05,740.0,0,True,505.05999755859375
2026-08-28T05:52:38Z,MSFT,2026-09-04,call,482.5,25.1,0.0,0.0,1.0000000000000003e-05,15.0,0,True,505.05999755859375
2026-08-28T05:52:38Z,MSFT,2026-09-04,call,485.0,22.31,0.0,0.0,1.0000000000000003e-05,53.0,0,True,505.05999755859375
2026-08-28T05:52:38Z,MSFT,2026-09-04,call,487.5,19.84,0.0,0.0,1.0000000000000003e-05,56.0,0,True,505.05999755859375
2026-08-28T05:52:38Z,MSFT,2026-09-04,call,490.0,18.05,0.0,0.0,1.0000000000000003e-05,200.0,0,True,505.05999755859375
2026-08-28T05:52:38Z,MSFT,2026-09-04,call,492.5,16.59,0.0,0.0,1.0000000000000003e-05,90.0,0,True,505.05999755859375
2026-08-28T05:52:38Z,MSFT,2026-09-04,call,495.0,14.05,0.0,0.0,1.0000000000000003e-05,1098.0,0,True,505.05999755859375
2026-08-28T05:52:38Z,MSFT,2026-09-04,call,497.5,12.44,0.0,0.0,1.0000000000000003e-05,137.0,0,True,505.05999755859375
2026-08-28T05:52:38Z,MSFT,2026-09-04,call,500.0,10.8,0.0,0.0,1.0000000000000003e-05,2152.0,0,True,505.05999755859375
2026-08-28T05:52:38Z,MSFT,2026-09-04,call,502.5,9.22,0.0,0.0,1.0000000000000003e-05,585.0,0,True,505.05999755859375
2026-08-28T05:52:38Z,MSFT,2026-09-04,call,505.0,7.92,0.0,0.0,1.0000000000000003e-05,2412.0,0,True,505.05999755859375
2026-08-28T05:52:38Z,MSFT,2026-09-04,call,507.5,6.65,0.0,0.0,0.007822421875,1303.0,0,False,505.05999755859375
2026-08-28T05:52:38Z,MSFT,2026-09-04,call,510.0,5.5,0.0,0.0,0.015634843750000002,9585.0,0,False,505.05999755859375
2026-08-28T05:52:38Z,MSFT,2026-09-04,call,512.5,4.8,0.0,0.0,0.0312596875,1521.0,0,False,505.05999755859375
2026-08-28T05:52:38Z,MSFT,2026-09-04,call,515.0,3.8,0.0,0.0,0.0312596875,1301.0,0,False,505.05999755859375
2026-08-28T05:52:38Z,MSFT,2026-09-04,call,517.5,3.1,0.0,0.0,0.0312596875,1473.0,0,False,505.05999755859375
2026-08-28T05:52:38Z,MSFT,2026-09-04,call,520.0,2.58,0.0,0.0,0.0312596875,3671.0,0,False,505.05999755859375
2026-08-28T05:52:38Z,MSFT,2026-09-04,call,522.5,2.2,0.0,0.0,0.062509375,1420.0,0,False,505.05999755859375
2026-08-28T05:52:38Z,MSFT,2026-09-04,call,525.0,1.6,0.0,0.0,0.062509375,1237.0,0,False,505.05999755859375
2026-08-28T05:52:38Z,MSFT,2026-09-04,call,527.5,1.27,0.0,0.0,0.062509375,143.0,0,False,505.05999755859375
2026-08-28T05:52:38Z,MSFT,2026-09-04,call,530.0,1.0,0.0,0.0,0.062509375,678.0,0,False,505.05999755859375
2026-08-28T05:52:38Z,MSFT,2026-09-04,call,532.5,0.79,0.0,0.0,0.062509375,126.0,0,False,505.05999755859375
2026-08-28T05:52:38Z,MSFT,2026-09-04,call,535.0,0.6,0.0,0.0,0.062509375,1131.0,0,False,505.05999755859375
2026-08-28T05:52:38Z,MSFT,2026-09-04,call,537.5,0.48,0.0,0.0,0.12500875,184.0,0,False,505.05999755859375
2026-08-28T05:52:38Z,MSFT,2026-09-04,call,540.0,0.39,0.0,0.0,0.12500875,448.0,0,False,505.05999755859375
2026-08-28T05:52:38Z,MSFT,2026-09-04,call,545.0,0.2,0.0,0.0,0.12500875,62.0,0,False,505.05999755859375
2026-08-28T05:52:38Z,MSFT,2026-09-04,call,550.0,0.16,0.0,0.0,0.12500875,648.0,0,False,505.05999755859375
2026-08-28T05:52:38Z,MSFT,2026-09-04,call,555.0,0.1,0.0,0.0,0.12500875,36.0,0,False,505.05999755859375
2026-08-28T05:52:38Z,MSFT,2026-09-04,call,560.0,0.07,0.0,0.0,0.12500875,17.0,0,False,505.05999755859375
2026-08-28T05:52:38Z,MSFT,2026-09-04,call,565.0,0.06,0.0,0.0,0.12500875,8.0,0,False,505.05999755859375
2026-08-28T05:52:38Z,MSFT,2026-09-04,call,570.0,0.05,0.0,0.0,0.12500875,9.0,0,False,505.05999755859375
2026-08-28T05:52:38Z,MSFT,2026-09-04,call,575.0,0.1,0.0,0.0,0.12500875,1.0,0,False,505.05999755859375
2026-08-28T05:52:38Z,MSFT,2026-09-04,call,580.0,0.01,0.0,0.0,0.2500075,22.0,0,False,505.05999755859375
2026-08-28T05:52:38Z,MSFT,2026-09-04,call,590.0,0.01,0.0,0.0,0.2500075,650.0,0,False,505.05999755859375
2026-08-28T05:52:38Z,MSFT,2026-09-04,call,600.0,0.01,0.0,0.0,0.2500075,29.0,0,False,505.05999755859375
2026-08-28T05:52:38Z,MSFT,2026-09-04,call,610.0,0.03,0.0,0.0,0.2500075,6.0,0,False,505.05999755859375
2026-08-28T05:52:38Z,MSFT,2026-09-04,call,620.0,0.07,0.0,0.0,0.2500075,10.0,0,False,505.05999755859375
2026-08-28T05:52:38Z,MSFT,2026-09-04,call,630.0,0.13,0.0,0.0,0.2500075,10.0,0,False,505.05999755859375
2026-08-28T05:52:38Z,MSFT,2026-09-04,call,640.0,0.12,0.0,0.0,0.2500075,3.0,0,False,505.05999755859375
2026-08-28T05:52:38Z,MSFT,2026-09-04,call,650.0,0.01,0.0,0.0,0.2500075,28.0,0,False,505.05999755859375
2026-08-28T05:52:38Z,MSFT,2026-09-04,call,660.0,0.04,0.0,0.0,0.2500075,5.0,0,False,505.05999755859375
2026-08-28T05:52:38Z,MSFT,2026-09-04,call,670.0,0.25,0.0,0.0,0.500005,1.0,0,False,505.05999755859375
2026-08-28T05:52:38Z,MSFT,2026-09-04,call,680.0,0.04,0.0,0.0,0.500005,1.0,0,False,505.05999755859375
2026-08-28T05:52:38Z,MSFT,2026-09-04,put,270.0,0.02,0.0,0.0,0.500005,2.0,0,False,505.05999755859375
2026-08-28T05:52:38Z,MSFT,2026-09-04,put,280.0,0.05,0.0,0.0,0.500005,1.0,0,False,505.05999755859375
2026-08-28T05:52:38Z,MSFT,2026-09-04,put,290.0,0.02,0.0,0.0,0.500005,3.0,0,False,505.05999755859375
2026-08-28T05:52:38Z,MSFT,2026-09-04,put,300.0,0.01,0.0,0.0,0.500005,3.0,0,False,505.05999755859375
2026-08-28T05:52:38Z,MSFT,2026-09-04,put,305.0,0.08,0.0,0.0,0.500005,5.0,0,False,505.05999755859375
2026-08-28T05:52:38Z,MSFT,2026-09-04,put,310.0,0.01,0.0,0.0,0.500005,1.0,0,False,505.05999755859375
2026-08-28T05:52:38Z,MSFT,2026-09-04,put,315.0,0.01,0.0,0.0,0.500005,7.0,0,False,505.05999755859375
2026-08-28T05:52:38Z,MSFT,2026-09-04,put,320.0,0.01,0.0,0.0,0.500005,1.0,0,False,505.05999755859375
2026-08-28T05:52:38Z,MSFT,2026-09-04,put,325.0,0.07,0.0,0.0,0.500005,30.0,0,False,505.05999755859375
2026-08-28T05:52:38Z,MSFT,2026-09-04,put,330.0,0.05,0.0,0.0,0.500005,15.0,0,False,505.05999755859375
2026-08-28T05:52:38Z,MSFT,2026-09-04,put,335.0,0.59,0.0,0.0,0.500005,2.0,0,False,505.05999755859375
2026-08-28T05:52:38Z,MSFT,2026-09-04,put,340.0,0.01,0.0,0.0,0.500005,1.0,0,False,505.05999755859375
2026-08-28T05:52:38Z,MSFT,2026-09-04,put,345.0,0.01,0.0,0.0,0.500005,4.0,0,False,505.05999755859375
2026-08-28T05:52:38Z,MSFT,2026-09-04,put,350.0,0.02,0.0,0.0,0.500005,10.0,0,False,505.05999755859375
2026-08-28T05:52:38Z,MSFT,2026-09-04,put,355.0,0.03,0.0,0.0,0.500005,2.0,0,False,505.05999755859375
2026-08-28T05:52:38Z,MSFT,2026-09-04,put,360.0,0.01,0.0,0.0,0.500005,3.0,0,False,505.05999755859375
2026-08-28T05:52:38Z,MSFT,2026-09-04,put,365.0,0.06,0.0,0.0,0.500005,6.0,0,False,505.05999755859375
2026-08-28T05:52:38Z,MSFT,2026-09-04,put,370.0,0.01,0.0,0.0,0.500005,20.0,0,False,505.05999755859375
2026-08-28T05:52:38Z,MSFT,2026-09-04,put,375.0,0.02,0.0,0.0,0.500005,10.0,0,False,505.05999755859375
2026-08-28T05:52:38Z,MSFT,2026-09-04,put,380.0,0.04,0.0,0.0,0.500005,6.0,0,False,505.05999755859375
2026-08-28T05:52:38Z,MSFT,2026-09-04,put,385.0,0.1,0.0,0.0,0.500005,1.0,0,False,505.05999755859375
2026-08-28T05:52:38Z,MSFT,2026-09-04,put,390.0,0.02,0.0,0.0,0.2500075,24.0,0,False,505.05999755859375
2026-08-28T05:52:38Z,MSFT,2026-09-04,put,395.0,0.02,0.0,0.0,0.2500075,3.0,0,False,505.05999755859375
2026-08-28T05:52:38Z,MSFT,2026-09-04,put,400.0,0.01,0.0,0.0,0.2500075,39.0,0,False,505.05999755859375
2026-08-28T05:52:38Z,MSFT,2026-09-04,put,405.0,0.03,0.0,0.0,0.2500075,21.0,0,False,505.05999755859375
2026-08-28T05:52:38Z,MSFT,2026-09-04,put,410.0,0.03,0.0,0.0,0.2500075,721.0,0,False,505.05999755859375
2026-08-28T05:52:38Z,MSFT,2026-09-04,put,415.0,0.16,0.0,0.0,0.2500075,2.0,0,False,505.05999755859375
2026-08-28T05:52:38Z,MSFT,2026-09-04,put,420.0,0.04,0.0,0.0,0.2500075,94.0,0,False,505.05999755859375
2026-08-28T05:52:38Z,MSFT,2026-09-04,put,425.0,0.06,0.0,0.0,0.2500075,3.0,0,False,505.05999755859375
2026-08-28T05:52:38Z,MSFT,2026-09-04,put,430.0,0.07,0.0,0.0,0.2500075,6.0,0,False,505.05999755859375
2026-08-28T05:52:38Z,MSFT,2026-09-04,put,432.5,0.09,0.0,0.0,0.2500075,12.0,0,False,505.05999755859375
2026-08-28T05:52:38Z,MSFT,2026-09-04,put,435.0,0.08,0.0,0.0,0.2500075,44.0,0,False,505.05999755859375
2026-08-28T05:52:38Z,MSFT,2026-09-04,put,437.5,0.36,0.0,0.0,0.2500075,5.0,0,False,505.05999755859375
2026-08-28T05:52:38Z,MSFT,2026-09-04,put,440.0,0.08,0.0,0.0,0.2500075,68.0,0,False,505.05999755859375
2026-08-28T05:52:38Z,MSFT,2026-09-04,put,442.5,0.12,0.0,0.0,0.2500075,16.0,0,False,505.05999755859375
2026-08-28T05:52:38Z,MSFT,2026-09-04,put,445.0,0.13,0.0,0.0,0.12500875,79.0,0,False,505.05999755859375
2026-08-28T05:52:38Z,MSFT,2026-09-04,put,447.5,0.1,0.0,0.0,0.12500875,7.0,0,False,505.05999755859375
2026-08-28T05:52:38Z,MSFT,2026-09-04,put,450.0,0.13,0.0,0.0,0.12500875,179.0,0,False,505.05999755859375
2026-08-28T05:52:38Z,MSFT,2026-09-04,put,452.5,0.18,0.0,0.0,0.12500875,14.0,0,False,505.05999755859375
2026-08-28T05:52:38Z,MSFT,2026-09-04,put,455.0,0.16,0.0,0.0,0.12500875,165.0,0,False,505.05999755859375
2026-08-28T05:52:38Z,MSFT,2026-09-04,put,457.5,0.23,0.0,0.0,0.12500875,44.0,0,False,505.05999755859375
2026-08-28T05:52:38Z,MSFT,2026-09-04,put,460.0,0.23,0.0,0.0,0.12500875,1018.0,0,False,505.05999755859375
2026-08-28T05:52:38Z,MSFT,2026-09-04,put,462.5,0.24,0.0,0.0,0.12500875,49.0,0,False,505.05999755859375
2026-08-28T05:52:38Z,MSFT,2026-09-04,put,465.0,0.3,0.0,0.0,0.12500875,523.0,0,False,505.05999755859375
2026-08-28T05:52:38Z,MSFT,2026-09-04,put,467.5,0.36,0.0,0.0,0.12500875,921.0,0,False,505.05999755859375
2026-08-28T05:52:38Z,MSFT,2026-09-04,put,470.0,0.44,0.0,0.0,0.12500875,983.0,0,False,505.05999755859375
2026-08-28T05:52:38Z,MSFT,2026-09-04,put,472.5,0.53,0.0,0.0,0.12500875,232.0,0,False,505.05999755859375
2026-08-28T05:52:38Z,MSFT,2026-09-04,put,475.0,0.59,0.0,0.0,0.062509375,495.0,0,False,505.05999755859375
2026-08-28T05:52:38Z,MSFT,2026-09-04,put,477.5,0.79,0.0,0.0,0.062509375,89.0,0,False,505.05999755859375
2026-08-28T05:52:38Z,MSFT,2026-09-04,put,480.0,0.95,0.0,0.0,0.062509375,653.0,0,False,505.05999755859375
2026-08-28T05:52:38Z,MSFT,2026-09-04,put,482.5,1.22,0.0,0.0,0.062509375,141.0,0,False,505.05999755859375
2026-08-28T05:52:38Z,MSFT,2026-09-04,put,485.0,1.5,0.0,0.0,0.062509375,969.0,0,False,505.05999755859375
2026-08-28T05:52:38Z,MSFT,2026-09-04,put,487.5,1.87,0.0,0.0,0.062509375,124.0,0,False,505.05999755859375
2026-08-28T05:52:38Z,MSFT,2026-09-04,put,490.0,2.28,0.0,0.0,0.062509375,1808.0,0,False,505.05999755859375
2026-08-28T05:52:38Z,MSFT,2026-09-04,put,492.5,2.9,0.0,0.0,0.0312596875,321.0,0,False,505.05999755859375
2026-08-28T05:52:38Z,MSFT,2026-09-04,put,495.0,3.56,0.0,0.0,0.0312596875,752.0,0,False,505.05999755859375
2026-08-28T05:52:38Z,MSFT,2026-09-04,put,497.5,4.22,0.0,0.0,0.0312596875,411.0,0,False,505.05999755859375
2026-08-28T05:52:38Z,MSFT,2026-09-04,put,500.0,5.1,0.0,0.0,0.015634843750000002,1471.0,0,False,505.05999755859375
2026-08-28T05:52:38Z,MSFT,2026-09-04,put,502.5,6.02,0.0,0.0,0.007822421875,310.0,0,False,505.05999755859375
2026-08-28T05:52:38Z,MSFT,2026-09-04,put,505.0,7.15,0.0,0.0,0.0004982763671875,402.0,0,False,505.05999755859375
2026-08-28T05:52:38Z,MSFT,2026-09-04,put,507.5,8.3,0.0,0.0,1.0000000000000003e-05,60.0,0,True,505.05999755859375
2026-08-28T05:52:38Z,MSFT,2026-09-04,put,510.0,9.9,0.0,0.0,1.0000000000000003e-05,41.0,0,True,505.05999755859375
2026-08-28T05:52:38Z,MSFT,2026-09-04,put,512.5,11.46,0.0,0.0,1.0000000000000003e-05,21.0,0,True,505.05999755859375
2026-08-28T05:52:38Z,MSFT,2026-09-04,put,515.0,13.11,0.0,0.0,1.0000000000000003e-05,64.0,0,True,505.05999755859375
2026-08-28T05:52:38Z,MSFT,2026-09-04,put,520.0,16.98,0.0,0.0,1.0000000000000003e-05,2.0,0,True,505.05999755859375
2026-08-28T05:52:38Z,MSFT,2026-09-04,put,525.0,23.75,0.0,0.0,1.0000000000000003e-05,7.0,0,True,505.05999755859375
2026-08-28T05:52:38Z,MSFT,2026-09-04,put,530.0,24.7,0.0,0.0,1.0000000000000003e-05,29.0,0,True,505.05999755859375
2026-08-28T05:52:38Z,MSFT,2026-09-04,put,535.0,56.0,0.0,0.0,1.0000000000000003e-05,1.0,0,True,505.05999755859375
2026-08-28T05:52:38Z,MSFT,2026-09-04,put,540.0,34.5,0.0,0.0,1.0000000000000003e-05,3.0,0,True,505.05999755859375
2026-08-28T05:52:38Z,MSFT,2026-09-04,put,570.0,73.6,0.0,0.0,1.0000000000000003e-05,,0,True,505.05999755859375
2026-08-28T05:52:38Z,MSFT,2026-09-11,call,290.0,209.5,0.0,0.0,1.0000000000000003e-05,,0,True,505.05999755859375
2026-08-28T05:52:38Z,MSFT,2026-09-11,call,300.0,196.65,0.0,0.0,1.0000000000000003e-05,,0,True,505.05999755859375
2026-08-28T05:52:38Z,MSFT,2026-09-11,call,305.0,184.25,0.0,0.0,1.0000000000000003e-05,,0,True,505.05999755859375
2026-08-28T05:52:38Z,MSFT,2026-09-11,call,310.0,193.45,0.0,0.0,1.0000000000000003e-05,10.0,0,True,505.05999755859375
2026-08-28T05:52:38Z,MSFT,2026-09-11,call,325.0,164.45,0.0,0.0,1.0000000000000003e-05,,0,True,505.05999755859375
2026-08-28T05:52:38Z,MSFT,2026-09-11,call,330.0,155.15,0.0,0.0,1.0000000000000003e-05,2.0,0,True,505.05999755859375
2026-08-28T05:52:38Z,MSFT,2026-09-11,call,335.0,154.5,0.0,0.0,1.0000000000000003e-05,,0,True,505.05999755859375
2026-08-28T05:52:38Z,MSFT,2026-09-11,call,345.0,143.8,0.0,0.0,1.0000000000000003e-05,,0,True,505.05999755859375
2026-08-28T05:52:38Z,MSFT,2026-09-11,call,350.0,139.0,0.0,0.0,1.0000000000000003e-05,,0,True,505.05999755859375
2026-08-28T05:52:38Z,MSFT,2026-09-11,call,355.0,149.0,0.0,0.0,1.0000000000000003e-05,2.0,0,True,505.05999755859375
2026-08-28T05:52:38Z,MSFT,2026-09-11,call,360.0,129.75,0.0,0.0,1.0000000000000003e-05,,0,True,505.05999755859375
2026-08-28T05:52:38Z,MSFT,2026-09-11,call,370.0,125.12,0.0,0.0,1.0000000000000003e-05,7.0,0,True,505.05999755859375
2026-08-28T05:52:38Z,MSFT,2026-09-11,call,375.0,110.75,0.0,0.0,1.0000000000000003e-05,4.0,0,True,505.05999755859375
2026-08-28T05:52:38Z,MSFT,2026-09-11,call,380.0,99.01,0.0,0.0,1.0000000000000003e-05,12.0,0,True,505.05999755859375
2026-08-28T05:52:38Z,MSFT,2026-09-11,call,390.0,106.72,0.0,0.0,1.0000000000000003e-05,6.0,0,True,505.05999755859375
2026-08-28T05:52:38Z,MSFT,2026-09-11,call,395.0,91.52,0.0,0.0,1.0000000000000003e-05,60.0,0,True,505.05999755859375
2026-08-28T05:52:38Z,MSFT,2026-09-11,call,400.0,104.03,0.0,0.0,1.0000000000000003e-05,10.0,0,True,505.05999755859375
2026-08-28T05:52:38Z,MSFT,2026-09-11,call,405.0,77.06,0.0,0.0,1.0000000000000003e-05,10.0,0,True,505.05999755859375
2026-08-28T05:52:38Z,MSFT,2026-09-11,call,410.0,76.4,0.0,0.0,1.0000000000000003e-05,1.0,0,True,505.05999755859375
2026-08-28T05:52:38Z,MSFT,2026-09-11,call,415.0,82.4,0.0,0.0,1.0000000000000003e-05,1.0,0,True,505.05999755859375
2026-08-28T05:52:38Z,MSFT,2026-09-11,call,420.0,75.22,0.0,0.0,1.0000000000000003e-05,5.0,0,True,505.05999755859375
2026-08-28T05:52:38Z,MSFT,2026-09-11,call,425.0,65.84,0.0,0.0,1.0000000000000003e-05,42.0,0,True,505.05999755859375
2026-08-28T05:52:38Z,MSFT,2026-09-11,call,430.0,75.65,0.0,0.0,1.0000000000000003e-05,4.0,0,True,505.05999755859375
2026-08-28T05:52:38Z,MSFT,2026-09-11,call,435.0,71.72,0.0,0.0,1.0000000000000003e-05,24.0,0,True,505.05999755859375
2026-08-28T05:52:38Z,MSFT,2026-09-11,call,440.0,63.3,0.0,0.0,1.0000000000000003e-05,2.0,0,True,505.05999755859375
2026-08-28T05:52:38Z,MSFT,2026-09-11,call,445.0,58.65,0.0,0.0,1.0000000000000003e-05,61.0,0,True,505.05999755859375
2026-08-28T05:52:38Z,MSFT,2026-09-11,call,450.0,57.17,0.0,0.0,1.0000000000000003e-05,6.0,0,True,505.05999755859375
2026-08-28T05:52:38Z,MSFT,2026-09-11,call,455.0,48.74,0.0,0.0,1.0000000000000003e-05,5.0,0,True,505.05999755859375
2026-08-28T05:52:38Z,MSFT,2026-09-11,call,460.0,44.9,0.0,0.0,1.0000000000000003e-05,52.0,0,True,505.05999755859375
2026-08-28T05:52:38Z,MSFT,2026-09-11,call,462.5,42.53,0.0,0.0,1.0000000000000003e-05,53.0,0,True,505.05999755859375
2026-08-28T05:52:38Z,MSFT,2026-09-11,call,465.0,41.38,0.0,0.0,1.0000000000000003e-05,2.0,0,True,505.05999755859375
2026-08-28T05:52:38Z,MSFT,2026-09-11,call,467.5,38.63,0.0,0.0,1.0000000000000003e-05,4.0,0,True,505.05999755859375
2026-08-28T05:52:38Z,MSFT,2026-09-11,call,470.0,36.55,0.0,0.0,1.0000000000000003e-05,18.0,0,True,505.05999755859375
2026-08-28T05:52:38Z,MSFT,2026-09-11,call,472.5,20.2,0.0,0.0,1.0000000000000003e-05,2.0,0,True,505.05999755859375
2026-08-28T05:52:38Z,MSFT,2026-09-11,call,475.0,32.62,0.0,0.0,1.0000000000000003e-05,81.0,0,True,505.05999755859375
2026-08-28T05:52:38Z,MSFT,2026-09-11,call,477.5,27.96,0.0,0.0,1.0000000000000003e-05,1.0,0,True,505.05999755859375
2026-08-28T05:52:38Z,MSFT,2026-09-11,call,480.0,28.19,0.0,0.0,1.0000000000000003e-05,68.0,0,True,505.05999755859375
2026-08-28T05:52:38Z,MSFT,2026-09-11,call,482.5,26.52,0.0,0.0,1.0000000000000003e-05,2.0,0,True,505.05999755859375
2026-08-28T05:52:38Z,MSFT,2026-09-11,call,485.0,24.75,0.0,0.0,1.0000000000000003e-05,29.0,0,True,505.05999755859375
2026-08-28T05:52:38Z,MSFT,2026-09-11,call,487.5,20.35,0.0,0.0,1.0000000000000003e-05,11.0,0,True,505.05999755859375
2026-08-28T05:52:38Z,MSFT,2026-09-11,call,490.0,20.9,0.0,0.0,1.0000000000000003e-05,77.0,0,True,505.05999755859375
2026-08-28T05:52:38Z,MSFT,2026-09-11,call,492.5,14.36,0.0,0.0,1.0000000000000003e-05,113.0,0,True,505.05999755859375
2026-08-28T05:52:38Z,MSFT,2026-09-11,call,495.0,17.0,0.0,0.0,1.0000000000000003e-05,74.0,0,True,505.05999755859375
2026-08-28T05:52:38Z,MSFT,2026-09-11,call,497.5,14.25,0.0,0.0,1.0000000000000003e-05,169.0,0,True,505.05999755859375
2026-08-28T05:52:38Z,MSFT,2026-09-11,call,500.0,13.3,0.0,0.0,1.0000000000000003e-05,471.0,0,True,505.05999755859375
2026-08-28T05:52:38Z,MSFT,2026-09-11,call,502.5,11.75,0.0,0.0,1.0000000000000003e-05,203.0,0,True,505.05999755859375
2026-08-28T05:52:38Z,MSFT,2026-09-11,call,505.0,10.5,0.0,0.0,1.0000000000000003e-05,352.0,0,True,505.05999755859375
2026-08-28T05:52:38Z,MSFT,2026-09-11,call,507.5,9.5,0.0,0.0,0.007822421875,78.0,0,False,505.05999755859375
2026-08-28T05:52:38Z,MSFT,2026-09-11,call,510.0,8.18,0.0,0.0,0.015634843750000002,313.0,0,False,505.05999755859375
2026-08-28T05:52:38Z,MSFT,2026-09-11,call,515.0,6.25,0.0,0.0,0.0312596875,332.0,0,False,505.05999755859375
2026-08-28T05:52:38Z,MSFT,2026-09-11,call,520.0,4.5,0.0,0.0,0.0312596875,1207.0,0,False,505.05999755859375
2026-08-28T05:52:38Z,MSFT,2026-09-11,call,525.0,3.2,0.0,0.0,0.0312596875,736.0,0,False,505.05999755859375
2026-08-28T05:52:38Z,MSFT,2026-09-11,call,530.0,2.43,0.0,0.0,0.062509375,1353.0,0,False,505.05999755859375
2026-08-28T05:52:38Z,MSFT,2026-09-11,call,535.0,1.75,0.0,0.0,0.062509375,92.0,0,False,505.05999755859375
2026-08-28T05:52:38Z,MSFT,2026-09-11,call,540.0,1.12,0.0,0.0,0.062509375,121.0,0,False,505.05999755859375
2026-08-28T05:52:38Z,MSFT,2026-09-11,call,545.0,0.79,0.0,0.0,0.062509375,276.0,0,False,505.05999755859375
2026-08-28T05:52:38Z,MSFT,2026-09-11,call,550.0,0.56,0.0,0.0,0.062509375,457.0,0,False,505.05999755859375
2026-08-28T05:52:38Z,MSFT,2026-09-11,call,555.0,0.39,0.0,0.0,0.12500875,20.0,0,False,505.05999755859375
2026-08-28T05:52:38Z,MSFT,2026-09-11,call,560.0,0.28,0.0,0.0,0.12500875,23.0,0,False,505.05999755859375
2026-08-28T05:52:38Z,MSFT,2026-09-11,call,570.0,0.08,0.0,0.0,0.12500875,18.0,0,False,505.05999755859375
2026-08-28T05:52:38Z,MSFT,2026-09-11,call,580.0,0.08,0.0,0.0,0.12500875,17.0,0,False,505.05999755859375
2026-08-28T05:52:38Z,MSFT,2026-09-11,call,590.0,0.07,0.0,0.0,0.12500875,12.0,0,False,505.05999755859375
2026-08-28T05:52:38Z,MSFT,2026-09-11,call,600.0,0.04,0.0,0.0,0.12500875,7.0,0,False,505.05999755859375
2026-08-28T05:52:38Z,MSFT,2026-09-11,call,610.0,0.03,0.0,0.0,0.2500075,6.0,0,False,505.05999755859375
2026-08-28T05:52:38Z,MSFT,2026-09-11,call,620.0,0.01,0.0,0.0,0.2500075,24.0,0,False,505.05999755859375
2026-08-28T05:52:38Z,MSFT,2026-09-11,call,630.0,0.13,0.0,0.0,0.2500075,6.0,0,False,505.05999755859375
2026-08-28T05:52:38Z,MSFT,2026-09-11,call,640.0,0.01,0.0,0.0,0.2500075,5.0,0,False,505.05999755859375
2026-08-28T05:52:38Z,MSFT,2026-09-11,call,650.0,0.02,0.0,0.0,0.2500075,1.0,0,False,505.05999755859375
2026-08-28T05:52:38Z,MSFT,2026-09-11,call,660.0,0.01,0.0,0.0,0.2500075,21.0,0,False,505.05999755859375
2026-08-28T05:52:38Z,MSFT,2026-09-11,call,670.0,0.02,0.0,0.0,0.2500075,4.0,0,False,505.05999755859375
2026-08-28T05:52:38Z,MSFT,2026-09-11,call,680.0,0.01,0.0,0.0,0.2500075,11.0,0,False,505.05999755859375
2026-08-28T05:52:38Z,MSFT,2026-09-11,put,280.0,0.01,0.0,0.0,0.500005,75.0,0,False,505.05999755859375
2026-08-28T05:52:38Z,MSFT,2026-09-11,put,300.0,0.01,0.0,0.0,0.500005,1.0,0,False,505.05999755859375
2026-08-28T05:52:38Z,MSFT,2026-09-11,put,305.0,0.14,0.0,0.0,0.500005,47.0,0,False,505.05999755859375
2026-08-28T05:52:38Z,MSFT,2026-09-11,put,310.0,0.14,0.0,0.0,0.500005,104.0,0,False,505.05999755859375
2026-08-28T05:52:38Z,MSFT,2026-09-11,put,315.0,0.16,0.0,0.0,0.500005,3.0,0,False,505.05999755859375
2026-08-28T05:52:38Z,MSFT,2026-09-11,put,320.0,0.02,0.0,0.0,0.500005,5.0,0,False,505.05999755859375
2026-08-28T05:52:38Z,MSFT,2026-09-11,put,325.0,0.03,0.0,0.0,0.500005,10.0,0,False,505.05999755859375
2026-08-28T05:52:38Z,MSFT,2026-09-11,put,330.0,0.14,0.0,0.0,0.500005,12.0,0,False,505.05999755859375
2026-08-28T05:52:38Z,MSFT,2026-09-11,put,335.0,0.13,0.0,0.0,0.500005,2.0,0,False,505.05999755859375
2026-08-28T05:52:38Z,MSFT,2026-09-11,put,340.0,0.02,0.0,0.0,0.500005,2.0,0,False,505.05999755859375
2026-08-28T05:52:38Z,MSFT,2026-09-11,put,345.0,0.04,0.0,0.0,0.500005,19.0,0,False,505.05999755859375
2026-08-28T05:52:38Z,MSFT,2026-09-11,put,350.0,0.05,0.0,0.0,0.2500075,2.0,0,False,505.05999755859375
2026-08-28T05:52:38Z,MSFT,2026-09-11,put,355.0,0.05,0.0,0.0,0.2500075,7.0,0,False,505.05999755859375
2026-08-28T05:52:38Z,MSFT,2026-09-11,put,360.0,0.31,0.0,0.0,0.2500075,2.0,0,False,505.05999755859375
2026-08-28T05:52:38Z,MSFT,2026-09-11,put,365.0,0.04,0.0,0.0,0.2500075,11.0,0,False,505.05999755859375
2026-08-28T05:52:38Z,MSFT,2026-09-11,put,370.0,0.05,0.0,0.0,0.2500075,14.0,0,False,505.05999755859375
2026-08-28T05:52:38Z,MSFT,2026-09-11,put,375.0,0.12,0.0,0.0,0.2500075,1.0,0,False,505.05999755859375
2026-08-28T05:52:38Z,MSFT,2026-09-11,put,380.0,0.04,0.0,0.0,0.2500075,41.0,0,False,505.05999755859375
2026-08-28T05:52:38Z,MSFT,2026-09-11,put,385.0,0.07,0.0,0.0,0.2500075,9.0,0,False,505.05999755859375
2026-08-28T05:52:38Z,MSFT,2026-09-11,put,390.0,0.06,0.0,0.0,0.2500075,21.0,0,False,505.05999755859375
2026-08-28T05:52:38Z,MSFT,2026-09-11,put,395.0,0.07,0.0,0.0,0.2500075,2.0,0,False,505.05999755859375
2026-08-28T05:52:38Z,MSFT,2026-09-11,put,400.0,0.08,0.0,0.0,0.2500075,3.0,0,False,505.05999755859375
2026-08-28T05:52:38Z,MSFT,2026-09-11,put,405.0,0.18,0.0,0.0,0.2500075,1.0,0,False,505.05999755859375
2026-08-28T05:52:38Z,MSFT,2026-09-11,put,410.0,0.11,0.0,0.0,0.2500075,4.0,0,False,505.05999755859375
2026-08-28T05:52:38Z,MSFT,2026-09-11,put,415.0,0.15,0.0,0.0,0.2500075,1.0,0,False,505.05999755859375
2026-08-28T05:52:38Z,MSFT,2026-09-11,put,420.0,0.11,0.0,0.0,0.2500075,27.0,0,False,505.05999755859375
2026-08-28T05:52:38Z,MSFT,2026-09-11,put,425.0,0.18,0.0,0.0,0.12500875,20.0,0,False,505.05999755859375
2026-08-28T05:52:38Z,MSFT,2026-09-11,put,430.0,0.17,0.0,0.0,0.12500875,58.0,0,False,505.05999755859375
2026-08-28T05:52:38Z,MSFT,2026-09-11,put,435.0,0.2,0.0,0.0,0.12500875,19.0,0,False,505.05999755859375
2026-08-28T05:52:38Z,MSFT,2026-09-11,put,440.0,0.19,0.0,0.0,0.12500875,46.0,0,False,505.05999755859375
2026-08-28T05:52:38Z,MSFT,2026-09-11,put,445.0,0.27,0.0,0.0,0.12500875,16.0,0,False,505.05999755859375
2026-08-28T05:52:38Z,MSFT,2026-09-11,put,450.0,0.38,0.0,0.0,0.12500875,100.0,0,False,505.05999755859375
2026-08-28T05:52:38Z,MSFT,2026-09-11,put,455.0,0.52,0.0,0.0,0.12500875,625.0,0,False,505.05999755859375
2026-08-28T05:52:38Z,MSFT,2026-09-11,put,460.0,0.62,0.0,0.0,0.12500875,170.0,0,False,505.05999755859375
2026-08-28T05:52:38Z,MSFT,2026-09-11,put,462.5,0.72,0.0,0.0,0.12500875,13.0,0,False,505.05999755859375
2026-08-28T05:52:38Z,MSFT,2026-09-11,put,465.0,0.83,0.0,0.0,0.062509375,186.0,0,False,505.05999755859375
2026-08-28T05:52:38Z,MSFT,2026-09-11,put,467.5,1.28,0.0,0.0,0.062509375,11.0,0,False,505.05999755859375
2026-08-28T05:52:38Z,MSFT,2026-09-11,put,470.0,1.18,0.0,0.0,0.062509375,330.0,0,False,505.05999755859375
2026-08-28T05:52:38Z,MSFT,2026-09-11,put,472.5,1.53,0.0,0.0,0.062509375,9.0,0,False,505.05999755859375
2026-08-28T05:52:38Z,MSFT,2026-09-11,put,475.0,1.42,0.0,0.0,0.062509375,202.0,0,False,505.05999755859375
2026-08-28T05:52:38Z,MSFT,2026-09-11,put,477.5,1.81,0.0,0.0,0.062509375,59.0,0,False,505.05999755859375
2026-08-28T05:52:38Z,MSFT,2026-09-11,put,480.0,2.13,0.0,0.0,0.062509375,179.0,0,False,505.05999755859375
2026-08-28T05:52:38Z,MSFT,2026-09-11,put,482.5,2.75,0.0,0.0,0.062509375,375.0,0,False,505.05999755859375
2026-08-28T05:52:38Z,MSFT,2026-09-11,put,485.0,2.86,0.0,0.0,0.0312596875,144.0,0,False,505.05999755859375
2026-08-28T05:52:38Z,MSFT,2026-09-11,put,487.5,3.45,0.0,0.0,0.0312596875,45.0,0,False,505.05999755859375
2026-08-28T05:52:38Z,MSFT,2026-09-11,put,490.0,4.24,0.0,0.0,0.0312596875,122.0,0,False,505.05999755859375
2026-08-28T05:52:38Z,MSFT,2026-09-11,put,492.5,4.55,0.0,0.0,0.0312596875,41.0,0,False,505.05999755859375
2026-08-28T05:52:38Z,MSFT,2026-09-11,put,495.0,5.55,0.0,0.0,0.0312596875,53.0,0,False,505.05999755859375
2026-08-28T05:52:38Z,MSFT,2026-09-11,put,497.5,6.65,0.0,0.0,0.015634843750000002,61.0,0,False,505.05999755859375
2026-08-28T05:52:38Z,MSFT,2026-09-11,put,500.0,7.3,0.0,0.0,0.015634843750000002,166.0,0,False,505.05999755859375
2026-08-28T05:52:38Z,MSFT,2026-09-11,put,505.0,9.47,0.0,0.0,0.00025413818359375,89.0,0,False,505.05999755859375
2026-08-28T05:52:38Z,MSFT,2026-09-11,put,510.0,13.45,0.0,0.0,1.0000000000000003e-05,3.0,0,True,505.05999755859375
2026-08-28T05:52:38Z,MSFT,2026-09-11,put,515.0,16.65,0.0,0.0,1.0000000000000003e-05,31.0,0,True,505.05999755859375
2026-08-28T05:52:38Z,MSFT,2026-09-11,put,520.0,22.5,0.0,0.0,1.0000000000000003e-05,2.0,0,True,505.05999755859375
2026-08-28T05:52:38Z,MSFT,2026-09-11,put,525.0,42.1,0.0,0.0,1.0000000000000003e-05,2.0,0,True,505.05999755859375
2026-08-28T05:52:38Z,MSFT,2026-09-11,put,530.0,27.03,0.0,0.0,1.0000000000000003e-05,2.0,0,True,505.05999755859375
2026-08-28T05:52:38Z,MSFT,2026-09-11,put,535.0,30.3,0.0,0.0,1.0000000000000003e-05,10.0,0,True,505.05999755859375
2026-08-28T05:52:38Z,MSFT,2026-09-11,put,540.0,59.65,0.0,0.0,1.0000000000000003e-05,1.0,0,True,505.05999755859375
2026-08-28T05:52:38Z,MSFT,2026-09-11,put,545.0,45.0,0.0,0.0,1.0000000000000003e-05,1.0,0,True,505.05999755859375
2026-08-28T05:52:38Z,MSFT,2026-09-11,put,550.0,46.0,0.0,0.0,1.0000000000000003e-05,1.0,0,True,505.05999755859375
2026-08-28T05:52:38Z,MSFT,2026-09-11,put,555.0,54.8,0.0,0.0,1.0000000000000003e-05,3.0,0,True,505.05999755859375
2026-08-28T05:52:38Z,MSFT,2026-09-11,put,560.0,55.0,0.0,0.0,1.0000000000000003e-05,1.0,0,True,505.05999755859375
2026-08-28T05:52:38Z,MSFT,2026-09-11,put,570.0,68.15,0.0,0.0,1.0000000000000003e-05,2.0,0,True,505.05999755859375
2026-08-28T05:52:38Z,MSFT,2026-09-11,put,600.0,103.3,0.0,0.0,1.0000000000000003e-05,,0,True,505.05999755859375
2026-08-28T05:52:38Z,MSFT,2026-09-18,call,215.0,273.65,0.0,0.0,1.0000000000000003e-05,4.0,0,True,505.05999755859375
2026-08-28T05:52:38Z,MSFT,2026-09-18,call,220.0,283.46,0.0,0.0,1.0000000000000003e-05,1.0,0,True,505.05999755859375
2026-08-28T05:52:38Z,MSFT,2026-09-18,call,225.0,150.91,196.95,200.35,1.0000000000000003e-05,6.0,6,True,505.05999755859375
2026-08-28T05:52:38Z,MSFT,2026-09-18,call,230.0,280.36,0.0,0.0,1.0000000000000003e-05,5.0,0,True,505.05999755859375
2026-08-28T05:52:38Z,MSFT,2026-09-18,call,235.0,271.6,0.0,0.0,1.0000000000000003e-05,13.0,0,True,505.05999755859375
2026-08-28T05:52:38Z,MSFT,2026-09-18,call,240.0,266.71,0.0,0.0,1.0000000000000003e-05,16.0,0,True,505.05999755859375
2026-08-28T05:52:38Z,MSFT,2026-09-18,call,245.0,261.78,0.0,0.0,1.0000000000000003e-05,10.0,0,True,505.05999755859375
2026-08-28T05:52:38Z,MSFT,2026-09-18,call,250.0,232.02,0.0,0.0,1.0000000000000003e-05,1.0,0,True,505.05999755859375
2026-08-28T05:52:38Z,MSFT,2026-09-18,call,255.0,179.8,0.0,0.0,1.0000000000000003e-05,1.0,0,True,505.05999755859375
2026-08-28T05:52:38Z,MSFT,2026-09-18,call,260.0,229.8,0.0,0.0,1.0000000000000003e-05,2.0,0,True,505.05999755859375
2026-08-28T05:52:38Z,MSFT,2026-09-18,call,265.0,225.0,0.0,0.0,1.0000000000000003e-05,1.0,0,True,505.05999755859375
2026-08-28T05:52:38Z,MSFT,2026-09-18,call,270.0,231.85,0.0,0.0,1.0000000000000003e-05,1.0,0,True,505.05999755859375
2026-08-28T05:52:38Z,MSFT,2026-09-18,call,275.0,218.31,0.0,0.0,1.0000000000000003e-05,1.0,0,True,505.05999755859375
2026-08-28T05:52:38Z,MSFT,2026-09-18,call,280.0,202.26,0.0,0.0,1.0000000000000003e-05,8.0,0,True,505.05999755859375
2026-08-28T05:52:38Z,MSFT,2026-09-18,call,285.0,196.87,0.0,0.0,1.0000000000000003e-05,1.0,0,True,505.05999755859375
2026-08-28T05:52:38Z,MSFT,2026-09-18,call,290.0,204.1,0.0,0.0,1.0000000000000003e-05,1.0,0,True,505.05999755859375
2026-08-28T05:52:38Z,MSFT,2026-09-18,call,295.0,154.45,0.0,0.0,1.0000000000000003e-05,5.0,0,True,505.05999755859375
2026-08-28T05:52:38Z,MSFT,2026-09-18,call,300.0,204.8,0.0,0.0,1.0000000000000003e-05,3.0,0,True,505.05999755859375
2026-08-28T05:52:38Z,MSFT,2026-09-18,call,305.0,160.05,0.0,0.0,1.0000000000000003e-05,2.0,0,True,505.05999755859375
2026-08-28T05:52:38Z,MSFT,2026-09-18,call,310.0,175.42,0.0,0.0,1.0000000000000003e-05,1.0,0,True,505.05999755859375
2026-08-28T05:52:38Z,MSFT,2026-09-18,call,315.0,138.1,0.0,0.0,1.0000000000000003e-05,2.0,0,True,505.05999755859375
2026-08-28T05:52:38Z,MSFT,2026-09-18,call,320.0,175.05,0.0,0.0,1.0000000000000003e-05,1.0,0,True,505.05999755859375
2026-08-28T05:52:38Z,MSFT,2026-09-18,call,325.0,175.81,0.0,0.0,1.0000000000000003e-05,1.0,0,True,505.05999755859375
2026-08-28T05:52:38Z,MSFT,2026-09-18,call,330.0,160.27,0.0,0.0,1.0000000000000003e-05,3.0,0,True,505.05999755859375
2026-08-28T05:52:38Z,MSFT,2026-09-18,call,335.0,154.2,0.0,0.0,1.0000000000000003e-05,2.0,0,True,505.05999755859375
2026-08-28T05:52:38Z,MSFT,2026-09-18,call,340.0,163.56,0.0,0.0,1.0000000000000003e-05,3.0,0,True,505.05999755859375
2026-08-28T05:52:38Z,MSFT,2026-09-18,call,345.0,150.32,0.0,0.0,1.0000000000000003e-05,6.0,0,True,505.05999755859375
2026-08-28T05:52:38Z,MSFT,2026-09-18,call,350.0,156.75,0.0,0.0,1.0000000000000003e-05,3.0,0,True,505.05999755859375
2026-08-28T05:52:38Z,MSFT,2026-09-18,call,355.0,134.67,0.0,0.0,1.0000000000000003e-05,2.0,0,True,505.05999755859375
2026-08-28T05:52:38Z,MSFT,2026-09-18,call,360.0,128.15,0.0,0.0,1.0000000000000003e-05,33.0,0,True,505.05999755859375
2026-08-28T05:52:38Z,MSFT,2026-09-18,call,365.0,137.0,0.0,0.0,1.0000000000000003e-05,1.0,0,True,505.05999755859375
2026-08-28T05:52:38Z,MSFT,2026-09-18,call,370.0,136.13,0.0,0.0,1.0000000000000003e-05,3.0,0,True,505.05999755859375
2026-08-28T05:52:38Z,MSFT,2026-09-18,call,375.0,107.5,0.0,0.0,1.0000000000000003e-05,80.0,0,True,505.05999755859375
2026-08-28T05:52:38Z,MSFT,2026-09-18,call,380.0,117.0,0.0,0.0,1.0000000000000003e-05,6.0,0,True,505.05999755859375
2026-08-28T05:52:38Z,MSFT,2026-09-18,call,385.0,118.0,0.0,0.0,1.0000000000000003e-05,1.0,0,True,505.05999755859375
2026-08-28T05:52:38Z,MSFT,2026-09-18,call,390.0,117.5,0.0,0.0,1.0000000000000003e-05,5.0,0,True,505.05999755859375
2026-08-28T05:52:38Z,MSFT,2026-09-18,call,395.0,94.92,0.0,0.0,1.0000000000000003e-05,2.0,0,True,505.05999755859375
2026-08-28T05:52:38Z,MSFT,2026-09-18,call,400.0,106.03,0.0,0.0,1.0000000000000003e-05,28.0,0,True,505.05999755859375
2026-08-28T05:52:38Z,MSFT,2026-09-18,call,405.0,78.45,0.0,0.0,1.0000000000000003e-05,15.0,0,True,505.05999755859375
2026-08-28T05:52:38Z,MSFT,2026-09-18,call,410.0,97.0,0.0,0.0,1.0000000000000003e-05,6.0,0,True,505.05999755859375
2026-08-28T05:52:38Z,MSFT,2026-09-18,call,415.0,91.16,0.0,0.0,1.0000000000000003e-05,1.0,0,True,505.05999755859375
2026-08-28T05:52:38Z,MSFT,2026-09-18,call,420.0,87.4,0.0,0.0,1.0000000000000003e-05,83.0,0,True,505.05999755859375
2026-08-28T05:52:38Z,MSFT,2026-09-18,call,425.0,80.88,0.0,0.0,1.0000000000000003e-05,28.0,0,True,505.05999755859375
2026-08-28T05:52:38Z,MSFT,2026-09-18,call,430.0,77.05,0.0,0.0,1.0000000000000003e-05,74.0,0,True,505.05999755859375
2026-08-28T05:52:38Z,MSFT,2026-09-18,call,435.0,72.22,0.0,0.0,1.0000000000000003e-05,22.0,0,True,505.05999755859375
2026-08-28T05:52:38Z,MSFT,2026-09-18,call,440.0,66.0,0.0,0.0,1.0000000000000003e-05,39.0,0,True,505.05999755859375
2026-08-28T05:52:38Z,MSFT,2026-09-18,call,445.0,60.95,0.0,0.0,1.0000000000000003e-05,3.0,0,True,505.05999755859375
2026-08-28T05:52:38Z,MSFT,2026-09-18,call,450.0,57.22,0.0,0.0,1.0000000000000003e-05,113.0,0,True,505.05999755859375
2026-08-28T05:52:38Z,MSFT,2026-09-18,call,455.0,52.73,0.0,0.0,1.0000000000000003e-05,17.0,0,True,505.05999755859375
2026-08-28T05:52:38Z,MSFT,2026-09-18,call,460.0,47.78,0.0,0.0,1.0000000000000003e-05,131.0,0,True,505.05999755859375
2026-08-28T05:52:38Z,MSFT,2026-09-18,call,462.5,44.14,0.0,0.0,1.0000000000000003e-05,3.0,0,True,505.05999755859375
2026-08-28T05:52:38Z,MSFT,2026-09-18,call,465.0,43.6,0.0,0.0,1.0000000000000003e-05,25.0,0,True,505.05999755859375
2026-08-28T05:52:38Z,MSFT,2026-09-18,call,470.0,38.24,0.0,0.0,1.0000000000000003e-05,333.0,0,True,505.05999755859375
2026-08-28T05:52:38Z,MSFT,2026-09-18,call,472.5,34.35,0.0,0.0,1.0000000000000003e-05,19.0,0,True,505.05999755859375
2026-08-28T05:52:38Z,MSFT,2026-09-18,call,475.0,31.54,0.0,0.0,1.0000000000000003e-05,150.0,0,True,505.05999755859375
2026-08-28T05:52:38Z,MSFT,2026-09-18,call,477.5,31.82,0.0,0.0,1.0000000000000003e-05,12.0,0,True,505.05999755859375
2026-08-28T05:52:38Z,MSFT,2026-09-18,call,480.0,30.3,0.0,0.0,1.0000000000000003e-05,419.0,0,True,505.05999755859375
2026-08-28T05:52:38Z,MSFT,2026-09-18,call,482.5,26.32,0.0,0.0,1.0000000000000003e-05,29.0,0,True,505.05999755859375
2026-08-28T05:52:38Z,MSFT,2026-09-18,call,485.0,26.05,0.0,0.0,1.0000000000000003e-05,419.0,0,True,505.05999755859375
2026-08-28T05:52:38Z,MSFT,2026-09-18,call,487.5,24.1,0.0,0.0,1.0000000000000003e-05,51.0,0,True,505.05999755859375
2026-08-28T05:52:38Z,MSFT,2026-09-18,call,490.0,22.5,0.0,0.0,1.0000000000000003e-05,856.0,0,True,505.05999755859375
2026-08-28T05:52:38Z,MSFT,2026-09-18,call,492.5,20.55,0.0,0.0,1.0000000000000003e-05,28.0,0,True,505.05999755859375
2026-08-28T05:52:38Z,MSFT,2026-09-18,call,495.0,18.6,0.0,0.0,1.0000000000000003e-05,2110.0,0,True,505.05999755859375
2026-08-28T05:52:38Z,MSFT,2026-09-18,call,497.5,17.29,0.0,0.0,1.0000000000000003e-05,205.0,0,True,505.05999755859375
2026-08-28T05:52:38Z,MSFT,2026-09-18,call,500.0,15.8,0.0,0.0,1.0000000000000003e-05,10599.0,0,True,505.05999755859375
2026-08-28T05:52:38Z,MSFT,2026-09-18,call,502.5,14.75,0.0,0.0,1.0000000000000003e-05,195.0,0,True,505.05999755859375
2026-08-28T05:52:38Z,MSFT,2026-09-18,call,505.0,13.0,0.0,0.0,1.0000000000000003e-05,2558.0,0,True,505.05999755859375
2026-08-28T05:52:38Z,MSFT,2026-09-18,call,507.5,11.75,0.0,0.0,0.0039162109375,191.0,0,False,505.05999755859375
2026-08-28T05:52:38Z,MSFT,2026-09-18,call,510.0,10.59,0.0,0.0,0.007822421875,3923.0,0,False,505.05999755859375
2026-08-28T05:52:38Z,MSFT,2026-09-18,call,515.0,8.35,0.0,0.0,0.015634843750000002,858.0,0,False,505.05999755859375
2026-08-28T05:52:38Z,MSFT,2026-09-18,call,520.0,6.9,0.0,0.0,0.0312596875,2219.0,0,False,505.05999755859375
2026-08-28T05:52:38Z,MSFT,2026-09-18,call,525.0,5.23,0.0,0.0,0.0312596875,1918.0,0,False,505.05999755859375
2026-08-28T05:52:38Z,MSFT,2026-09-18,call,530.0,4.05,0.0,0.0,0.0312596875,1540.0,0,False,505.05999755859375
2026-08-28T05:52:38Z,MSFT,2026-09-18,call,535.0,3.0,0.0,0.0,0.062509375,614.0,0,False,505.05999755859375
2026-08-28T05:52:38Z,MSFT,2026-09-18,call,540.0,2.37,0.0,0.0,0.062509375,860.0,0,False,505.05999755859375
2026-08-28T05:52:38Z,MSFT,2026-09-18,call,545.0,1.69,0.0,0.0,0.062509375,810.0,0,False,505.05999755859375
2026-08-28T05:52:38Z,MSFT,2026-09-18,call,550.0,1.35,0.0,0.0,0.062509375,931.0,0,False,505.05999755859375
2026-08-28T05:52:38Z,MSFT,2026-09-18,call,555.0,1.02,0.0,0.0,0.062509375,96.0,0,False,505.05999755859375
2026-08-28T05:52:38Z,MSFT,2026-09-18,call,560.0,0.74,0.0,0.0,0.062509375,627.0,0,False,505.05999755859375
2026-08-28T05:52:38Z,MSFT,2026-09-18,call,565.0,0.58,0.0,0.0,0.12500875,101.0,0,False,505.05999755859375
2026-08-28T05:52:38Z,MSFT,2026-09-18,call,570.0,0.42,0.0,0.0,0.12500875,802.0,0,False,505.05999755859375
2026-08-28T05:52:38Z,MSFT,2026-09-18,call,575.0,0.32,0.0,0.0,0.12500875,70.0,0,False,505.05999755859375
2026-08-28T05:52:38Z,MSFT,2026-09-18,call,580.0,0.24,0.0,0.0,0.12500875,113.0,0,False,505.05999755859375
2026-08-28T05:52:38Z,MSFT,2026-09-18,call,585.0,0.2,0.0,0.0,0.12500875,5.0,0,False,505.05999755859375
2026-08-28T05:52:38Z,MSFT,2026-09-18,call,590.0,0.16,0.0,0.0,0.12500875,2.0,0,False,505.05999755859375
2026-08-28T05:52:38Z,MSFT,2026-09-18,call,595.0,0.08,0.0,0.0,0.12500875,1.0,0,False,505.05999755859375
2026-08-28T05:52:38Z,MSFT,2026-09-18,call,600.0,0.09,0.0,0.0,0.12500875,205.0,0,False,505.05999755859375
2026-08-28T05:52:38Z,MSFT,2026-09-18,call,605.0,0.07,0.0,0.0,0.12500875,3.0,0,False,505.05999755859375
2026-08-28T05:52:38Z,MSFT,2026-09-18,call,610.0,0.07,0.0,0.0,0.12500875,122.0,0,False,505.05999755859375
2026-08-28T05:52:38Z,MSFT,2026-09-18,call,620.0,0.13,0.0,0.0,0.12500875,9.0,0,False,505.05999755859375
2026-08-28T05:52:38Z,MSFT,2026-09-18,call,630.0,0.03,0.0,0.0,0.12500875,6.0,0,False,505.05999755859375
2026-08-28T05:52:38Z,MSFT,2026-09-18,call,640.0,0.03,0.0,0.0,0.2500075,52.0,0,False,505.05999755859375
2026-08-28T05:52:38Z,MSFT,2026-09-18,call,650.0,0.02,0.0,0.0,0.2500075,3496.0,0,False,505.05999755859375
2026-08-28T05:52:38Z,MSFT,2026-09-18,call,660.0,0.02,0.0,0.0,0.2500075,21.0,0,False,505.05999755859375
2026-08-28T05:52:38Z,MSFT,2026-09-18,call,670.0,0.01,0.0,0.0,0.2500075,1.0,0,False,505.05999755859375
2026-08-28T05:52:38Z,MSFT,2026-09-18,call,680.0,0.02,0.0,0.0,0.2500075,1.0,0,False,505.05999755859375
2026-08-28T05:52:38Z,MSFT,2026-09-18,call,700.0,0.01,0.0,0.0,0.2500075,5.0,0,False,505.05999755859375
2026-08-28T05:52:38Z,MSFT,2026-09-18,call,720.0,0.01,0.0,0.0,0.2500075,1.0,0,False,505.05999755859375
2026-08-28T05:52:38Z,MSFT,2026-09-18,call,740.0,0.04,0.0,0.0,0.2500075,24.0,0,False,505.05999755859375
2026-08-28T05:52:38Z,MSFT,2026-09-18,call,760.0,0.01,0.0,0.0,0.2500075,3.0,0,False,505.05999755859375
2026-08-28T05:52:38Z,MSFT,2026-09-18,call,780.0,0.01,0.0,0.0,0.2500075,6.0,0,False,505.05999755859375
2026-08-28T05:52:38Z,MSFT,2026-09-18,call,800.0,0.01,0.0,0.0,0.2500075,1.0,0,False,505.05999755859375
2026-08-28T05:52:38Z,MSFT,2026-09-18,put,215.0,0.01,0.0,0.0,0.500005,1.0,0,False,505.05999755859375
2026-08-28T05:52:38Z,MSFT,2026-09-18,put,220.0,0.01,0.0,0.0,0.500005,2.0,0,False,505.05999755859375
2026-08-28T05:52:38Z,MSFT,2026-09-18,put,225.0,0.01,0.0,0.0,0.500005,1.0,0,False,505.05999755859375
2026-08-28T05:52:38Z,MSFT,2026-09-18,put,230.0,0.02,0.0,0.0,0.500005,1.0,0,False,505.05999755859375
2026-08-28T05:52:38Z,MSFT,2026-09-18,put,235.0,0.02,0.0,0.0,0.500005,20.0,0,False,505.05999755859375
2026-08-28T05:52:38Z,MSFT,2026-09-18,put,240.0,0.02,0.0,0.0,0.500005,1.0,0,False,505.05999755859375
2026-08-28T05:52:38Z,MSFT,2026-09-18,put,245.0,0.02,0.0,0.0,0.500005,45.0,0,False,505.05999755859375
2026-08-28T05:52:38Z,MSFT,2026-09-18,put,250.0,0.01,0.0,0.0,0.500005,99.0,0,False,505.05999755859375
2026-08-28T05:52:38Z,MSFT,2026-09-18,put,255.0,0.02,0.0,0.0,0.500005,2.0,0,False,505.05999755859375
2026-08-28T05:52:38Z,MSFT,2026-09-18,put,260.0,0.01,0.0,0.0,0.500005,2.0,0,False,505.05999755859375
2026-08-28T05:52:38Z,MSFT,2026-09-18,put,265.0,0.02,0.0,0.0,0.500005,67.0,0,False,505.05999755859375
2026-08-28T05:52:38Z,MSFT,2026-09-18,put,270.0,0.02,0.0,0.0,0.500005,30.0,0,False,505.05999755859375
2026-08-28T05:52:38Z,MSFT,2026-09-18,put,275.0,0.02,0.0,0.0,0.500005,77.0,0,False,505.05999755859375
2026-08-28T05:52:38Z,MSFT,2026-09-18,put,280.0,0.02,0.0,0.0,0.500005,48.0,0,False,505.05999755859375
2026-08-28T05:52:38Z,MSFT,2026-09-18,put,285.0,0.03,0.0,0.0,0.500005,20.0,0,False,505.05999755859375
2026-08-28T05:52:38Z,MSFT,2026-09-18,put,290.0,0.05,0.0,0.0,0.500005,50.0,0,False,505.05999755859375
2026-08-28T05:52:38Z,MSFT,2026-09-18,put,295.0,0.05,0.0,0.0,0.500005,1.0,0,False,505.05999755859375
2026-08-28T05:52:38Z,MSFT,2026-09-18,put,300.0,0.03,0.0,0.0,0.500005,50.0,0,False,505.05999755859375
2026-08-28T05:52:38Z,MSFT,2026-09-18,put,305.0,0.11,0.0,0.0,0.500005,48.0,0,False,505.05999755859375
2026-08-28T05:52:38Z,MSFT,2026-09-18,put,310.0,0.14,0.0,0.0,0.500005,27.0,0,False,505.05999755859375
2026-08-28T05:52:38Z,MSFT,2026-09-18,put,315.0,0.06,0.0,0.0,0.500005,1.0,0,False,505.05999755859375
2026-08-28T05:52:38Z,MSFT,2026-09-18,put,320.0,0.04,0.0,0.0,0.2500075,15.0,0,False,505.05999755859375
2026-08-28T05:52:38Z,MSFT,2026-09-18,put,325.0,0.04,0.0,0.0,0.2500075,9.0,0,False,505.05999755859375
2026-08-28T05:52:38Z,MSFT,2026-09-18,put,330.0,0.05,0.0,0.0,0.2500075,321.0,0,False,505.05999755859375
2026-08-28T05:52:38Z,MSFT,2026-09-18,put,335.0,0.04,0.0,0.0,0.2500075,4.0,0,False,505.05999755859375
2026-08-28T05:52:38Z,MSFT,2026-09-18,put,340.0,0.03,0.0,0.0,0.2500075,140.0,0,False,505.05999755859375
2026-08-28T05:52:38Z,MSFT,2026-09-18,put,345.0,0.06,0.0,0.0,0.2500075,140.0,0,False,505.05999755859375
2026-08-28T05:52:38Z,MSFT,2026-09-18,put,350.0,0.08,0.0,0.0,0.2500075,188.0,0,False,505.05999755859375
2026-08-28T05:52:38Z,MSFT,2026-09-18,put,355.0,0.09,0.0,0.0,0.2500075,2.0,0,False,505.05999755859375
2026-08-28T05:52:38Z,MSFT,2026-09-18,put,360.0,0.08,0.0,0.0,0.2500075,162.0,0,False,505.05999755859375
2026-08-28T05:52:38Z,MSFT,2026-09-18,put,365.0,0.1,0.0,0.0,0.2500075,3.0,0,False,505.05999755859375
2026-08-28T05:52:38Z,MSFT,2026-09-18,put,370.0,0.1,0.0,0.0,0.2500075,12.0,0,False,505.05999755859375
2026-08-28T05:52:38Z,MSFT,2026-09-18,put,375.0,0.11,0.0,0.0,0.2500075,11.0,0,False,505.05999755859375
2026-08-28T05:52:38Z,MSFT,2026-09-18,put,380.0,0.13,0.0,0.0,0.2500075,50.0,0,False,505.05999755859375
2026-08-28T05:52:38Z,MSFT,2026-09-18,put,385.0,0.14,0.0,0.0,0.2500075,118.0,0,False,505.05999755859375
2026-08-28T05:52:38Z,MSFT,2026-09-18,put,390.0,0.15,0.0,0.0,0.2500075,68.0,0,False,505.05999755859375
2026-08-28T05:52:38Z,MSFT,2026-09-18,put,395.0,0.19,0.0,0.0,0.2500075,238.0,0,False,505.05999755859375
2026-08-28T05:52:38Z,MSFT,2026-09-18,put,400.0,0.19,0.0,0.0,0.2500075,1608.0,0,False,505.05999755859375
2026-08-28T05:52:38Z,MSFT,2026-09-18,put,405.0,0.21,0.0,0.0,0.12500875,268.0,0,False,505.05999755859375
2026-08-28T05:52:38Z,MSFT,2026-09-18,put,410.0,0.21,0.0,0.0,0.12500875,82.0,0,False,505.05999755859375
2026-08-28T05:52:38Z,MSFT,2026-09-18,put,415.0,0.25,0.0,0.0,0.12500875,31.0,0,False,505.05999755859375
2026-08-28T05:52:38Z,MSFT,2026-09-18,put,420.0,0.29,0.0,0.0,0.12500875,127.0,0,False,505.05999755859375
2026-08-28T05:52:38Z,MSFT,2026-09-18,put,425.0,0.35,0.0,0.0,0.12500875,115.0,0,False,505.05999755859375
2026-08-28T05:52:38Z,MSFT,2026-09-18,put,430.0,0.4,0.0,0.0,0.12500875,131.0,0,False,505.05999755859375
2026-08-28T05:52:38Z,MSFT,2026-09-18,put,435.0,0.47,0.0,0.0,0.12500875,507.0,0,False,505.05999755859375
2026-08-28T05:52:38Z,MSFT,2026-09-18,put,440.0,0.54,0.0,0.0,0.12500875,196.0,0,False,505.05999755859375
2026-08-28T05:52:38Z,MSFT,2026-09-18,put,445.0,0.65,0.0,0.0,0.12500875,199.0,0,False,505.05999755859375
2026-08-28T05:52:38Z,MSFT,2026-09-18,put,450.0,0.78,0.0,0.0,0.12500875,885.0,0,False,505.05999755859375
2026-08-28T05:52:38Z,MSFT,2026-09-18,put,455.0,1.05,0.0,0.0,0.062509375,546.0,0,False,505.05999755859375
2026-08-28T05:52:38Z,MSFT,2026-09-18,put,460.0,1.33,0.0,0.0,0.062509375,1177.0,0,False,505.05999755859375
2026-08-28T05:52:38Z,MSFT,2026-09-18,put,462.5,1.43,0.0,0.0,0.062509375,277.0,0,False,505.05999755859375
2026-08-28T05:52:38Z,MSFT,2026-09-18,put,465.0,1.7,0.0,0.0,0.062509375,395.0,0,False,505.05999755859375
2026-08-28T05:52:38Z,MSFT,2026-09-18,put,467.5,1.9,0.0,0.0,0.062509375,244.0,0,False,505.05999755859375
2026-08-28T05:52:38Z,MSFT,2026-09-18,put,470.0,2.13,0.0,0.0,0.062509375,886.0,0,False,505.05999755859375
2026-08-28T05:52:38Z,MSFT,2026-09-18,put,472.5,2.49,0.0,0.0,0.062509375,107.0,0,False,505.05999755859375
2026-08-28T05:52:38Z,MSFT,2026-09-18,put,475.0,2.67,0.0,0.0,0.062509375,758.0,0,False,505.05999755859375
2026-08-28T05:52:38Z,MSFT,2026-09-18,put,477.5,3.13,0.0,0.0,0.062509375,57.0,0,False,505.05999755859375
2026-08-28T05:52:38Z,MSFT,2026-09-18,put,480.0,3.6,0.0,0.0,0.062509375,986.0,0,False,505.05999755859375
2026-08-28T05:52:38Z,MSFT,2026-09-18,put,482.5,4.1,0.0,0.0,0.0312596875,84.0,0,False,505.05999755859375
2026-08-28T05:52:38Z,MSFT,2026-09-18,put,485.0,4.66,0.0,0.0,0.0312596875,330.0,0,False,505.05999755859375
2026-08-28T05:52:38Z,MSFT,2026-09-18,put,487.5,5.22,0.0,0.0,0.0312596875,29.0,0,False,505.05999755859375
2026-08-28T05:52:38Z,MSFT,2026-09-18,put,490.0,5.86,0.0,0.0,0.0312596875,622.0,0,False,505.05999755859375
2026-08-28T05:52:38Z,MSFT,2026-09-18,put,492.5,7.09,0.0,0.0,0.0312596875,30.0,0,False,505.05999755859375
2026-08-28T05:52:38Z,MSFT,2026-09-18,put,495.0,7.54,0.0,0.0,0.015634843750000002,522.0,0,False,505.05999755859375
2026-08-28T05:52:38Z,MSFT,2026-09-18,put,500.0,9.45,0.0,0.0,0.007822421875,801.0,0,False,505.05999755859375
2026-08-28T05:52:38Z,MSFT,2026-09-18,put,505.0,11.9,0.0,0.0,0.00025413818359375,381.0,0,False,505.05999755859375
2026-08-28T05:52:38Z,MSFT,2026-09-18,put,510.0,14.27,0.0,0.0,1.0000000000000003e-05,128.0,0,True,505.05999755859375
2026-08-28T05:52:38Z,MSFT,2026-09-18,put,515.0,17.28,0.0,0.0,1.0000000000000003e-05,13.0,0,True,505.05999755859375
2026-08-28T05:52:38Z,MSFT,2026-09-18,put,520.0,20.7,0.0,0.0,1.0000000000000003e-05,4.0,0,True,505.05999755859375
2026-08-28T05:52:38Z,MSFT,2026-09-18,put,525.0,24.53,0.0,0.0,1.0000000000000003e-05,1.0,0,True,505.05999755859375
2026-08-28T05:52:38Z,MSFT,2026-09-18,put,530.0,27.51,0.0,0.0,1.0000000000000003e-05,109.0,0,True,505.05999755859375
2026-08-28T05:52:38Z,MSFT,2026-09-18,put,535.0,44.0,0.0,0.0,1.0000000000000003e-05,2.0,0,True,505.05999755859375
2026-08-28T05:52:38Z,MSFT,2026-09-18,put,540.0,43.5,0.0,0.0,1.0000000000000003e-05,2.0,0,True,505.05999755859375
2026-08-28T05:52:38Z,MSFT,2026-09-18,put,545.0,64.02,0.0,0.0,1.0000000000000003e-05,100.0,0,True,505.05999755859375
2026-08-28T05:52:38Z,MSFT,2026-09-18,put,550.0,60.7,0.0,0.0,1.0000000000000003e-05,1.0,0,True,505.05999755859375
2026-08-28T05:52:38Z,MSFT,2026-09-18,put,560.0,78.53,0.0,0.0,1.0000000000000003e-05,15.0,0,True,505.05999755859375
2026-08-28T05:52:38Z,MSFT,2026-09-18,put,570.0,199.45,0.0,0.0,1.0000000000000003e-05,1.0,0,True,505.05999755859375
2026-08-28T05:52:38Z,MSFT,2026-09-18,put,575.0,91.15,0.0,0.0,1.0000000000000003e-05,22.0,0,True,505.05999755859375
2026-08-28T05:52:38Z,MSFT,2026-09-18,put,580.0,96.15,0.0,0.0,1.0000000000000003e-05,22.0,0,True,505.05999755859375
2026-08-28T05:52:38Z,MSFT,2026-09-18,put,585.0,101.35,0.0,0.0,1.0000000000000003e-05,38.0,0,True,505.05999755859375
2026-08-28T05:52:38Z,MSFT,2026-09-18,put,590.0,108.53,0.0,0.0,1.0000000000000003e-05,25.0,0,True,505.05999755859375
2026-08-28T05:52:38Z,MSFT,2026-09-18,put,595.0,111.14,0.0,0.0,1.0000000000000003e-05,3.0,0,True,505.05999755859375
2026-08-28T05:52:38Z,MSFT,2026-09-18,put,600.0,103.74,0.0,0.0,1.0000000000000003e-05,1.0,0,True,505.05999755859375
2026-08-28T05:52:38Z,MSFT,2026-09-18,put,605.0,108.76,0.0,0.0,1.0000000000000003e-05,1.0,0,True,505.05999755859375
2026-08-28T05:52:38Z,MSFT,2026-09-18,put,610.0,111.4,0.0,0.0,1.0000000000000003e-05,1.0,0,True,505.05999755859375
2026-08-28T05:52:38Z,MSFT,2026-09-18,put,620.0,121.0,0.0,0.0,1.0000000000000003e-05,12.0,0,True,505.05999755859375
2026-08-28T05:52:38Z,MSFT,2026-09-18,put,630.0,171.1,0.0,0.0,1.0000000000000003e-05,130.0,0,True,505.05999755859375
2026-08-28T05:52:38Z,MSFT,2026-09-18,put,640.0,140.7,0.0,0.0,1.0000000000000003e-05,2.0,0,True,505.05999755859375
2026-08-28T05:52:38Z,MSFT,2026-09-18,put,650.0,166.35,0.0,0.0,1.0000000000000003e-05,15.0,0,True,505.05999755859375
2026-08-28T05:52:38Z,MSFT,2026-09-18,put,660.0,157.42,180.6,184.45,1.4725368170166016,2.0,0,True,505.05999755859375
2026-08-28T05:52:38Z,MSFT,2026-09-18,put,670.0,153.07,178.75,181.45,1.1956827325439454,1.0,0,True,505.05999755859375
2026-08-28T05:52:38Z,MSFT,2026-09-18,put,680.0,157.89,200.45,204.55,1.553987825775146,5.0,0,True,505.05999755859375
2026-08-28T05:52:38Z,MSFT,2026-09-18,put,700.0,200.5,0.0,0.0,1.0000000000000003e-05,2.0,0,True,505.05999755859375
2026-08-28T05:52:38Z,MSFT,2026-09-18,put,720.0,220.55,0.0,0.0,1.0000000000000003e-05,,0,True,505.05999755859375
2026-08-28T05:52:38Z,MSFT,2026-09-18,put,740.0,202.9,226.65,230.3,1.0000000000000003e-05,,0,True,505.05999755859375
2026-08-28T05:52:38Z,MSFT,2026-09-18,put,800.0,393.9,375.2,378.9,3.18634236618042,,0,True,505.05999755859375
2026-08-28T05:52:38Z,MSFT,2026-09-25,call,320.0,163.92,0.0,0.0,1.0000000000000003e-05,,0,True,505.05999755859375
2026-08-28T05:52:38Z,MSFT,2026-09-25,call,355.0,129.53,0.0,0.0,1.0000000000000003e-05,1.0,0,True,505.05999755859375
2026-08-28T05:52:38Z,MSFT,2026-09-25,call,360.0,124.5,0.0,0.0,1.0000000000000003e-05,1.0,0,True,505.05999755859375
2026-08-28T05:52:38Z,MSFT,2026-09-25,call,365.0,119.7,0.0,0.0,1.0000000000000003e-05,,0,True,505.05999755859375
2026-08-28T05:52:38Z,MSFT,2026-09-25,call,370.0,132.17,0.0,0.0,1.0000000000000003e-05,3.0,0,True,505.05999755859375
2026-08-28T05:52:38Z,MSFT,2026-09-25,call,375.0,109.0,0.0,0.0,1.0000000000000003e-05,3.0,0,True,505.05999755859375
2026-08-28T05:52:38Z,MSFT,2026-09-25,call,380.0,105.15,0.0,0.0,1.0000000000000003e-05,5.0,0,True,505.05999755859375
2026-08-28T05:52:38Z,MSFT,2026-09-25,call,385.0,100.1,0.0,0.0,1.0000000000000003e-05,2.0,0,True,505.05999755859375
2026-08-28T05:52:38Z,MSFT,2026-09-25,call,390.0,100.3,0.0,0.0,1.0000000000000003e-05,2.0,0,True,505.05999755859375
2026-08-28T05:52:38Z,MSFT,2026-09-25,call,395.0,96.73,0.0,0.0,1.0000000000000003e-05,1.0,0,True,505.05999755859375
2026-08-28T05:52:38Z,MSFT,2026-09-25,call,400.0,91.17,0.0,0.0,1.0000000000000003e-05,1.0,0,True,505.05999755859375
2026-08-28T05:52:38Z,MSFT,2026-09-25,call,405.0,84.15,0.0,0.0,1.0000000000000003e-05,1.0,0,True,505.05999755859375
2026-08-28T05:52:38Z,MSFT,2026-09-25,call,410.0,74.12,0.0,0.0,1.0000000000000003e-05,,0,True,505.05999755859375
2026-08-28T05:52:38Z,MSFT,2026-09-25,call,415.0,89.93,0.0,0.0,1.0000000000000003e-05,126.0,0,True,505.05999755859375
2026-08-28T05:52:38Z,MSFT,2026-09-25,call,420.0,85.05,0.0,0.0,1.0000000000000003e-05,127.0,0,True,505.05999755859375
2026-08-28T05:52:38Z,MSFT,2026-09-25,call,425.0,81.53,0.0,0.0,1.0000000000000003e-05,168.0,0,True,505.05999755859375
2026-08-28T05:52:38Z,MSFT,2026-09-25,call,430.0,76.68,0.0,0.0,1.0000000000000003e-05,168.0,0,True,505.05999755859375
2026-08-28T05:52:38Z,MSFT,2026-09-25,call,435.0,66.3,0.0,0.0,1.0000000000000003e-05,20.0,0,True,505.05999755859375
2026-08-28T05:52:38Z,MSFT,2026-09-25,call,440.0,65.25,0.0,0.0,1.0000000000000003e-05,5.0,0,True,505.05999755859375
2026-08-28T05:52:38Z,MSFT,2026-09-25,call,445.0,45.35,0.0,0.0,1.0000000000000003e-05,1.0,0,True,505.05999755859375
2026-08-28T05:52:38Z,MSFT,2026-09-25,call,450.0,55.51,0.0,0.0,1.0000000000000003e-05,63.0,0,True,505.05999755859375
2026-08-28T05:52:38Z,MSFT,2026-09-25,call,455.0,39.44,0.0,0.0,1.0000000000000003e-05,7.0,0,True,505.05999755859375
2026-08-28T05:52:38Z,MSFT,2026-09-25,call,460.0,48.55,0.0,0.0,1.0000000000000003e-05,10.0,0,True,505.05999755859375
2026-08-28T05:52:38Z,MSFT,2026-09-25,call,465.0,43.6,0.0,0.0,1.0000000000000003e-05,26.0,0,True,505.05999755859375
2026-08-28T05:52:38Z,MSFT,2026-09-25,call,470.0,39.73,0.0,0.0,1.0000000000000003e-05,18.0,0,True,505.05999755859375
2026-08-28T05:52:38Z,MSFT,2026-09-25,call,475.0,36.31,0.0,0.0,1.0000000000000003e-05,5.0,0,True,505.05999755859375
2026-08-28T05:52:38Z,MSFT,2026-09-25,call,480.0,29.5,0.0,0.0,1.0000000000000003e-05,28.0,0,True,505.05999755859375
2026-08-28T05:52:38Z,MSFT,2026-09-25,call,485.0,28.67,0.0,0.0,1.0000000000000003e-05,31.0,0,True,505.05999755859375
2026-08-28T05:52:38Z,MSFT,2026-09-25,call,490.0,24.7,0.0,0.0,1.0000000000000003e-05,38.0,0,True,505.05999755859375
2026-08-28T05:52:38Z,MSFT,2026-09-25,call,495.0,20.9,0.0,0.0,1.0000000000000003e-05,70.0,0,True,505.05999755859375
2026-08-28T05:52:38Z,MSFT,2026-09-25,call,500.0,18.0,0.0,0.0,1.0000000000000003e-05,151.0,0,True,505.05999755859375
2026-08-28T05:52:38Z,MSFT,2026-09-25,call,505.0,14.61,0.0,0.0,1.0000000000000003e-05,230.0,0,True,505.05999755859375
2026-08-28T05:52:38Z,MSFT,2026-09-25,call,510.0,13.05,0.0,0.0,0.007822421875,168.0,0,False,505.05999755859375
2026-08-28T05:52:38Z,MSFT,2026-09-25,call,515.0,10.3,0.0,0.0,0.015634843750000002,156.0,0,False,505.05999755859375
2026-08-28T05:52:38Z,MSFT,2026-09-25,call,520.0,8.4,0.0,0.0,0.0312596875,391.0,0,False,505.05999755859375
2026-08-28T05:52:38Z,MSFT,2026-09-25,call,525.0,6.97,0.0,0.0,0.0312596875,139.0,0,False,505.05999755859375
2026-08-28T05:52:38Z,MSFT,2026-09-25,call,530.0,6.0,0.0,0.0,0.0312596875,374.0,0,False,505.05999755859375
2026-08-28T05:52:38Z,MSFT,2026-09-25,call,535.0,4.5,0.0,0.0,0.0312596875,111.0,0,False,505.05999755859375
2026-08-28T05:52:38Z,MSFT,2026-09-25,call,540.0,3.55,0.0,0.0,0.062509375,108.0,0,False,505.05999755859375
2026-08-28T05:52:38Z,MSFT,2026-09-25,call,545.0,2.69,0.0,0.0,0.062509375,246.0,0,False,505.05999755859375
2026-08-28T05:52:38Z,MSFT,2026-09-25,call,550.0,2.22,0.0,0.0,0.062509375,446.0,0,False,505.05999755859375
2026-08-28T05:52:38Z,MSFT,2026-09-25,call,555.0,1.8,0.0,0.0,0.062509375,45.0,0,False,505.05999755859375
2026-08-28T05:52:38Z,MSFT,2026-09-25,call,560.0,1.42,0.0,0.0,0.062509375,205.0,0,False,505.05999755859375
2026-08-28T05:52:38Z,MSFT,2026-09-25,call,570.0,0.82,0.0,0.0,0.062509375,19.0,0,False,505.05999755859375
2026-08-28T05:52:38Z,MSFT,2026-09-25,call,580.0,0.55,0.0,0.0,0.12500875,30.0,0,False,505.05999755859375
2026-08-28T05:52:38Z,MSFT,2026-09-25,call,590.0,0.31,0.0,0.0,0.12500875,8.0,0,False,505.05999755859375
2026-08-28T05:52:38Z,MSFT,2026-09-25,call,600.0,0.2,0.0,0.0,0.12500875,35.0,0,False,505.05999755859375
2026-08-28T05:52:38Z,MSFT,2026-09-25,call,610.0,0.2,0.0,0.0,0.12500875,2.0,0,False,505.05999755859375
2026-08-28T05:52:38Z,MSFT,2026-09-25,call,620.0,0.2,0.0,0.0,0.12500875,7.0,0,False,505.05999755859375
2026-08-28T05:52:38Z,MSFT,2026-09-25,call,630.0,0.2,0.0,0.0,0.12500875,3.0,0,False,505.05999755859375
2026-08-28T05:52:38Z,MSFT,2026-09-25,call,640.0,0.09,0.0,0.0,0.12500875,1.0,0,False,505.05999755859375
2026-08-28T05:52:38Z,MSFT,2026-09-25,call,650.0,0.18,0.0,0.0,0.12500875,1.0,0,False,505.05999755859375
2026-08-28T05:52:38Z,MSFT,2026-09-25,call,660.0,0.15,0.0,0.0,0.2500075,1.0,0,False,505.05999755859375
2026-08-28T05:52:38Z,MSFT,2026-09-25,call,670.0,0.18,0.0,0.0,0.2500075,3.0,0,False,505.05999755859375
2026-08-28T05:52:38Z,MSFT,2026-09-25,call,680.0,0.05,0.0,0.0,0.2500075,33.0,0,False,505.05999755859375
2026-08-28T05:52:38Z,MSFT,2026-09-25,put,270.0,0.01,0.0,0.0,0.500005,5.0,0,False,505.05999755859375
2026-08-28T05:52:38Z,MSFT,2026-09-25,put,280.0,0.04,0.0,0.0,0.500005,10.0,0,False,505.05999755859375
2026-08-28T05:52:38Z,MSFT,2026-09-25,put,290.0,0.06,0.0,0.0,0.500005,10.0,0,False,505.05999755859375
2026-08-28T05:52:38Z,MSFT,2026-09-25,put,300.0,0.2,0.0,0.0,0.2500075,3.0,0,False,505.05999755859375
2026-08-28T05:52:38Z,MSFT,2026-09-25,put,305.0,0.07,0.0,0.0,0.2500075,3.0,0,False,505.05999755859375
2026-08-28T05:52:38Z,MSFT,2026-09-25,put,310.0,0.07,0.0,0.0,0.2500075,4.0,0,False,505.05999755859375
2026-08-28T05:52:38Z,MSFT,2026-09-25,put,315.0,0.06,0.0,0.0,0.2500075,21.0,0,False,505.05999755859375
2026-08-28T05:52:38Z,MSFT,2026-09-25,put,320.0,0.12,0.0,0.0,0.2500075,10.0,0,False,505.05999755859375
2026-08-28T05:52:38Z,MSFT,2026-09-25,put,325.0,0.22,0.0,0.0,0.2500075,3.0,0,False,505.05999755859375
2026-08-28T05:52:38Z,MSFT,2026-09-25,put,330.0,0.08,0.0,0.0,0.2500075,2.0,0,False,505.05999755859375
2026-08-28T05:52:38Z,MSFT,2026-09-25,put,335.0,0.08,0.0,0.0,0.2500075,2.0,0,False,505.05999755859375
2026-08-28T05:52:38Z,MSFT,2026-09-25,put,340.0,0.02,0.0,0.0,0.2500075,2.0,0,False,505.05999755859375
2026-08-28T05:52:38Z,MSFT,2026-09-25,put,345.0,0.08,0.0,0.0,0.2500075,4.0,0,False,505.05999755859375
2026-08-28T05:52:38Z,MSFT,2026-09-25,put,350.0,0.1,0.0,0.0,0.2500075,3.0,0,False,505.05999755859375
2026-08-28T05:52:38Z,MSFT,2026-09-25,put,355.0,0.12,0.0,0.0,0.2500075,3.0,0,False,505.05999755859375
2026-08-28T05:52:38Z,MSFT,2026-09-25,put,360.0,0.11,0.0,0.0,0.2500075,4.0,0,False,505.05999755859375
2026-08-28T05:52:38Z,MSFT,2026-09-25,put,365.0,0.11,0.0,0.0,0.2500075,2.0,0,False,505.05999755859375
2026-08-28T05:52:38Z,MSFT,2026-09-25,put,370.0,0.22,0.0,0.0,0.2500075,1.0,0,False,505.05999755859375
2026-08-28T05:52:38Z,MSFT,2026-09-25,put,375.0,0.18,0.0,0.0,0.2500075,5.0,0,False,505.05999755859375
2026-08-28T05:52:38Z,MSFT,2026-09-25,put,380.0,0.18,0.0,0.0,0.2500075,3.0,0,False,505.05999755859375
2026-08-28T05:52:38Z,MSFT,2026-09-25,put,385.0,0.23,0.0,0.0,0.2500075,1.0,0,False,505.05999755859375
2026-08-28T05:52:38Z,MSFT,2026-09-25,put,390.0,0.31,0.0,0.0,0.2500075,10.0,0,False,505.05999755859375
2026-08-28T05:52:38Z,MSFT,2026-09-25,put,395.0,0.22,0.0,0.0,0.12500875,1.0,0,False,505.05999755859375
2026-08-28T05:52:38Z,MSFT,2026-09-25,put,400.0,0.25,0.0,0.0,0.12500875,3.0,0,False,505.05999755859375
2026-08-28T05:52:38Z,MSFT,2026-09-25,put,405.0,0.44,0.0,0.0,0.12500875,1.0,0,False,505.05999755859375
2026-08-28T05:52:38Z,MSFT,2026-09-25,put,410.0,0.31,0.0,0.0,0.12500875,4.0,0,False,505.05999755859375
2026-08-28T05:52:38Z,MSFT,2026-09-25,put,415.0,0.39,0.0,0.0,0.12500875,7.0,0,False,505.05999755859375
2026-08-28T05:52:38Z,MSFT,2026-09-25,put,420.0,0.41,0.0,0.0,0.12500875,8.0,0,False,505.05999755859375
2026-08-28T05:52:38Z,MSFT,2026-09-25,put,425.0,0.5,0.0,0.0,0.12500875,26.0,0,False,505.05999755859375
2026-08-28T05:52:38Z,MSFT,2026-09-25,put,430.0,0.58,0.0,0.0,0.12500875,38.0,0,False,505.05999755859375
2026-08-28T05:52:38Z,MSFT,2026-09-25,put,435.0,0.72,0.0,0.0,0.12500875,17.0,0,False,505.05999755859375
2026-08-28T05:52:38Z,MSFT,2026-09-25,put,440.0,1.0,0.0,0.0,0.12500875,86.0,0,False,505.05999755859375
2026-08-28T05:52:38Z,MSFT,2026-09-25,put,445.0,1.27,0.0,0.0,0.12500875,44.0,0,False,505.05999755859375
2026-08-28T05:52:38Z,MSFT,2026-09-25,put,450.0,1.3,0.0,0.0,0.062509375,217.0,0,False,505.05999755859375
2026-08-28T05:52:38Z,MSFT,2026-09-25,put,455.0,1.61,0.0,0.0,0.062509375,184.0,0,False,505.05999755859375
2026-08-28T05:52:38Z,MSFT,2026-09-25,put,460.0,2.11,0.0,0.0,0.062509375,93.0,0,False,505.05999755859375
2026-08-28T05:52:38Z,MSFT,2026-09-25,put,465.0,2.62,0.0,0.0,0.062509375,193.0,0,False,505.05999755859375
2026-08-28T05:52:38Z,MSFT,2026-09-25,put,470.0,3.06,0.0,0.0,0.062509375,249.0,0,False,505.05999755859375
2026-08-28T05:52:38Z,MSFT,2026-09-25,put,475.0,3.86,0.0,0.0,0.062509375,213.0,0,False,505.05999755859375
2026-08-28T05:52:38Z,MSFT,2026-09-25,put,480.0,4.85,0.0,0.0,0.0312596875,153.0,0,False,505.05999755859375
2026-08-28T05:52:38Z,MSFT,2026-09-25,put,485.0,6.25,0.0,0.0,0.0312596875,71.0,0,False,505.05999755859375
2026-08-28T05:52:38Z,MSFT,2026-09-25,put,490.0,7.7,0.0,0.0,0.0312596875,316.0,0,False,505.05999755859375
2026-08-28T05:52:38Z,MSFT,2026-09-25,put,495.0,9.06,0.0,0.0,0.015634843750000002,72.0,0,False,505.05999755859375
2026-08-28T05:52:38Z,MSFT,2026-09-25,put,500.0,11.0,0.0,0.0,0.007822421875,53.0,0,False,505.05999755859375
2026-08-28T05:52:38Z,MSFT,2026-09-25,put,505.0,13.35,0.0,0.0,0.00025413818359375,73.0,0,False,505.05999755859375
2026-08-28T05:52:38Z,MSFT,2026-09-25,put,510.0,15.8,0.0,0.0,1.0000000000000003e-05,19.0,0,True,505.05999755859375
2026-08-28T05:52:38Z,MSFT,2026-09-25,put,515.0,26.01,0.0,0.0,1.0000000000000003e-05,1.0,0,True,505.05999755859375
2026-08-28T05:52:38Z,MSFT,2026-09-25,put,520.0,22.67,0.0,0.0,1.0000000000000003e-05,1.0,0,True,505.05999755859375
2026-08-28T05:52:38Z,MSFT,2026-09-25,put,525.0,34.15,0.0,0.0,1.0000000000000003e-05,1.0,0,True,505.05999755859375
2026-08-28T05:52:38Z,MSFT,2026-09-25,put,530.0,34.9,0.0,0.0,1.0000000000000003e-05,2.0,0,True,505.05999755859375
2026-08-28T05:52:38Z,MSFT,2026-09-25,put,535.0,38.0,0.0,0.0,1.0000000000000003e-05,3.0,0,True,505.05999755859375
2026-08-28T05:52:38Z,MSFT,2026-09-25,put,540.0,42.79,0.0,0.0,1.0000000000000003e-05,1.0,0,True,505.05999755859375
2026-08-28T05:52:38Z,MSFT,2026-09-25,put,550.0,45.1,0.0,0.0,1.0000000000000003e-05,3.0,0,True,505.05999755859375
2026-08-28T05:52:38Z,MSFT,2026-09-25,put,555.0,61.4,0.0,0.0,1.0000000000000003e-05,,0,True,505.05999755859375
2026-08-28T05:52:38Z,MSFT,2026-09-25,put,560.0,60.95,0.0,0.0,1.0000000000000003e-05,2.0,0,True,505.05999755859375
2026-08-28T05:52:38Z,MSFT,2026-10-02,call,355.0,127.36,0.0,0.0,1.0000000000000003e-05,,0,True,505.05999755859375
2026-08-28T05:52:38Z,MSFT,2026-10-02,call,375.0,110.68,0.0,0.0,1.0000000000000003e-05,,0,True,505.05999755859375
2026-08-28T05:52:38Z,MSFT,2026-10-02,call,385.0,100.0,0.0,0.0,1.0000000000000003e-05,,0,True,505.05999755859375
2026-08-28T05:52:38Z,MSFT,2026-10-02,call,400.0,103.0,0.0,0.0,1.0000000000000003e-05,1.0,0,True,505.05999755859375
2026-08-28T05:52:38Z,MSFT,2026-10-02,call,405.0,78.13,0.0,0.0,1.0000000000000003e-05,,0,True,505.05999755859375
2026-08-28T05:52:38Z,MSFT,2026-10-02,call,410.0,75.47,0.0,0.0,1.0000000000000003e-05,,0,True,505.05999755859375
2026-08-28T05:52:38Z,MSFT,2026-10-02,call,415.0,82.53,0.0,0.0,1.0000000000000003e-05,1.0,0,True,505.05999755859375
2026-08-28T05:52:38Z,MSFT,2026-10-02,call,425.0,73.18,0.0,0.0,1.0000000000000003e-05,2.0,0,True,505.05999755859375
2026-08-28T05:52:38Z,MSFT,2026-10-02,call,430.0,57.35,0.0,0.0,1.0000000000000003e-05,5.0,0,True,505.05999755859375
2026-08-28T05:52:38Z,MSFT,2026-10-02,call,435.0,72.15,0.0,0.0,1.0000000000000003e-05,1.0,0,True,505.05999755859375
2026-08-28T05:52:38Z,MSFT,2026-10-02,call,440.0,65.82,0.0,0.0,1.0000000000000003e-05,5.0,0,True,505.05999755859375
2026-08-28T05:52:38Z,MSFT,2026-10-02,call,445.0,58.33,0.0,0.0,1.0000000000000003e-05,1.0,0,True,505.05999755859375
2026-08-28T05:52:38Z,MSFT,2026-10-02,call,450.0,56.75,0.0,0.0,1.0000000000000003e-05,18.0,0,True,505.05999755859375
2026-08-28T05:52:38Z,MSFT,2026-10-02,call,455.0,46.0,0.0,0.0,1.0000000000000003e-05,4.0,0,True,505.05999755859375
2026-08-28T05:52:38Z,MSFT,2026-10-02,call,460.0,49.69,0.0,0.0,1.0000000000000003e-05,14.0,0,True,505.05999755859375
2026-08-28T05:52:38Z,MSFT,2026-10-02,call,465.0,45.0,0.0,0.0,1.0000000000000003e-05,26.0,0,True,505.05999755859375
2026-08-28T05:52:38Z,MSFT,2026-10-02,call,470.0,41.74,0.0,0.0,1.0000000000000003e-05,23.0,0,True,505.05999755859375
2026-08-28T05:52:38Z,MSFT,2026-10-02,call,475.0,35.8,0.0,0.0,1.0000000000000003e-05,4.0,0,True,505.05999755859375
2026-08-28T05:52:38Z,MSFT,2026-10-02,call,480.0,31.71,0.0,0.0,1.0000000000000003e-05,14.0,0,True,505.05999755859375
2026-08-28T05:52:38Z,MSFT,2026-10-02,call,485.0,29.74,0.0,0.0,1.0000000000000003e-05,30.0,0,True,505.05999755859375
2026-08-28T05:52:38Z,MSFT,2026-10-02,call,490.0,27.0,0.0,0.0,1.0000000000000003e-05,45.0,0,True,505.05999755859375
2026-08-28T05:52:38Z,MSFT,2026-10-02,call,495.0,21.85,0.0,0.0,1.0000000000000003e-05,47.0,0,True,505.05999755859375
2026-08-28T05:52:38Z,MSFT,2026-10-02,call,500.0,20.5,0.0,0.0,1.0000000000000003e-05,84.0,0,True,505.05999755859375
2026-08-28T05:52:38Z,MSFT,2026-10-02,call,505.0,17.18,0.0,0.0,1.0000000000000003e-05,519.0,0,True,505.05999755859375
2026-08-28T05:52:38Z,MSFT,2026-10-02,call,510.0,14.85,0.0,0.0,0.007822421875,216.0,0,False,505.05999755859375
2026-08-28T05:52:38Z,MSFT,2026-10-02,call,515.0,12.85,0.0,0.0,0.015634843750000002,44.0,0,False,505.05999755859375
2026-08-28T05:52:38Z,MSFT,2026-10-02,call,520.0,10.6,0.0,0.0,0.015634843750000002,126.0,0,False,505.05999755859375
2026-08-28T05:52:38Z,MSFT,2026-10-02,call,525.0,8.8,0.0,0.0,0.0312596875,78.0,0,False,505.05999755859375
2026-08-28T05:52:38Z,MSFT,2026-10-02,call,530.0,7.62,0.0,0.0,0.0312596875,97.0,0,False,505.05999755859375
2026-08-28T05:52:38Z,MSFT,2026-10-02,call,535.0,6.24,0.0,0.0,0.0312596875,61.0,0,False,505.05999755859375
2026-08-28T05:52:38Z,MSFT,2026-10-02,call,540.0,5.0,0.0,0.0,0.062509375,89.0,0,False,505.05999755859375
2026-08-28T05:52:38Z,MSFT,2026-10-02,call,545.0,3.95,0.0,0.0,0.062509375,49.0,0,False,505.05999755859375
2026-08-28T05:52:38Z,MSFT,2026-10-02,call,550.0,3.41,0.0,0.0,0.062509375,447.0,0,False,505.05999755859375
2026-08-28T05:52:38Z,MSFT,2026-10-02,call,555.0,2.8,0.0,0.0,0.062509375,47.0,0,False,505.05999755859375
2026-08-28T05:52:38Z,MSFT,2026-10-02,call,560.0,2.15,0.0,0.0,0.062509375,55.0,0,False,505.05999755859375
2026-08-28T05:52:38Z,MSFT,2026-10-02,call,570.0,1.27,0.0,0.0,0.062509375,22.0,0,False,505.05999755859375
2026-08-28T05:52:38Z,MSFT,2026-10-02,call,580.0,0.97,0.0,0.0,0.062509375,16.0,0,False,505.05999755859375
2026-08-28T05:52:38Z,MSFT,2026-10-02,call,590.0,0.59,0.0,0.0,0.12500875,17.0,0,False,505.05999755859375
2026-08-28T05:52:38Z,MSFT,2026-10-02,call,600.0,0.42,0.0,0.0,0.12500875,21.0,0,False,505.05999755859375
2026-08-28T05:52:38Z,MSFT,2026-10-02,call,610.0,0.23,0.0,0.0,0.12500875,8.0,0,False,505.05999755859375
2026-08-28T05:52:38Z,MSFT,2026-10-02,call,620.0,0.16,0.0,0.0,0.12500875,8.0,0,False,505.05999755859375
2026-08-28T05:52:38Z,MSFT,2026-10-02,call,630.0,0.2,0.0,0.0,0.12500875,1.0,0,False,505.05999755859375
2026-08-28T05:52:38Z,MSFT,2026-10-02,call,640.0,0.24,0.0,0.0,0.12500875,1.0,0,False,505.05999755859375
2026-08-28T05:52:38Z,MSFT,2026-10-02,call,650.0,0.11,0.0,0.0,0.12500875,2.0,0,False,505.05999755859375
2026-08-28T05:52:38Z,MSFT,2026-10-02,call,660.0,0.2,0.0,0.0,0.12500875,1.0,0,False,505.05999755859375
2026-08-28T05:52:38Z,MSFT,2026-10-02,call,670.0,0.21,0.0,0.0,0.12500875,2.0,0,False,505.05999755859375
2026-08-28T05:52:38Z,MSFT,2026-10-02,call,680.0,0.21,0.0,0.0,0.2500075,1.0,0,False,505.05999755859375
2026-08-28T05:52:38Z,MSFT,2026-10-02,put,270.0,0.05,0.0,0.0,0.500005,,0,False,505.05999755859375
2026-08-28T05:52:38Z,MSFT,2026-10-02,put,280.0,0.05,0.0,0.0,0.2500075,,0,False,505.05999755859375
2026-08-28T05:52:38Z,MSFT,2026-10-02,put,290.0,0.07,0.0,0.0,0.2500075,10.0,0,False,505.05999755859375
2026-08-28T05:52:38Z,MSFT,2026-10-02,put,300.0,0.07,0.0,0.0,0.2500075,2.0,0,False,505.05999755859375
2026-08-28T05:52:38Z,MSFT,2026-10-02,put,305.0,0.16,0.0,0.0,0.2500075,5.0,0,False,505.05999755859375
2026-08-28T05:52:38Z,MSFT,2026-10-02,put,310.0,0.06,0.0,0.0,0.2500075,5.0,0,False,505.05999755859375
2026-08-28T05:52:38Z,MSFT,2026-10-02,put,315.0,0.05,0.0,0.0,0.2500075,23.0,0,False,505.05999755859375
2026-08-28T05:52:38Z,MSFT,2026-10-02,put,320.0,0.17,0.0,0.0,0.2500075,1.0,0,False,505.05999755859375
2026-08-28T05:52:38Z,MSFT,2026-10-02,put,325.0,0.18,0.0,0.0,0.2500075,1.0,0,False,505.05999755859375
2026-08-28T05:52:38Z,MSFT,2026-10-02,put,330.0,0.13,0.0,0.0,0.2500075,1.0,0,False,505.05999755859375
2026-08-28T05:52:38Z,MSFT,2026-10-02,put,335.0,0.06,0.0,0.0,0.2500075,4.0,0,False,505.05999755859375
2026-08-28T05:52:38Z,MSFT,2026-10-02,put,340.0,0.09,0.0,0.0,0.2500075,63.0,0,False,505.05999755859375
2026-08-28T05:52:38Z,MSFT,2026-10-02,put,345.0,0.23,0.0,0.0,0.2500075,3.0,0,False,505.05999755859375
2026-08-28T05:52:38Z,MSFT,2026-10-02,put,350.0,0.11,0.0,0.0,0.2500075,3.0,0,False,505.05999755859375
2026-08-28T05:52:38Z,MSFT,2026-10-02,put,355.0,0.16,0.0,0.0,0.2500075,4.0,0,False,505.05999755859375
2026-08-28T05:52:38Z,MSFT,2026-10-02,put,360.0,0.15,0.0,0.0,0.2500075,1.0,0,False,505.05999755859375
2026-08-28T05:52:38Z,MSFT,2026-10-02,put,365.0,0.2,0.0,0.0,0.2500075,1.0,0,False,505.05999755859375
2026-08-28T05:52:38Z,MSFT,2026-10-02,put,370.0,0.24,0.0,0.0,0.2500075,1.0,0,False,505.05999755859375
2026-08-28T05:52:38Z,MSFT,2026-10-02,put,375.0,0.29,0.0,0.0,0.2500075,2.0,0,False,505.05999755859375
2026-08-28T05:52:38Z,MSFT,2026-10-02,put,380.0,0.35,0.0,0.0,0.12500875,1.0,0,False,505.05999755859375
2026-08-28T05:52:38Z,MSFT,2026-10-02,put,385.0,0.17,0.0,0.0,0.12500875,2.0,0,False,505.05999755859375
2026-08-28T05:52:38Z,MSFT,2026-10-02,put,390.0,0.3,0.0,0.0,0.12500875,1.0,0,False,505.05999755859375
2026-08-28T05:52:38Z,MSFT,2026-10-02,put,395.0,0.86,0.0,0.0,0.12500875,,0,False,505.05999755859375
2026-08-28T05:52:38Z,MSFT,2026-10-02,put,400.0,0.55,0.0,0.0,0.12500875,2.0,0,False,505.05999755859375
2026-08-28T05:52:38Z,MSFT,2026-10-02,put,405.0,0.56,0.0,0.0,0.12500875,2.0,0,False,505.05999755859375
2026-08-28T05:52:38Z,MSFT,2026-10-02,put,410.0,0.67,0.0,0.0,0.12500875,1.0,0,False,505.05999755859375
2026-08-28T05:52:38Z,MSFT,2026-10-02,put,415.0,0.72,0.0,0.0,0.12500875,2.0,0,False,505.05999755859375
2026-08-28T05:52:38Z,MSFT,2026-10-02,put,420.0,0.68,0.0,0.0,0.12500875,13.0,0,False,505.05999755859375
2026-08-28T05:52:38Z,MSFT,2026-10-02,put,425.0,0.89,0.0,0.0,0.12500875,11.0,0,False,505.05999755859375
2026-08-28T05:52:38Z,MSFT,2026-10-02,put,430.0,0.96,0.0,0.0,0.12500875,13.0,0,False,505.05999755859375
2026-08-28T05:52:38Z,MSFT,2026-10-02,put,435.0,1.18,0.0,0.0,0.12500875,16.0,0,False,505.05999755859375
2026-08-28T05:52:38Z,MSFT,2026-10-02,put,440.0,1.33,0.0,0.0,0.062509375,42.0,0,False,505.05999755859375
2026-08-28T05:52:38Z,MSFT,2026-10-02,put,445.0,1.64,0.0,0.0,0.062509375,86.0,0,False,505.05999755859375
2026-08-28T05:52:38Z,MSFT,2026-10-02,put,450.0,1.94,0.0,0.0,0.062509375,88.0,0,False,505.05999755859375
2026-08-28T05:52:38Z,MSFT,2026-10-02,put,455.0,2.41,0.0,0.0,0.062509375,151.0,0,False,505.05999755859375
2026-08-28T05:52:38Z,MSFT,2026-10-02,put,460.0,2.91,0.0,0.0,0.062509375,301.0,0,False,505.05999755859375
2026-08-28T05:52:38Z,MSFT,2026-10-02,put,465.0,3.52,0.0,0.0,0.062509375,60.0,0,False,505.05999755859375
2026-08-28T05:52:38Z,MSFT,2026-10-02,put,470.0,4.34,0.0,0.0,0.062509375,107.0,0,False,505.05999755859375
2026-08-28T05:52:38Z,MSFT,2026-10-02,put,475.0,5.15,0.0,0.0,0.0312596875,77.0,0,False,505.05999755859375
2026-08-28T05:52:38Z,MSFT,2026-10-02,put,480.0,6.07,0.0,0.0,0.0312596875,120.0,0,False,505.05999755859375
2026-08-28T05:52:38Z,MSFT,2026-10-02,put,485.0,7.46,0.0,0.0,0.0312596875,37.0,0,False,505.05999755859375
2026-08-28T05:52:38Z,MSFT,2026-10-02,put,490.0,9.26,0.0,0.0,0.015634843750000002,39.0,0,False,505.05999755859375
2026-08-28T05:52:38Z,MSFT,2026-10-02,put,495.0,10.8,0.0,0.0,0.015634843750000002,25.0,0,False,505.05999755859375
2026-08-28T05:52:38Z,MSFT,2026-10-02,put,500.0,12.8,0.0,0.0,0.007822421875,34.0,0,False,505.05999755859375
2026-08-28T05:52:38Z,MSFT,2026-10-02,put,505.0,15.13,0.0,0.0,0.00025413818359375,34.0,0,False,505.05999755859375
2026-08-28T05:52:38Z,MSFT,2026-10-02,put,510.0,17.5,0.0,0.0,1.0000000000000003e-05,12.0,0,True,505.05999755859375
2026-08-28T05:52:38Z,MSFT,2026-10-02,put,515.0,33.15,0.0,0.0,1.0000000000000003e-05,14.0,0,True,505.05999755859375
2026-08-28T05:52:38Z,MSFT,2026-10-02,put,520.0,33.6,0.0,0.0,1.0000000000000003e-05,,0,True,505.05999755859375
2026-08-28T05:52:38Z,MSFT,2026-10-02,put,530.0,30.88,0.0,0.0,1.0000000000000003e-05,1.0,0,True,505.05999755859375
2026-08-28T05:52:38Z,MSFT,2026-10-02,put,535.0,33.7,0.0,0.0,1.0000000000000003e-05,1.0,0,True,505.05999755859375
2026-08-28T05:52:38Z,MSFT,2026-10-02,put,545.0,65.79,0.0,0.0,1.0000000000000003e-05,,0,True,505.05999755859375
2026-08-28T05:52:38Z,MSFT,2026-10-02,put,550.0,65.6,0.0,0.0,1.0000000000000003e-05,1.0,0,True,505.05999755859375
2026-08-28T05:52:38Z,MSFT,2026-10-02,put,560.0,61.55,0.0,0.0,1.0000000000000003e-05,14.0,0,True,505.05999755859375
2026-08-28T05:52:38Z,MSFT,2026-10-16,call,210.0,296.0,0.0,0.0,1.0000000000000003e-05,2.0,0,True,505.05999755859375
2026-08-28T05:52:38Z,MSFT,2026-10-16,call,220.0,276.45,0.0,0.0,1.0000000000000003e-05,4.0,0,True,505.05999755859375
2026-08-28T05:52:38Z,MSFT,2026-10-16,call,230.0,271.4,0.0,0.0,1.0000000000000003e-05,2.0,0,True,505.05999755859375
2026-08-28T05:52:38Z,MSFT,2026-10-16,call,240.0,242.8,0.0,0.0,1.0000000000000003e-05,10.0,0,True,505.05999755859375
2026-08-28T05:52:38Z,MSFT,2026-10-16,call,250.0,247.05,0.0,0.0,1.0000000000000003e-05,4.0,0,True,505.05999755859375
2026-08-28T05:52:38Z,MSFT,2026-10-16,call,260.0,236.7,0.0,0.0,1.0000000000000003e-05,4.0,0,True,505.05999755859375
2026-08-28T05:52:38Z,MSFT,2026-10-16,call,270.0,235.15,0.0,0.0,1.0000000000000003e-05,2.0,0,True,505.05999755859375
2026-08-28T05:52:38Z,MSFT,2026-10-16,call,280.0,210.2,0.0,0.0,1.0000000000000003e-05,10.0,0,True,505.05999755859375
2026-08-28T05:52:38Z,MSFT,2026-10-16,call,285.0,222.0,0.0,0.0,1.0000000000000003e-05,10.0,0,True,505.05999755859375
2026-08-28T05:52:38Z,MSFT,2026-10-16,call,290.0,207.85,0.0,0.0,1.0000000000000003e-05,2.0,0,True,505.05999755859375
2026-08-28T05:52:38Z,MSFT,2026-10-16,call,295.0,202.25,0.0,0.0,1.0000000000000003e-05,40.0,0,True,505.05999755859375
2026-08-28T05:52:38Z,MSFT,2026-10-16,call,300.0,182.86,0.0,0.0,1.0000000000000003e-05,4.0,0,True,505.05999755859375
2026-08-28T05:52:38Z,MSFT,2026-10-16,call,305.0,200.7,0.0,0.0,1.0000000000000003e-05,2.0,0,True,505.05999755859375
2026-08-28T05:52:38Z,MSFT,2026-10-16,call,310.0,170.99,0.0,0.0,1.0000000000000003e-05,1.0,0,True,505.05999755859375
2026-08-28T05:52:38Z,MSFT,2026-10-16,call,315.0,183.75,0.0,0.0,1.0000000000000003e-05,2.0,0,True,505.05999755859375
2026-08-28T05:52:38Z,MSFT,2026-10-16,call,320.0,184.78,0.0,0.0,1.0000000000000003e-05,2.0,0,True,505.05999755859375
2026-08-28T05:52:38Z,MSFT,2026-10-16,call,325.0,180.64,0.0,0.0,1.0000000000000003e-05,1.0,0,True,505.05999755859375
2026-08-28T05:52:38Z,MSFT,2026-10-16,call,330.0,175.0,0.0,0.0,1.0000000000000003e-05,1.0,0,True,505.05999755859375
2026-08-28T05:52:38Z,MSFT,2026-10-16,call,335.0,156.4,0.0,0.0,1.0000000000000003e-05,9.0,0,True,505.05999755859375
2026-08-28T05:52:38Z,MSFT,2026-10-16,call,340.0,144.59,0.0,0.0,1.0000000000000003e-05,1.0,0,True,505.05999755859375
2026-08-28T05:52:38Z,MSFT,2026-10-16,call,345.0,138.52,0.0,0.0,1.0000000000000003e-05,1.0,0,True,505.05999755859375
2026-08-28T05:52:38Z,MSFT,2026-10-16,call,350.0,142.0,0.0,0.0,1.0000000000000003e-05,2.0,0,True,505.05999755859375
2026-08-28T05:52:38Z,MSFT,2026-10-16,call,355.0,127.11,0.0,0.0,1.0000000000000003e-05,1.0,0,True,505.05999755859375
2026-08-28T05:52:38Z,MSFT,2026-10-16,call,360.0,125.58,0.0,0.0,1.0000000000000003e-05,2.0,0,True,505.05999755859375
2026-08-28T05:52:38Z,MSFT,2026-10-16,call,365.0,119.03,0.0,0.0,1.0000000000000003e-05,2.0,0,True,505.05999755859375
2026-08-28T05:52:38Z,MSFT,2026-10-16,call,370.0,116.64,0.0,0.0,1.0000000000000003e-05,1.0,0,True,505.05999755859375
2026-08-28T05:52:38Z,MSFT,2026-10-16,call,375.0,133.0,0.0,0.0,1.0000000000000003e-05,2.0,0,True,505.05999755859375
2026-08-28T05:52:38Z,MSFT,2026-10-16,call,380.0,128.0,0.0,0.0,1.0000000000000003e-05,1.0,0,True,505.05999755859375
2026-08-28T05:52:38Z,MSFT,2026-10-16,call,385.0,120.78,0.0,0.0,1.0000000000000003e-05,1.0,0,True,505.05999755859375
2026-08-28T05:52:38Z,MSFT,2026-10-16,call,390.0,118.2,0.0,0.0,1.0000000000000003e-05,6.0,0,True,505.05999755859375
2026-08-28T05:52:38Z,MSFT,2026-10-16,call,395.0,107.25,0.0,0.0,1.0000000000000003e-05,1.0,0,True,505.05999755859375
2026-08-28T05:52:38Z,MSFT,2026-10-16,call,400.0,108.0,0.0,0.0,1.0000000000000003e-05,84.0,0,True,505.05999755859375
2026-08-28T05:52:38Z,MSFT,2026-10-16,call,405.0,102.91,0.0,0.0,1.0000000000000003e-05,5.0,0,True,505.05999755859375
2026-08-28T05:52:38Z,MSFT,2026-10-16,call,410.0,96.05,0.0,0.0,1.0000000000000003e-05,4.0,0,True,505.05999755859375
2026-08-28T05:52:38Z,MSFT,2026-10-16,call,415.0,88.03,0.0,0.0,1.0000000000000003e-05,1.0,0,True,505.05999755859375
2026-08-28T05:52:38Z,MSFT,2026-10-16,call,420.0,90.1,0.0,0.0,1.0000000000000003e-05,18.0,0,True,505.05999755859375
2026-08-28T05:52:38Z,MSFT,2026-10-16,call,425.0,85.85,0.0,0.0,1.0000000000000003e-05,3.0,0,True,505.05999755859375
2026-08-28T05:52:38Z,MSFT,2026-10-16,call,430.0,79.85,0.0,0.0,1.0000000000000003e-05,122.0,0,True,505.05999755859375
2026-08-28T05:52:38Z,MSFT,2026-10-16,call,435.0,74.08,0.0,0.0,1.0000000000000003e-05,9.0,0,True,505.05999755859375
2026-08-28T05:52:38Z,MSFT,2026-10-16,call,440.0,69.45,0.0,0.0,1.0000000000000003e-05,58.0,0,True,505.05999755859375
2026-08-28T05:52:38Z,MSFT,2026-10-16,call,445.0,65.0,0.0,0.0,1.0000000000000003e-05,2.0,0,True,505.05999755859375
2026-08-28T05:52:38Z,MSFT,2026-10-16,call,450.0,61.85,0.0,0.0,1.0000000000000003e-05,83.0,0,True,505.05999755859375
2026-08-28T05:52:38Z,MSFT,2026-10-16,call,455.0,51.55,0.0,0.0,1.0000000000000003e-05,13.0,0,True,505.05999755859375
2026-08-28T05:52:38Z,MSFT,2026-10-16,call,460.0,52.97,0.0,0.0,1.0000000000000003e-05,28.0,0,True,505.05999755859375
2026-08-28T05:52:38Z,MSFT,2026-10-16,call,465.0,48.55,0.0,0.0,1.0000000000000003e-05,41.0,0,True,505.05999755859375
2026-08-28T05:52:38Z,MSFT,2026-10-16,call,470.0,44.1,0.0,0.0,1.0000000000000003e-05,61.0,0,True,505.05999755859375
2026-08-28T05:52:38Z,MSFT,2026-10-16,call,475.0,40.74,0.0,0.0,1.0000000000000003e-05,40.0,0,True,505.05999755859375
2026-08-28T05:52:38Z,MSFT,2026-10-16,call,480.0,37.5,0.0,0.0,1.0000000000000003e-05,120.0,0,True,505.05999755859375
2026-08-28T05:52:38Z,MSFT,2026-10-16,call,485.0,33.25,0.0,0.0,1.0000000000000003e-05,86.0,0,True,505.05999755859375
2026-08-28T05:52:38Z,MSFT,2026-10-16,call,490.0,29.79,0.0,0.0,1.0000000000000003e-05,459.0,0,True,505.05999755859375
2026-08-28T05:52:38Z,MSFT,2026-10-16,call,495.0,26.52,0.0,0.0,1.0000000000000003e-05,289.0,0,True,505.05999755859375
2026-08-28T05:52:38Z,MSFT,2026-10-16,call,500.0,23.7,0.0,0.0,1.0000000000000003e-05,1861.0,0,True,505.05999755859375
2026-08-28T05:52:38Z,MSFT,2026-10-16,call,505.0,20.95,0.0,0.0,1.0000000000000003e-05,410.0,0,True,505.05999755859375
2026-08-28T05:52:38Z,MSFT,2026-10-16,call,510.0,18.35,0.0,0.0,0.007822421875,359.0,0,False,505.05999755859375
2026-08-28T05:52:38Z,MSFT,2026-10-16,call,515.0,16.38,0.0,0.0,0.015634843750000002,421.0,0,False,505.05999755859375
2026-08-28T05:52:38Z,MSFT,2026-10-16,call,520.0,14.15,0.0,0.0,0.015634843750000002,2102.0,0,False,505.05999755859375
2026-08-28T05:52:38Z,MSFT,2026-10-16,call,525.0,12.13,0.0,0.0,0.0312596875,368.0,0,False,505.05999755859375
2026-08-28T05:52:38Z,MSFT,2026-10-16,call,530.0,10.61,0.0,0.0,0.0312596875,580.0,0,False,505.05999755859375
2026-08-28T05:52:38Z,MSFT,2026-10-16,call,535.0,8.9,0.0,0.0,0.0312596875,219.0,0,False,505.05999755859375
2026-08-28T05:52:38Z,MSFT,2026-10-16,call,540.0,7.75,0.0,0.0,0.0312596875,404.0,0,False,505.05999755859375
2026-08-28T05:52:38Z,MSFT,2026-10-16,call,545.0,6.75,0.0,0.0,0.0312596875,358.0,0,False,505.05999755859375
2026-08-28T05:52:38Z,MSFT,2026-10-16,call,550.0,5.64,0.0,0.0,0.062509375,1111.0,0,False,505.05999755859375
2026-08-28T05:52:38Z,MSFT,2026-10-16,call,555.0,4.7,0.0,0.0,0.062509375,578.0,0,False,505.05999755859375
2026-08-28T05:52:38Z,MSFT,2026-10-16,call,560.0,4.25,0.0,0.0,0.062509375,180.0,0,False,505.05999755859375
2026-08-28T05:52:38Z,MSFT,2026-10-16,call,565.0,3.48,0.0,0.0,0.062509375,58.0,0,False,505.05999755859375
2026-08-28T05:52:38Z,MSFT,2026-10-16,call,570.0,2.82,0.0,0.0,0.062509375,273.0,0,False,505.05999755859375
2026-08-28T05:52:38Z,MSFT,2026-10-16,call,575.0,2.35,0.0,0.0,0.062509375,39.0,0,False,505.05999755859375
2026-08-28T05:52:38Z,MSFT,2026-10-16,call,580.0,2.02,0.0,0.0,0.062509375,101.0,0,False,505.05999755859375
2026-08-28T05:52:38Z,MSFT,2026-10-16,call,585.0,1.67,0.0,0.0,0.062509375,19.0,0,False,505.05999755859375
2026-08-28T05:52:38Z,MSFT,2026-10-16,call,590.0,1.4,0.0,0.0,0.062509375,54.0,0,False,505.05999755859375
2026-08-28T05:52:38Z,MSFT,2026-10-16,call,595.0,1.17,0.0,0.0,0.062509375,81.0,0,False,505.05999755859375
2026-08-28T05:52:38Z,MSFT,2026-10-16,call,600.0,1.0,0.0,0.0,0.12500875,204.0,0,False,505.05999755859375
2026-08-28T05:52:38Z,MSFT,2026-10-16,call,605.0,0.83,0.0,0.0,0.12500875,18.0,0,False,505.05999755859375
2026-08-28T05:52:38Z,MSFT,2026-10-16,call,610.0,0.68,0.0,0.0,0.12500875,5.0,0,False,505.05999755859375
2026-08-28T05:52:38Z,MSFT,2026-10-16,call,615.0,0.5,0.0,0.0,0.12500875,12.0,0,False,505.05999755859375
2026-08-28T05:52:38Z,MSFT,2026-10-16,call,620.0,0.5,0.0,0.0,0.12500875,38.0,0,False,505.05999755859375
2026-08-28T05:52:38Z,MSFT,2026-10-16,call,625.0,0.4,0.0,0.0,0.12500875,1.0,0,False,505.05999755859375
2026-08-28T05:52:38Z,MSFT,2026-10-16,call,630.0,0.32,0.0,0.0,0.12500875,92.0,0,False,505.05999755859375
2026-08-28T05:52:38Z,MSFT,2026-10-16,call,635.0,0.28,0.0,0.0,0.12500875,21.0,0,False,505.05999755859375
2026-08-28T05:52:38Z,MSFT,2026-10-16,call,640.0,0.17,0.0,0.0,0.12500875,4.0,0,False,505.05999755859375
2026-08-28T05:52:38Z,MSFT,2026-10-16,call,645.0,0.25,0.0,0.0,0.12500875,3.0,0,False,505.05999755859375
2026-08-28T05:52:38Z,MSFT,2026-10-16,call,650.0,0.21,0.0,0.0,0.12500875,13.0,0,False,505.05999755859375
2026-08-28T05:52:38Z,MSFT,2026-10-16,call,655.0,0.21,0.0,0.0,0.12500875,1.0,0,False,505.05999755859375
2026-08-28T05:52:38Z,MSFT,2026-10-16,call,660.0,0.08,0.0,0.0,0.12500875,2.0,0,False,505.05999755859375
2026-08-28T05:52:38Z,MSFT,2026-10-16,call,665.0,0.19,0.0,0.0,0.12500875,7.0,0,False,505.05999755859375
2026-08-28T05:52:38Z,MSFT,2026-10-16,call,670.0,0.1,0.0,0.0,0.12500875,4.0,0,False,505.05999755859375
2026-08-28T05:52:38Z,MSFT,2026-10-16,call,675.0,0.17,0.0,0.0,0.12500875,5.0,0,False,505.05999755859375
2026-08-28T05:52:38Z,MSFT,2026-10-16,call,680.0,0.01,0.0,0.0,0.12500875,20.0,0,False,505.05999755859375
2026-08-28T05:52:38Z,MSFT,2026-10-16,put,210.0,0.03,0.0,0.0,0.500005,5.0,0,False,505.05999755859375
2026-08-28T05:52:38Z,MSFT,2026-10-16,put,220.0,0.01,0.0,0.0,0.500005,6.0,0,False,505.05999755859375
2026-08-28T05:52:38Z,MSFT,2026-10-16,put,230.0,0.02,0.0,0.0,0.500005,2.0,0,False,505.05999755859375
2026-08-28T05:52:38Z,MSFT,2026-10-16,put,240.0,0.03,0.0,0.0,0.500005,1.0,0,False,505.05999755859375
2026-08-28T05:52:38Z,MSFT,2026-10-16,put,250.0,0.04,0.0,0.0,0.2500075,63.0,0,False,505.05999755859375
2026-08-28T05:52:38Z,MSFT,2026-10-16,put,260.0,0.02,0.0,0.0,0.2500075,5.0,0,False,505.05999755859375
2026-08-28T05:52:38Z,MSFT,2026-10-16,put,270.0,0.05,0.0,0.0,0.2500075,86.0,0,False,505.05999755859375
2026-08-28T05:52:38Z,MSFT,2026-10-16,put,280.0,0.05,0.0,0.0,0.2500075,14.0,0,False,505.05999755859375
2026-08-28T05:52:38Z,MSFT,2026-10-16,put,285.0,0.07,0.0,0.0,0.2500075,10.0,0,False,505.05999755859375
2026-08-28T05:52:38Z,MSFT,2026-10-16,put,290.0,0.08,0.0,0.0,0.2500075,4.0,0,False,505.05999755859375
2026-08-28T05:52:38Z,MSFT,2026-10-16,put,295.0,0.08,0.0,0.0,0.2500075,9.0,0,False,505.05999755859375
2026-08-28T05:52:38Z,MSFT,2026-10-16,put,300.0,0.09,0.0,0.0,0.2500075,5.0,0,False,505.05999755859375
2026-08-28T05:52:38Z,MSFT,2026-10-16,put,305.0,0.2,0.0,0.0,0.2500075,1.0,0,False,505.05999755859375
2026-08-28T05:52:38Z,MSFT,2026-10-16,put,310.0,0.11,0.0,0.0,0.2500075,46.0,0,False,505.05999755859375
2026-08-28T05:52:38Z,MSFT,2026-10-16,put,315.0,0.1,0.0,0.0,0.2500075,48.0,0,False,505.05999755859375
2026-08-28T05:52:38Z,MSFT,2026-10-16,put,320.0,0.2,0.0,0.0,0.2500075,1.0,0,False,505.05999755859375
2026-08-28T05:52:38Z,MSFT,2026-10-16,put,325.0,0.16,0.0,0.0,0.2500075,10.0,0,False,505.05999755859375
2026-08-28T05:52:38Z,MSFT,2026-10-16,put,330.0,0.16,0.0,0.0,0.2500075,3.0,0,False,505.05999755859375
2026-08-28T05:52:38Z,MSFT,2026-10-16,put,335.0,0.24,0.0,0.0,0.2500075,2.0,0,False,505.05999755859375
2026-08-28T05:52:38Z,MSFT,2026-10-16,put,340.0,0.18,0.0,0.0,0.2500075,5.0,0,False,505.05999755859375
2026-08-28T05:52:38Z,MSFT,2026-10-16,put,345.0,0.21,0.0,0.0,0.2500075,6.0,0,False,505.05999755859375
2026-08-28T05:52:38Z,MSFT,2026-10-16,put,350.0,0.25,0.0,0.0,0.2500075,77.0,0,False,505.05999755859375
2026-08-28T05:52:38Z,MSFT,2026-10-16,put,355.0,0.22,0.0,0.0,0.2500075,2.0,0,False,505.05999755859375
2026-08-28T05:52:38Z,MSFT,2026-10-16,put,360.0,0.29,0.0,0.0,0.12500875,33.0,0,False,505.05999755859375
2026-08-28T05:52:38Z,MSFT,2026-10-16,put,365.0,0.37,0.0,0.0,0.12500875,13.0,0,False,505.05999755859375
2026-08-28T05:52:38Z,MSFT,2026-10-16,put,370.0,0.28,0.0,0.0,0.12500875,48.0,0,False,505.05999755859375
2026-08-28T05:52:38Z,MSFT,2026-10-16,put,375.0,0.42,0.0,0.0,0.12500875,24.0,0,False,505.05999755859375
2026-08-28T05:52:38Z,MSFT,2026-10-16,put,380.0,0.43,0.0,0.0,0.12500875,55.0,0,False,505.05999755859375
2026-08-28T05:52:38Z,MSFT,2026-10-16,put,385.0,0.53,0.0,0.0,0.12500875,4.0,0,False,505.05999755859375
2026-08-28T05:52:38Z,MSFT,2026-10-16,put,390.0,0.63,0.0,0.0,0.12500875,43.0,0,False,505.05999755859375
2026-08-28T05:52:38Z,MSFT,2026-10-16,put,395.0,0.69,0.0,0.0,0.12500875,8.0,0,False,505.05999755859375
2026-08-28T05:52:38Z,MSFT,2026-10-16,put,400.0,0.97,0.0,0.0,0.12500875,311.0,0,False,505.05999755859375
2026-08-28T05:52:38Z,MSFT,2026-10-16,put,405.0,0.87,0.0,0.0,0.12500875,21.0,0,False,505.05999755859375
2026-08-28T05:52:38Z,MSFT,2026-10-16,put,410.0,1.06,0.0,0.0,0.12500875,152.0,0,False,505.05999755859375
2026-08-28T05:52:38Z,MSFT,2026-10-16,put,415.0,1.2,0.0,0.0,0.12500875,69.0,0,False,505.05999755859375
2026-08-28T05:52:38Z,MSFT,2026-10-16,put,420.0,1.35,0.0,0.0,0.12500875,219.0,0,False,505.05999755859375
2026-08-28T05:52:38Z,MSFT,2026-10-16,put,425.0,1.52,0.0,0.0,0.12500875,179.0,0,False,505.05999755859375
2026-08-28T05:52:38Z,MSFT,2026-10-16,put,430.0,1.77,0.0,0.0,0.062509375,250.0,0,False,505.05999755859375
2026-08-28T05:52:38Z,MSFT,2026-10-16,put,435.0,2.11,0.0,0.0,0.062509375,152.0,0,False,505.05999755859375
2026-08-28T05:52:38Z,MSFT,2026-10-16,put,440.0,2.43,0.0,0.0,0.062509375,417.0,0,False,505.05999755859375
2026-08-28T05:52:38Z,MSFT,2026-10-16,put,445.0,2.88,0.0,0.0,0.062509375,148.0,0,False,505.05999755859375
2026-08-28T05:52:38Z,MSFT,2026-10-16,put,450.0,3.38,0.0,0.0,0.062509375,330.0,0,False,505.05999755859375
2026-08-28T05:52:38Z,MSFT,2026-10-16,put,455.0,3.95,0.0,0.0,0.062509375,159.0,0,False,505.05999755859375
2026-08-28T05:52:38Z,MSFT,2026-10-16,put,460.0,4.69,0.0,0.0,0.062509375,376.0,0,False,505.05999755859375
2026-08-28T05:52:38Z,MSFT,2026-10-16,put,465.0,5.5,0.0,0.0,0.062509375,282.0,0,False,505.05999755859375
2026-08-28T05:52:38Z,MSFT,2026-10-16,put,470.0,6.43,0.0,0.0,0.0312596875,711.0,0,False,505.05999755859375
2026-08-28T05:52:38Z,MSFT,2026-10-16,put,475.0,7.5,0.0,0.0,0.0312596875,347.0,0,False,505.05999755859375
2026-08-28T05:52:38Z,MSFT,2026-10-16,put,480.0,8.75,0.0,0.0,0.0312596875,313.0,0,False,505.05999755859375
2026-08-28T05:52:38Z,MSFT,2026-10-16,put,485.0,10.16,0.0,0.0,0.0312596875,208.0,0,False,505.05999755859375
2026-08-28T05:52:38Z,MSFT,2026-10-16,put,490.0,11.6,0.0,0.0,0.015634843750000002,241.0,0,False,505.05999755859375
2026-08-28T05:52:38Z,MSFT,2026-10-16,put,495.0,13.61,0.0,0.0,0.015634843750000002,233.0,0,False,505.05999755859375
2026-08-28T05:52:38Z,MSFT,2026-10-16,put,500.0,15.1,0.0,0.0,0.007822421875,416.0,0,False,505.05999755859375
2026-08-28T05:52:38Z,MSFT,2026-10-16,put,505.0,18.05,0.0,0.0,0.00013206909179687502,80.0,0,False,505.05999755859375
2026-08-28T05:52:38Z,MSFT,2026-10-16,put,510.0,20.1,0.0,0.0,1.0000000000000003e-05,61.0,0,True,505.05999755859375
2026-08-28T05:52:38Z,MSFT,2026-10-16,put,515.0,23.45,0.0,0.0,1.0000000000000003e-05,43.0,0,True,505.05999755859375
2026-08-28T05:52:38Z,MSFT,2026-10-16,put,520.0,26.4,0.0,0.0,1.0000000000000003e-05,5.0,0,True,505.05999755859375
2026-08-28T05:52:38Z,MSFT,2026-10-16,put,525.0,29.55,0.0,0.0,1.0000000000000003e-05,3.0,0,True,505.05999755859375
2026-08-28T05:52:38Z,MSFT,2026-10-16,put,530.0,34.71,0.0,0.0,1.0000000000000003e-05,13.0,0,True,505.05999755859375
2026-08-28T05:52:38Z,MSFT,2026-10-16,put,535.0,49.2,0.0,0.0,1.0000000000000003e-05,1.0,0,True,505.05999755859375
2026-08-28T05:52:38Z,MSFT,2026-10-16,put,540.0,41.08,0.0,0.0,1.0000000000000003e-05,1.0,0,True,505.05999755859375
2026-08-28T05:52:38Z,MSFT,2026-10-16,put,545.0,57.22,0.0,0.0,1.0000000000000003e-05,1.0,0,True,505.05999755859375
2026-08-28T05:52:38Z,MSFT,2026-10-16,put,550.0,47.99,0.0,0.0,1.0000000000000003e-05,26.0,0,True,505.05999755859375
2026-08-28T05:52:38Z,MSFT,2026-10-16,put,555.0,56.17,0.0,0.0,1.0000000000000003e-05,1.0,0,True,505.05999755859375
2026-08-28T05:52:38Z,MSFT,2026-10-16,put,560.0,72.15,0.0,0.0,1.0000000000000003e-05,1.0,0,True,505.05999755859375
2026-08-28T05:52:38Z,MSFT,2026-10-16,put,565.0,62.9,0.0,0.0,1.0000000000000003e-05,2.0,0,True,505.05999755859375
2026-08-28T05:52:38Z,MSFT,2026-10-16,put,570.0,86.22,0.0,0.0,1.0000000000000003e-05,1.0,0,True,505.05999755859375
2026-08-28T05:52:38Z,MSFT,2026-10-16,put,575.0,89.28,0.0,0.0,1.0000000000000003e-05,2.0,0,True,505.05999755859375
2026-08-28T05:52:38Z,MSFT,2026-10-16,put,580.0,94.13,0.0,0.0,1.0000000000000003e-05,2.0,0,True,505.05999755859375
2026-08-28T05:52:38Z,MSFT,2026-10-16,put,585.0,99.07,0.0,0.0,1.0000000000000003e-05,2.0,0,True,505.05999755859375
2026-08-28T05:52:38Z,MSFT,2026-10-16,put,600.0,115.64,0.0,0.0,1.0000000000000003e-05,1.0,0,True,505.05999755859375
2026-08-28T05:52:38Z,MSFT,2026-10-16,put,620.0,125.35,0.0,0.0,1.0000000000000003e-05,2.0,0,True,505.05999755859375
2026-08-28T05:52:38Z,MSFT,2026-10-16,put,625.0,135.93,0.0,0.0,1.0000000000000003e-05,,0,True,505.05999755859375
2026-08-28T05:52:38Z,MSFT,2026-10-16,put,635.0,137.35,0.0,0.0,1.0000000000000003e-05,,0,True,505.05999755859375
2026-08-28T05:52:38Z,MSFT,2026-10-16,put,640.0,158.25,0.0,0.0,1.0000000000000003e-05,2.0,0,True,505.05999755859375
2026-08-28T05:52:38Z,MSFT,2026-10-16,put,650.0,166.25,0.0,0.0,1.0000000000000003e-05,16.0,0,True,505.05999755859375
2026-08-28T05:52:38Z,MSFT,2026-10-16,put,655.0,172.4,0.0,0.0,1.0000000000000003e-05,,0,True,505.05999755859375
2026-08-28T05:52:38Z,MSFT,2026-11-20,call,200.0,283.5,0.0,0.0,1.0000000000000003e-05,6.0,0,True,505.05999755859375
2026-08-28T05:52:38Z,MSFT,2026-11-20,call,210.0,292.95,0.0,0.0,1.0000000000000003e-05,2.0,0,True,505.05999755859375
2026-08-28T05:52:38Z,MSFT,2026-11-20,call,215.0,286.2,0.0,0.0,1.0000000000000003e-05,2.0,0,True,505.05999755859375
2026-08-28T05:52:38Z,MSFT,2026-11-20,call,220.0,285.95,0.0,0.0,1.0000000000000003e-05,2.0,0,True,505.05999755859375
2026-08-28T05:52:38Z,MSFT,2026-11-20,call,225.0,266.25,0.0,0.0,1.0000000000000003e-05,10.0,0,True,505.05999755859375
2026-08-28T05:52:38Z,MSFT,2026-11-20,call,230.0,255.0,0.0,0.0,1.0000000000000003e-05,3.0,0,True,505.05999755859375
2026-08-28T05:52:38Z,MSFT,2026-11-20,call,235.0,268.55,0.0,0.0,1.0000000000000003e-05,3.0,0,True,505.05999755859375
2026-08-28T05:52:38Z,MSFT,2026-11-20,call,240.0,253.0,0.0,0.0,1.0000000000000003e-05,2.0,0,True,505.05999755859375
2026-08-28T05:52:38Z,MSFT,2026-11-20,call,245.0,245.35,0.0,0.0,1.0000000000000003e-05,32.0,0,True,505.05999755859375
2026-08-28T05:52:38Z,MSFT,2026-11-20,call,250.0,234.5,0.0,0.0,1.0000000000000003e-05,2.0,0,True,505.05999755859375
2026-08-28T05:52:38Z,MSFT,2026-11-20,call,255.0,250.71,0.0,0.0,1.0000000000000003e-05,4.0,0,True,505.05999755859375
2026-08-28T05:52:38Z,MSFT,2026-11-20,call,260.0,227.77,0.0,0.0,1.0000000000000003e-05,2.0,0,True,505.05999755859375
2026-08-28T05:52:38Z,MSFT,2026-11-20,call,265.0,240.07,0.0,0.0,1.0000000000000003e-05,2.0,0,True,505.05999755859375
2026-08-28T05:52:38Z,MSFT,2026-11-20,call,270.0,235.23,0.0,0.0,1.0000000000000003e-05,10.0,0,True,505.05999755859375
2026-08-28T05:52:38Z,MSFT,2026-11-20,call,275.0,216.75,0.0,0.0,1.0000000000000003e-05,2.0,0,True,505.05999755859375
2026-08-28T05:52:38Z,MSFT,2026-11-20,call,280.0,213.63,0.0,0.0,1.0000000000000003e-05,1.0,0,True,505.05999755859375
2026-08-28T05:52:38Z,MSFT,2026-11-20,call,285.0,222.15,0.0,0.0,1.0000000000000003e-05,2.0,0,True,505.05999755859375
2026-08-28T05:52:38Z,MSFT,2026-11-20,call,290.0,202.65,0.0,0.0,1.0000000000000003e-05,22.0,0,True,505.05999755859375
2026-08-28T05:52:38Z,MSFT,2026-11-20,call,295.0,199.15,0.0,0.0,1.0000000000000003e-05,2.0,0,True,505.05999755859375
2026-08-28T05:52:38Z,MSFT,2026-11-20,call,300.0,206.29,0.0,0.0,1.0000000000000003e-05,1.0,0,True,505.05999755859375
2026-08-28T05:52:38Z,MSFT,2026-11-20,call,305.0,201.7,0.0,0.0,1.0000000000000003e-05,1.0,0,True,505.05999755859375
2026-08-28T05:52:38Z,MSFT,2026-11-20,call,310.0,174.45,0.0,0.0,1.0000000000000003e-05,3.0,0,True,505.05999755859375
2026-08-28T05:52:38Z,MSFT,2026-11-20,call,315.0,178.5,0.0,0.0,1.0000000000000003e-05,22.0,0,True,505.05999755859375
2026-08-28T05:52:38Z,MSFT,2026-11-20,call,320.0,165.0,0.0,0.0,1.0000000000000003e-05,1.0,0,True,505.05999755859375
2026-08-28T05:52:38Z,MSFT,2026-11-20,call,325.0,162.23,0.0,0.0,1.0000000000000003e-05,7.0,0,True,505.05999755859375
2026-08-28T05:52:38Z,MSFT,2026-11-20,call,330.0,164.65,0.0,0.0,1.0000000000000003e-05,1.0,0,True,505.05999755859375
2026-08-28T05:52:38Z,MSFT,2026-11-20,call,335.0,152.0,0.0,0.0,1.0000000000000003e-05,2.0,0,True,505.05999755859375
2026-08-28T05:52:38Z,MSFT,2026-11-20,call,340.0,148.94,0.0,0.0,1.0000000000000003e-05,76.0,0,True,505.05999755859375
2026-08-28T05:52:38Z,MSFT,2026-11-20,call,345.0,143.95,0.0,0.0,1.0000000000000003e-05,4.0,0,True,505.05999755859375
2026-08-28T05:52:38Z,MSFT,2026-11-20,call,350.0,147.24,0.0,0.0,1.0000000000000003e-05,5.0,0,True,505.05999755859375
2026-08-28T05:52:38Z,MSFT,2026-11-20,call,355.0,150.0,0.0,0.0,1.0000000000000003e-05,2.0,0,True,505.05999755859375
2026-08-28T05:52:38Z,MSFT,2026-11-20,call,360.0,137.63,0.0,0.0,1.0000000000000003e-05,5.0,0,True,505.05999755859375
2026-08-28T05:52:38Z,MSFT,2026-11-20,call,365.0,123.79,0.0,0.0,1.0000000000000003e-05,8.0,0,True,505.05999755859375
2026-08-28T05:52:38Z,MSFT,2026-11-20,call,370.0,129.6,0.0,0.0,1.0000000000000003e-05,1.0,0,True,505.05999755859375
2026-08-28T05:52:38Z,MSFT,2026-11-20,call,375.0,134.0,0.0,0.0,1.0000000000000003e-05,2.0,0,True,505.05999755859375
2026-08-28T05:52:38Z,MSFT,2026-11-20,call,380.0,131.4,0.0,0.0,1.0000000000000003e-05,12.0,0,True,505.05999755859375
2026-08-28T05:52:38Z,MSFT,2026-11-20,call,385.0,123.74,0.0,0.0,1.0000000000000003e-05,1.0,0,True,505.05999755859375
2026-08-28T05:52:38Z,MSFT,2026-11-20,call,390.0,118.6,0.0,0.0,1.0000000000000003e-05,2.0,0,True,505.05999755859375
2026-08-28T05:52:38Z,MSFT,2026-11-20,call,395.0,117.4,0.0,0.0,1.0000000000000003e-05,2.0,0,True,505.05999755859375
2026-08-28T05:52:38Z,MSFT,2026-11-20,call,400.0,112.5,0.0,0.0,1.0000000000000003e-05,6.0,0,True,505.05999755859375
2026-08-28T05:52:38Z,MSFT,2026-11-20,call,405.0,92.0,0.0,0.0,1.0000000000000003e-05,1.0,0,True,505.05999755859375
2026-08-28T05:52:38Z,MSFT,2026-11-20,call,410.0,101.02,0.0,0.0,1.0000000000000003e-05,4.0,0,True,505.05999755859375
2026-08-28T05:52:38Z,MSFT,2026-11-20,call,415.0,98.94,0.0,0.0,1.0000000000000003e-05,2.0,0,True,505.05999755859375
2026-08-28T05:52:38Z,MSFT,2026-11-20,call,420.0,94.6,0.0,0.0,1.0000000000000003e-05,16.0,0,True,505.05999755859375
2026-08-28T05:52:38Z,MSFT,2026-11-20,call,425.0,81.35,0.0,0.0,1.0000000000000003e-05,1.0,0,True,505.05999755859375
2026-08-28T05:52:38Z,MSFT,2026-11-20,call,430.0,85.7,0.0,0.0,1.0000000000000003e-05,64.0,0,True,505.05999755859375
2026-08-28T05:52:38Z,MSFT,2026-11-20,call,435.0,79.05,0.0,0.0,1.0000000000000003e-05,6.0,0,True,505.05999755859375
2026-08-28T05:52:38Z,MSFT,2026-11-20,call,440.0,76.5,0.0,0.0,1.0000000000000003e-05,64.0,0,True,505.05999755859375
2026-08-28T05:52:38Z,MSFT,2026-11-20,call,445.0,67.25,0.0,0.0,1.0000000000000003e-05,38.0,0,True,505.05999755859375
2026-08-28T05:52:38Z,MSFT,2026-11-20,call,450.0,68.48,0.0,0.0,1.0000000000000003e-05,46.0,0,True,505.05999755859375
2026-08-28T05:52:38Z,MSFT,2026-11-20,call,455.0,63.07,0.0,0.0,1.0000000000000003e-05,15.0,0,True,505.05999755859375
2026-08-28T05:52:38Z,MSFT,2026-11-20,call,460.0,61.0,0.0,0.0,1.0000000000000003e-05,60.0,0,True,505.05999755859375
2026-08-28T05:52:38Z,MSFT,2026-11-20,call,465.0,56.18,0.0,0.0,1.0000000000000003e-05,361.0,0,True,505.05999755859375
2026-08-28T05:52:38Z,MSFT,2026-11-20,call,470.0,53.05,0.0,0.0,1.0000000000000003e-05,19.0,0,True,505.05999755859375
2026-08-28T05:52:38Z,MSFT,2026-11-20,call,475.0,50.7,0.0,0.0,1.0000000000000003e-05,56.0,0,True,505.05999755859375
2026-08-28T05:52:38Z,MSFT,2026-11-20,call,480.0,47.05,0.0,0.0,1.0000000000000003e-05,78.0,0,True,505.05999755859375
2026-08-28T05:52:38Z,MSFT,2026-11-20,call,485.0,43.52,0.0,0.0,1.0000000000000003e-05,20.0,0,True,505.05999755859375
2026-08-28T05:52:38Z,MSFT,2026-11-20,call,490.0,40.75,0.0,0.0,1.0000000000000003e-05,82.0,0,True,505.05999755859375
2026-08-28T05:52:38Z,MSFT,2026-11-20,call,495.0,38.0,0.0,0.0,1.0000000000000003e-05,33.0,0,True,505.05999755859375
2026-08-28T05:52:38Z,MSFT,2026-11-20,call,500.0,34.51,0.0,0.0,1.0000000000000003e-05,264.0,0,True,505.05999755859375
2026-08-28T05:52:38Z,MSFT,2026-11-20,call,505.0,32.39,0.0,0.0,1.0000000000000003e-05,129.0,0,True,505.05999755859375
2026-08-28T05:52:38Z,MSFT,2026-11-20,call,510.0,29.62,0.0,0.0,0.0039162109375,259.0,0,False,505.05999755859375
2026-08-28T05:52:38Z,MSFT,2026-11-20,call,515.0,28.0,0.0,0.0,0.007822421875,68.0,0,False,505.05999755859375
2026-08-28T05:52:38Z,MSFT,2026-11-20,call,520.0,25.0,0.0,0.0,0.015634843750000002,82.0,0,False,505.05999755859375
2026-08-28T05:52:38Z,MSFT,2026-11-20,call,525.0,23.02,0.0,0.0,0.015634843750000002,186.0,0,False,505.05999755859375
2026-08-28T05:52:38Z,MSFT,2026-11-20,call,530.0,21.04,0.0,0.0,0.015634843750000002,208.0,0,False,505.05999755859375
2026-08-28T05:52:38Z,MSFT,2026-11-20,call,535.0,19.15,0.0,0.0,0.0312596875,134.0,0,False,505.05999755859375
2026-08-28T05:52:38Z,MSFT,2026-11-20,call,540.0,17.45,0.0,0.0,0.0312596875,53.0,0,False,505.05999755859375
2026-08-28T05:52:38Z,MSFT,2026-11-20,call,545.0,15.8,0.0,0.0,0.0312596875,295.0,0,False,505.05999755859375
2026-08-28T05:52:38Z,MSFT,2026-11-20,call,550.0,14.25,0.0,0.0,0.0312596875,463.0,0,False,505.05999755859375
2026-08-28T05:52:38Z,MSFT,2026-11-20,call,555.0,13.1,0.0,0.0,0.0312596875,103.0,0,False,505.05999755859375
2026-08-28T05:52:38Z,MSFT,2026-11-20,call,560.0,11.85,0.0,0.0,0.0312596875,124.0,0,False,505.05999755859375
2026-08-28T05:52:38Z,MSFT,2026-11-20,call,565.0,10.85,0.0,0.0,0.062509375,23.0,0,False,505.05999755859375
2026-08-28T05:52:38Z,MSFT,2026-11-20,call,570.0,9.5,0.0,0.0,0.062509375,67.0,0,False,505.05999755859375
2026-08-28T05:52:38Z,MSFT,2026-11-20,call,575.0,8.61,0.0,0.0,0.062509375,21.0,0,False,505.05999755859375
2026-08-28T05:52:38Z,MSFT,2026-11-20,call,580.0,7.68,0.0,0.0,0.062509375,101.0,0,False,505.05999755859375
2026-08-28T05:52:38Z,MSFT,2026-11-20,call,585.0,6.96,0.0,0.0,0.062509375,102.0,0,False,505.05999755859375
2026-08-28T05:52:38Z,MSFT,2026-11-20,call,590.0,6.4,0.0,0.0,0.062509375,91.0,0,False,505.05999755859375
2026-08-28T05:52:38Z,MSFT,2026-11-20,call,595.0,5.63,0.0,0.0,0.062509375,69.0,0,False,505.05999755859375
2026-08-28T05:52:38Z,MSFT,2026-11-20,call,600.0,4.97,0.0,0.0,0.062509375,234.0,0,False,505.05999755859375
2026-08-28T05:52:38Z,MSFT,2026-11-20,call,605.0,4.2,0.0,0.0,0.062509375,10.0,0,False,505.05999755859375
2026-08-28T05:52:38Z,MSFT,2026-11-20,call,610.0,4.0,0.0,0.0,0.062509375,23.0,0,False,505.05999755859375
2026-08-28T05:52:38Z,MSFT,2026-11-20,call,615.0,3.6,0.0,0.0,0.062509375,24.0,0,False,505.05999755859375
2026-08-28T05:52:38Z,MSFT,2026-11-20,call,620.0,3.17,0.0,0.0,0.062509375,13.0,0,False,505.05999755859375
2026-08-28T05:52:38Z,MSFT,2026-11-20,call,625.0,2.84,0.0,0.0,0.062509375,101.0,0,False,505.05999755859375
2026-08-28T05:52:38Z,MSFT,2026-11-20,call,630.0,2.6,0.0,0.0,0.062509375,34.0,0,False,505.05999755859375
2026-08-28T05:52:38Z,MSFT,2026-11-20,call,635.0,1.91,0.0,0.0,0.12500875,36.0,0,False,505.05999755859375
2026-08-28T05:52:38Z,MSFT,2026-11-20,call,640.0,2.0,0.0,0.0,0.12500875,16.0,0,False,505.05999755859375
2026-08-28T05:52:38Z,MSFT,2026-11-20,call,645.0,1.74,0.0,0.0,0.12500875,2.0,0,False,505.05999755859375
2026-08-28T05:52:38Z,MSFT,2026-11-20,call,650.0,1.4,0.0,0.0,0.12500875,81.0,0,False,505.05999755859375
2026-08-28T05:52:38Z,MSFT,2026-11-20,call,655.0,1.35,0.0,0.0,0.12500875,41.0,0,False,505.05999755859375
2026-08-28T05:52:38Z,MSFT,2026-11-20,call,660.0,1.2,0.0,0.0,0.12500875,15.0,0,False,505.05999755859375
2026-08-28T05:52:38Z,MSFT,2026-11-20,call,665.0,1.12,0.0,0.0,0.12500875,12.0,0,False,505.05999755859375
2026-08-28T05:52:38Z,MSFT,2026-11-20,call,670.0,0.97,0.0,0.0,0.12500875,6.0,0,False,505.05999755859375
2026-08-28T05:52:38Z,MSFT,2026-11-20,call,675.0,0.86,0.0,0.0,0.12500875,44.0,0,False,505.05999755859375
2026-08-28T05:52:38Z,MSFT,2026-11-20,call,680.0,0.77,0.0,0.0,0.12500875,98.0,0,False,505.05999755859375
2026-08-28T05:52:38Z,MSFT,2026-11-20,call,700.0,0.38,0.0,0.0,0.12500875,27.0,0,False,505.05999755859375
2026-08-28T05:52:38Z,MSFT,2026-11-20,put,200.0,0.04,0.0,0.0,0.2500075,110.0,0,False,505.05999755859375
2026-08-28T05:52:38Z,MSFT,2026-11-20,put,210.0,0.06,0.0,0.0,0.2500075,8.0,0,False,505.05999755859375
2026-08-28T05:52:38Z,MSFT,2026-11-20,put,215.0,0.07,0.0,0.0,0.2500075,1.0,0,False,505.05999755859375
2026-08-28T05:52:38Z,MSFT,2026-11-20,put,220.0,0.08,0.0,0.0,0.2500075,32.0,0,False,505.05999755859375
2026-08-28T05:52:38Z,MSFT,2026-11-20,put,225.0,0.07,0.0,0.0,0.2500075,4.0,0,False,505.05999755859375
2026-08-28T05:52:38Z,MSFT,2026-11-20,put,230.0,0.1,0.0,0.0,0.2500075,4.0,0,False,505.05999755859375
2026-08-28T05:52:38Z,MSFT,2026-11-20,put,235.0,0.1,0.0,0.0,0.2500075,7.0,0,False,505.05999755859375
2026-08-28T05:52:38Z,MSFT,2026-11-20,put,240.0,0.07,0.0,0.0,0.2500075,4.0,0,False,505.05999755859375
2026-08-28T05:52:38Z,MSFT,2026-11-20,put,245.0,0.21,0.0,0.0,0.2500075,8.0,0,False,505.05999755859375
2026-08-28T05:52:38Z,MSFT,2026-11-20,put,250.0,0.1,0.0,0.0,0.2500075,13.0,0,False,505.05999755859375
2026-08-28T05:52:38Z,MSFT,2026-11-20,put,255.0,0.13,0.0,0.0,0.2500075,5.0,0,False,505.05999755859375
2026-08-28T05:52:38Z,MSFT,2026-11-20,put,260.0,0.14,0.0,0.0,0.2500075,8.0,0,False,505.05999755859375
2026-08-28T05:52:38Z,MSFT,2026-11-20,put,265.0,0.14,0.0,0.0,0.2500075,2.0,0,False,505.05999755859375
2026-08-28T05:52:38Z,MSFT,2026-11-20,put,270.0,0.12,0.0,0.0,0.2500075,29.0,0,False,505.05999755859375
2026-08-28T05:52:38Z,MSFT,2026-11-20,put,275.0,0.15,0.0,0.0,0.2500075,2.0,0,False,505.05999755859375
2026-08-28T05:52:38Z,MSFT,2026-11-20,put,280.0,0.21,0.0,0.0,0.2500075,9.0,0,False,505.05999755859375
2026-08-28T05:52:38Z,MSFT,2026-11-20,put,285.0,0.3,0.0,0.0,0.2500075,2.0,0,False,505.05999755859375
2026-08-28T05:52:38Z,MSFT,2026-11-20,put,290.0,0.36,0.0,0.0,0.2500075,3.0,0,False,505.05999755859375
2026-08-28T05:52:38Z,MSFT,2026-11-20,put,295.0,0.35,0.0,0.0,0.2500075,1.0,0,False,505.05999755859375
2026-08-28T05:52:38Z,MSFT,2026-11-20,put,300.0,0.31,0.0,0.0,0.2500075,3.0,0,False,505.05999755859375
2026-08-28T05:52:38Z,MSFT,2026-11-20,put,305.0,0.32,0.0,0.0,0.2500075,26.0,0,False,505.05999755859375
2026-08-28T05:52:38Z,MSFT,2026-11-20,put,310.0,0.29,0.0,0.0,0.2500075,9.0,0,False,505.05999755859375
2026-08-28T05:52:38Z,MSFT,2026-11-20,put,315.0,0.45,0.0,0.0,0.2500075,16.0,0,False,505.05999755859375
2026-08-28T05:52:38Z,MSFT,2026-11-20,put,320.0,0.49,0.0,0.0,0.2500075,1.0,0,False,505.05999755859375
2026-08-28T05:52:38Z,MSFT,2026-11-20,put,325.0,0.62,0.0,0.0,0.12500875,5.0,0,False,505.05999755859375
2026-08-28T05:52:38Z,MSFT,2026-11-20,put,330.0,0.65,0.0,0.0,0.12500875,2.0,0,False,505.05999755859375
2026-08-28T05:52:38Z,MSFT,2026-11-20,put,335.0,0.89,0.0,0.0,0.12500875,6.0,0,False,505.05999755859375
2026-08-28T05:52:38Z,MSFT,2026-11-20,put,340.0,0.93,0.0,0.0,0.12500875,4.0,0,False,505.05999755859375
2026-08-28T05:52:38Z,MSFT,2026-11-20,put,345.0,0.86,0.0,0.0,0.12500875,4.0,0,False,505.05999755859375
2026-08-28T05:52:38Z,MSFT,2026-11-20,put,350.0,0.92,0.0,0.0,0.12500875,13.0,0,False,505.05999755859375
2026-08-28T05:52:38Z,MSFT,2026-11-20,put,355.0,1.06,0.0,0.0,0.12500875,6.0,0,False,505.05999755859375
2026-08-28T05:52:38Z,MSFT,2026-11-20,put,360.0,1.19,0.0,0.0,0.12500875,4.0,0,False,505.05999755859375
2026-08-28T05:52:38Z,MSFT,2026-11-20,put,365.0,1.43,0.0,0.0,0.12500875,1.0,0,False,505.05999755859375
2026-08-28T05:52:38Z,MSFT,2026-11-20,put,370.0,1.5,0.0,0.0,0.12500875,36.0,0,False,505.05999755859375
2026-08-28T05:52:38Z,MSFT,2026-11-20,put,375.0,1.67,0.0,0.0,0.12500875,1.0,0,False,505.05999755859375
2026-08-28T05:52:38Z,MSFT,2026-11-20,put,380.0,1.84,0.0,0.0,0.12500875,76.0,0,False,505.05999755859375
2026-08-28T05:52:38Z,MSFT,2026-11-20,put,385.0,2.21,0.0,0.0,0.12500875,8.0,0,False,505.05999755859375
2026-08-28T05:52:38Z,MSFT,2026-11-20,put,390.0,2.3,0.0,0.0,0.12500875,43.0,0,False,505.05999755859375
2026-08-28T05:52:38Z,MSFT,2026-11-20,put,395.0,2.67,0.0,0.0,0.12500875,17.0,0,False,505.05999755859375
2026-08-28T05:52:38Z,MSFT,2026-11-20,put,400.0,3.0,0.0,0.0,0.12500875,326.0,0,False,505.05999755859375
2026-08-28T05:52:38Z,MSFT,2026-11-20,put,405.0,3.5,0.0,0.0,0.12500875,68.0,0,False,505.05999755859375
2026-08-28T05:52:38Z,MSFT,2026-11-20,put,410.0,3.73,0.0,0.0,0.062509375,109.0,0,False,505.05999755859375
2026-08-28T05:52:38Z,MSFT,2026-11-20,put,415.0,4.25,0.0,0.0,0.062509375,14.0,0,False,505.05999755859375
2026-08-28T05:52:38Z,MSFT,2026-11-20,put,420.0,4.7,0.0,0.0,0.062509375,65.0,0,False,505.05999755859375
2026-08-28T05:52:38Z,MSFT,2026-11-20,put,425.0,5.35,0.0,0.0,0.062509375,208.0,0,False,505.05999755859375
2026-08-28T05:52:38Z,MSFT,2026-11-20,put,430.0,5.9,0.0,0.0,0.062509375,70.0,0,False,505.05999755859375
2026-08-28T05:52:38Z,MSFT,2026-11-20,put,435.0,6.7,0.0,0.0,0.062509375,39.0,0,False,505.05999755859375
2026-08-28T05:52:38Z,MSFT,2026-11-20,put,440.0,7.35,0.0,0.0,0.062509375,281.0,0,False,505.05999755859375
2026-08-28T05:52:38Z,MSFT,2026-11-20,put,445.0,8.22,0.0,0.0,0.062509375,169.0,0,False,505.05999755859375
2026-08-28T05:52:38Z,MSFT,2026-11-20,put,450.0,9.5,0.0,0.0,0.062509375,192.0,0,False,505.05999755859375
2026-08-28T05:52:38Z,MSFT,2026-11-20,put,455.0,10.27,0.0,0.0,0.062509375,74.0,0,False,505.05999755859375
2026-08-28T05:52:38Z,MSFT,2026-11-20,put,460.0,11.46,0.0,0.0,0.0312596875,167.0,0,False,505.05999755859375
2026-08-28T05:52:38Z,MSFT,2026-11-20,put,465.0,12.61,0.0,0.0,0.0312596875,214.0,0,False,505.05999755859375
2026-08-28T05:52:38Z,MSFT,2026-11-20,put,470.0,14.24,0.0,0.0,0.0312596875,68.0,0,False,505.05999755859375
2026-08-28T05:52:38Z,MSFT,2026-11-20,put,475.0,15.72,0.0,0.0,0.0312596875,205.0,0,False,505.05999755859375
2026-08-28T05:52:38Z,MSFT,2026-11-20,put,480.0,18.2,0.0,0.0,0.0312596875,206.0,0,False,505.05999755859375
2026-08-28T05:52:38Z,MSFT,2026-11-20,put,485.0,19.35,0.0,0.0,0.015634843750000002,106.0,0,False,505.05999755859375
2026-08-28T05:52:38Z,MSFT,2026-11-20,put,490.0,20.99,0.0,0.0,0.015634843750000002,118.0,0,False,505.05999755859375
2026-08-28T05:52:38Z,MSFT,2026-11-20,put,495.0,24.2,0.0,0.0,0.007822421875,2180.0,0,False,505.05999755859375
2026-08-28T05:52:38Z,MSFT,2026-11-20,put,500.0,25.3,0.0,0.0,0.0039162109375,1162.0,0,False,505.05999755859375
2026-08-28T05:52:38Z,MSFT,2026-11-20,put,505.0,27.5,0.0,0.0,0.00013206909179687502,46.0,0,False,505.05999755859375
2026-08-28T05:52:38Z,MSFT,2026-11-20,put,510.0,30.1,0.0,0.0,1.0000000000000003e-05,20.0,0,True,505.05999755859375
2026-08-28T05:52:38Z,MSFT,2026-11-20,put,515.0,33.9,0.0,0.0,1.0000000000000003e-05,54.0,0,True,505.05999755859375
2026-08-28T05:52:38Z,MSFT,2026-11-20,put,520.0,35.95,0.0,0.0,1.0000000000000003e-05,4.0,0,True,505.05999755859375
2026-08-28T05:52:38Z,MSFT,2026-11-20,put,525.0,38.45,0.0,0.0,1.0000000000000003e-05,12.0,0,True,505.05999755859375
2026-08-28T05:52:38Z,MSFT,2026-11-20,put,530.0,42.12,0.0,0.0,1.0000000000000003e-05,9.0,0,True,505.05999755859375
2026-08-28T05:52:38Z,MSFT,2026-11-20,put,535.0,44.6,0.0,0.0,1.0000000000000003e-05,51.0,0,True,505.05999755859375
2026-08-28T05:52:38Z,MSFT,2026-11-20,put,540.0,48.15,0.0,0.0,1.0000000000000003e-05,8.0,0,True,505.05999755859375
2026-08-28T05:52:38Z,MSFT,2026-11-20,put,545.0,51.9,0.0,0.0,1.0000000000000003e-05,9.0,0,True,505.05999755859375
2026-08-28T05:52:38Z,MSFT,2026-11-20,put,550.0,55.6,0.0,0.0,1.0000000000000003e-05,16.0,0,True,505.05999755859375
2026-08-28T05:52:38Z,MSFT,2026-11-20,put,555.0,59.3,0.0,0.0,1.0000000000000003e-05,4.0,0,True,505.05999755859375
2026-08-28T05:52:38Z,MSFT,2026-11-20,put,560.0,66.15,0.0,0.0,1.0000000000000003e-05,2.0,0,True,505.05999755859375
2026-08-28T05:52:38Z,MSFT,2026-11-20,put,565.0,80.48,0.0,0.0,1.0000000000000003e-05,4.0,0,True,505.05999755859375
2026-08-28T05:52:38Z,MSFT,2026-11-20,put,570.0,84.85,0.0,0.0,1.0000000000000003e-05,13.0,0,True,505.05999755859375
2026-08-28T05:52:38Z,MSFT,2026-11-20,put,575.0,89.34,0.0,0.0,1.0000000000000003e-05,2.0,0,True,505.05999755859375
2026-08-28T05:52:38Z,MSFT,2026-11-20,put,580.0,93.85,0.0,0.0,1.0000000000000003e-05,6.0,0,True,505.05999755859375
2026-08-28T05:52:38Z,MSFT,2026-11-20,put,585.0,105.18,0.0,0.0,1.0000000000000003e-05,1.0,0,True,505.05999755859375
2026-08-28T05:52:38Z,MSFT,2026-11-20,put,595.0,105.44,0.0,0.0,1.0000000000000003e-05,2.0,0,True,505.05999755859375
2026-08-28T05:52:38Z,MSFT,2026-11-20,put,600.0,118.57,0.0,0.0,1.0000000000000003e-05,1.0,0,True,505.05999755859375
2026-08-28T05:52:38Z,MSFT,2026-11-20,put,605.0,106.35,0.0,0.0,1.0000000000000003e-05,1.0,0,True,505.05999755859375
2026-08-28T05:52:38Z,MSFT,2026-11-20,put,610.0,108.2,0.0,0.0,1.0000000000000003e-05,1.0,0,True,505.05999755859375
2026-08-28T05:52:38Z,MSFT,2026-11-20,put,615.0,114.3,0.0,0.0,1.0000000000000003e-05,1.0,0,True,505.05999755859375
2026-08-28T05:52:38Z,MSFT,2026-11-20,put,620.0,115.7,0.0,0.0,1.0000000000000003e-05,12.0,0,True,505.05999755859375
2026-08-28T05:52:38Z,MSFT,2026-11-20,put,625.0,137.6,0.0,0.0,1.0000000000000003e-05,2.0,0,True,505.05999755859375
2026-08-28T05:52:38Z,MSFT,2026-11-20,put,630.0,187.47,0.0,0.0,1.0000000000000003e-05,2.0,0,True,505.05999755859375
2026-08-28T05:52:38Z,MSFT,2026-11-20,put,635.0,127.3,0.0,0.0,1.0000000000000003e-05,1.0,0,True,505.05999755859375
2026-08-28T05:52:38Z,MSFT,2026-11-20,put,640.0,196.45,0.0,0.0,1.0000000000000003e-05,,0,True,505.05999755859375
2026-08-28T05:52:38Z,MSFT,2026-11-20,put,645.0,186.3,0.0,0.0,1.0000000000000003e-05,30.0,0,True,505.05999755859375
2026-08-28T05:52:38Z,MSFT,2026-11-20,put,650.0,224.4,0.0,0.0,1.0000000000000003e-05,30.0,0,True,505.05999755859375
2026-08-28T05:52:38Z,MSFT,2026-11-20,put,655.0,195.98,0.0,0.0,1.0000000000000003e-05,10.0,0,True,505.05999755859375
2026-08-28T05:52:38Z,MSFT,2026-11-20,put,660.0,199.05,0.0,0.0,1.0000000000000003e-05,94.0,0,True,505.05999755859375
2026-08-28T05:52:38Z,MSFT,2026-11-20,put,665.0,202.35,0.0,0.0,1.0000000000000003e-05,,0,True,505.05999755859375
2026-08-28T05:52:38Z,MSFT,2026-11-20,put,670.0,210.3,0.0,0.0,1.0000000000000003e-05,,0,True,505.05999755859375
2026-08-28T05:52:38Z,MSFT,2026-11-20,put,675.0,241.8,0.0,0.0,1.0000000000000003e-05,18.0,0,True,505.05999755859375
2026-08-28T05:52:38Z,MSFT,2026-11-20,put,680.0,283.05,282.85,286.4,1.6697709382629395,1.0,0,True,505.05999755859375
2026-08-28T05:52:40Z,GOOG,2026-08-28,call,200.0,137.35,0.0,0.0,1.0000000000000003e-05,1.0,0,True,337.7099914550781
2026-08-28T05:52:40Z,GOOG,2026-08-28,call,205.0,121.93,0.0,0.0,1.0000000000000003e-05,,0,True,337.7099914550781
2026-08-28T05:52:40Z,GOOG,2026-08-28,call,210.0,162.28,133.15,136.95,8.103520560302734,,5,True,337.7099914550781
2026-08-28T05:52:40Z,GOOG,2026-08-28,call,215.0,128.6,0.0,0.0,1.0000000000000003e-05,4.0,0,True,337.7099914550781
2026-08-28T05:52:40Z,GOOG,2026-08-28,call,220.0,123.71,0.0,0.0,1.0000000000000003e-05,2.0,0,True,337.7099914550781
2026-08-28T05:52:40Z,GOOG,2026-08-28,call,225.0,112.73,0.0,0.0,1.0000000000000003e-05,1.0,0,True,337.7099914550781
2026-08-28T05:52:40Z,GOOG,2026-08-28,call,230.0,113.55,0.0,0.0,1.0000000000000003e-05,20.0,0,True,337.7099914550781
2026-08-28T05:52:40Z,GOOG,2026-08-28,call,235.0,102.8,0.0,0.0,1.0000000000000003e-05,1.0,0,True,337.7099914550781
2026-08-28T05:52:40Z,GOOG,2026-08-28,call,240.0,97.77,0.0,0.0,1.0000000000000003e-05,1.0,0,True,337.7099914550781
2026-08-28T05:52:40Z,GOOG,2026-08-28,call,245.0,95.9,0.0,0.0,1.0000000000000003e-05,60.0,0,True,337.7099914550781
2026-08-28T05:52:40Z,GOOG,2026-08-28,call,250.0,88.21,0.0,0.0,1.0000000000000003e-05,2.0,0,True,337.7099914550781
2026-08-28T05:52:40Z,GOOG,2026-08-28,call,255.0,82.97,0.0,0.0,1.0000000000000003e-05,7.0,0,True,337.7099914550781
2026-08-28T05:52:40Z,GOOG,2026-08-28,call,260.0,78.38,0.0,0.0,1.0000000000000003e-05,14.0,0,True,337.7099914550781
2026-08-28T05:52:40Z,GOOG,2026-08-28,call,265.0,73.04,0.0,0.0,1.0000000000000003e-05,14.0,0,True,337.7099914550781
2026-08-28T05:52:40Z,GOOG,2026-08-28,call,270.0,67.87,0.0,0.0,1.0000000000000003e-05,5.0,0,True,337.7099914550781
2026-08-28T05:52:40Z,GOOG,2026-08-28,call,275.0,64.03,0.0,0.0,1.0000000000000003e-05,16.0,0,True,337.7099914550781
2026-08-28T05:52:40Z,GOOG,2026-08-28,call,280.0,62.91,0.0,0.0,1.0000000000000003e-05,1.0,0,True,337.7099914550781
2026-08-28T05:52:40Z,GOOG,2026-08-28,call,285.0,58.01,0.0,0.0,1.0000000000000003e-05,1.0,0,True,337.7099914550781
2026-08-28T05:52:40Z,GOOG,2026-08-28,call,290.0,47.28,0.0,0.0,1.0000000000000003e-05,1.0,0,True,337.7099914550781
2026-08-28T05:52:40Z,GOOG,2026-08-28,call,295.0,47.08,0.0,0.0,1.0000000000000003e-05,2.0,0,True,337.7099914550781
2026-08-28T05:52:40Z,GOOG,2026-08-28,call,300.0,36.95,0.0,0.0,1.0000000000000003e-05,4.0,0,True,337.7099914550781
2026-08-28T05:52:40Z,GOOG,2026-08-28,call,305.0,33.01,0.0,0.0,1.0000000000000003e-05,1.0,0,True,337.7099914550781
2026-08-28T05:52:40Z,GOOG,2026-08-28,call,310.0,28.32,0.0,0.0,1.0000000000000003e-05,10.0,0,True,337.7099914550781
2026-08-28T05:52:40Z,GOOG,2026-08-28,call,315.0,23.77,0.0,0.0,1.0000000000000003e-05,17.0,0,True,337.7099914550781
2026-08-28T05:52:40Z,GOOG,2026-08-28,call,317.5,29.0,0.0,0.0,1.0000000000000003e-05,4.0,0,True,337.7099914550781
2026-08-28T05:52:40Z,GOOG,2026-08-28,call,320.0,17.95,0.0,0.0,1.0000000000000003e-05,47.0,0,True,337.7099914550781
2026-08-28T05:52:40Z,GOOG,2026-08-28,call,322.5,15.18,0.0,0.0,1.0000000000000003e-05,28.0,0,True,337.7099914550781
2026-08-28T05:52:40Z,GOOG,2026-08-28,call,325.0,12.53,0.0,0.0,1.0000000000000003e-05,98.0,0,True,337.7099914550781
2026-08-28T05:52:40Z,GOOG,2026-08-28,call,327.5,10.65,0.0,0.0,1.0000000000000003e-05,15.0,0,True,337.7099914550781
2026-08-28T05:52:40Z,GOOG,2026-08-28,call,330.0,8.13,0.0,0.0,1.0000000000000003e-05,198.0,0,True,337.7099914550781
2026-08-28T05:52:40Z,GOOG,2026-08-28,call,332.5,6.25,0.0,0.0,1.0000000000000003e-05,117.0,0,True,337.7099914550781
2026-08-28T05:52:40Z,GOOG,2026-08-28,call,335.0,3.6,0.0,0.0,1.0000000000000003e-05,1187.0,0,True,337.7099914550781
2026-08-28T05:52:40Z,GOOG,2026-08-28,call,337.5,2.03,0.0,0.0,1.0000000000000003e-05,3861.0,0,True,337.7099914550781
2026-08-28T05:52:40Z,GOOG,2026-08-28,call,340.0,1.07,0.0,0.0,0.0312596875,5872.0,0,False,337.7099914550781
2026-08-28T05:52:40Z,GOOG,2026-08-28,call,342.5,0.52,0.0,0.0,0.062509375,3029.0,0,False,337.7099914550781
2026-08-28T05:52:40Z,GOOG,2026-08-28,call,345.0,0.24,0.0,0.0,0.12500875,2267.0,0,False,337.7099914550781
2026-08-28T05:52:40Z,GOOG,2026-08-28,call,347.5,0.14,0.0,0.0,0.12500875,1044.0,0,False,337.7099914550781
2026-08-28T05:52:40Z,GOOG,2026-08-28,call,350.0,0.09,0.0,0.0,0.12500875,1556.0,0,False,337.7099914550781
2026-08-28T05:52:40Z,GOOG,2026-08-28,call,352.5,0.05,0.0,0.0,0.2500075,638.0,0,False,337.7099914550781
2026-08-28T05:52:40Z,GOOG,2026-08-28,call,355.0,0.04,0.0,0.0,0.2500075,735.0,0,False,337.7099914550781
2026-08-28T05:52:40Z,GOOG,2026-08-28,call,357.5,0.02,0.0,0.0,0.2500075,519.0,0,False,337.7099914550781
2026-08-28T05:52:40Z,GOOG,2026-08-28,call,360.0,0.02,0.0,0.0,0.2500075,966.0,0,False,337.7099914550781
2026-08-28T05:52:40Z,GOOG,2026-08-28,call,362.5,0.03,0.0,0.0,0.2500075,94.0,0,False,337.7099914550781
2026-08-28T05:52:40Z,GOOG,2026-08-28,call,365.0,0.01,0.0,0.0,0.2500075,271.0,0,False,337.7099914550781
2026-08-28T05:52:40Z,GOOG,2026-08-28,call,367.5,0.02,0.0,0.0,0.2500075,81.0,0,False,337.7099914550781
2026-08-28T05:52:40Z,GOOG,2026-08-28,call,370.0,0.01,0.0,0.0,0.500005,127.0,0,False,337.7099914550781
2026-08-28T05:52:40Z,GOOG,2026-08-28,call,372.5,0.04,0.0,0.0,0.500005,74.0,0,False,337.7099914550781
2026-08-28T05:52:40Z,GOOG,2026-08-28,call,375.0,0.01,0.0,0.0,0.500005,64.0,0,False,337.7099914550781
2026-08-28T05:52:40Z,GOOG,2026-08-28,call,377.5,0.01,0.0,0.0,0.500005,3.0,0,False,337.7099914550781
2026-08-28T05:52:40Z,GOOG,2026-08-28,call,380.0,0.01,0.0,0.0,0.500005,124.0,0,False,337.7099914550781
2026-08-28T05:52:40Z,GOOG,2026-08-28,call,385.0,0.01,0.0,0.0,0.500005,176.0,0,False,337.7099914550781
2026-08-28T05:52:40Z,GOOG,2026-08-28,call,390.0,0.02,0.0,0.0,0.500005,59.0,0,False,337.7099914550781
2026-08-28T05:52:40Z,GOOG,2026-08-28,call,395.0,0.01,0.0,0.0,0.500005,1.0,0,False,337.7099914550781
2026-08-28T05:52:40Z,GOOG,2026-08-28,call,400.0,0.01,0.0,0.0,0.500005,7.0,0,False,337.7099914550781
2026-08-28T05:52:40Z,GOOG,2026-08-28,call,405.0,0.02,0.0,0.0,0.500005,1.0,0,False,337.7099914550781
2026-08-28T05:52:40Z,GOOG,2026-08-28,call,410.0,0.19,0.0,0.0,0.500005,1.0,0,False,337.7099914550781
2026-08-28T05:52:40Z,GOOG,2026-08-28,call,415.0,0.07,0.0,0.0,0.500005,3.0,0,False,337.7099914550781
2026-08-28T05:52:40Z,GOOG,2026-08-28,call,420.0,0.01,0.0,0.0,0.500005,2.0,0,False,337.7099914550781
2026-08-28T05:52:40Z,GOOG,2026-08-28,call,425.0,0.07,0.0,0.0,0.500005,8.0,0,False,337.7099914550781
2026-08-28T05:52:40Z,GOOG,2026-08-28,call,430.0,0.01,0.0,0.0,0.500005,4.0,0,False,337.7099914550781
2026-08-28T05:52:40Z,GOOG,2026-08-28,call,435.0,0.05,0.0,0.0,0.500005,5.0,0,False,337.7099914550781
2026-08-28T05:52:40Z,GOOG,2026-08-28,call,440.0,0.02,0.0,0.0,0.500005,7.0,0,False,337.7099914550781
2026-08-28T05:52:40Z,GOOG,2026-08-28,call,445.0,0.12,0.0,0.0,0.500005,6.0,0,False,337.7099914550781
2026-08-28T05:52:40Z,GOOG,2026-08-28,call,450.0,0.12,0.0,0.0,0.500005,8.0,0,False,337.7099914550781
2026-08-28T05:52:40Z,GOOG,2026-08-28,call,455.0,0.09,0.0,0.0,0.500005,7.0,0,False,337.7099914550781
2026-08-28T05:52:40Z,GOOG,2026-08-28,call,460.0,0.07,0.0,0.0,0.500005,8.0,0,False,337.7099914550781
2026-08-28T05:52:40Z,GOOG,2026-08-28,call,465.0,0.04,0.0,0.0,0.500005,5.0,0,False,337.7099914550781
2026-08-28T05:52:40Z,GOOG,2026-08-28,call,470.0,0.26,0.0,0.0,0.500005,3.0,0,False,337.7099914550781
2026-08-28T05:52:40Z,GOOG,2026-08-28,call,480.0,0.06,0.0,0.0,0.500005,1.0,0,False,337.7099914550781
2026-08-28T05:52:40Z,GOOG,2026-08-28,call,490.0,0.01,0.0,0.0,0.500005,1.0,0,False,337.7099914550781
2026-08-28T05:52:40Z,GOOG,2026-08-28,put,200.0,0.01,0.0,0.0,0.500005,1.0,0,False,337.7099914550781
2026-08-28T05:52:40Z,GOOG,2026-08-28,put,205.0,0.06,0.0,0.0,0.500005,19.0,0,False,337.7099914550781
2026-08-28T05:52:40Z,GOOG,2026-08-28,put,210.0,0.13,0.0,0.0,0.500005,1.0,0,False,337.7099914550781
2026-08-28T05:52:40Z,GOOG,2026-08-28,put,215.0,0.01,0.0,0.0,0.500005,2.0,0,False,337.7099914550781
2026-08-28T05:52:40Z,GOOG,2026-08-28,put,220.0,0.01,0.0,0.0,1.000005,4.0,0,False,337.7099914550781
2026-08-28T05:52:40Z,GOOG,2026-08-28,put,225.0,0.01,0.0,0.0,1.000005,1.0,0,False,337.7099914550781
2026-08-28T05:52:40Z,GOOG,2026-08-28,put,230.0,0.03,0.0,0.0,0.500005,7.0,0,False,337.7099914550781
2026-08-28T05:52:40Z,GOOG,2026-08-28,put,235.0,0.01,0.0,0.0,0.500005,2.0,0,False,337.7099914550781
2026-08-28T05:52:40Z,GOOG,2026-08-28,put,240.0,0.14,0.0,0.0,0.500005,1.0,0,False,337.7099914550781
2026-08-28T05:52:40Z,GOOG,2026-08-28,put,245.0,0.01,0.0,0.0,0.500005,5.0,0,False,337.7099914550781
2026-08-28T05:52:40Z,GOOG,2026-08-28,put,250.0,0.01,0.0,0.0,0.500005,1.0,0,False,337.7099914550781
2026-08-28T05:52:40Z,GOOG,2026-08-28,put,255.0,0.05,0.0,0.0,0.500005,6.0,0,False,337.7099914550781
2026-08-28T05:52:40Z,GOOG,2026-08-28,put,260.0,0.01,0.0,0.0,0.500005,13.0,0,False,337.7099914550781
2026-08-28T05:52:40Z,GOOG,2026-08-28,put,265.0,0.01,0.0,0.0,0.500005,2.0,0,False,337.7099914550781
2026-08-28T05:52:40Z,GOOG,2026-08-28,put,270.0,0.01,0.0,0.0,0.500005,3.0,0,False,337.7099914550781
2026-08-28T05:52:40Z,GOOG,2026-08-28,put,275.0,0.01,0.0,0.0,0.500005,4.0,0,False,337.7099914550781
2026-08-28T05:52:40Z,GOOG,2026-08-28,put,280.0,0.01,0.0,0.0,0.500005,12.0,0,False,337.7099914550781
2026-08-28T05:52:40Z,GOOG,2026-08-28,put,285.0,0.06,0.0,0.0,0.500005,1.0,0,False,337.7099914550781
2026-08-28T05:52:40Z,GOOG,2026-08-28,put,290.0,0.01,0.0,0.0,0.500005,2.0,0,False,337.7099914550781
2026-08-28T05:52:40Z,GOOG,2026-08-28,put,295.0,0.05,0.0,0.0,0.500005,59.0,0,False,337.7099914550781
2026-08-28T05:52:40Z,GOOG,2026-08-28,put,300.0,0.01,0.0,0.0,0.500005,14.0,0,False,337.7099914550781
2026-08-28T05:52:40Z,GOOG,2026-08-28,put,305.0,0.01,0.0,0.0,0.500005,11.0,0,False,337.7099914550781
2026-08-28T05:52:40Z,GOOG,2026-08-28,put,310.0,0.01,0.0,0.0,0.2500075,56.0,0,False,337.7099914550781
2026-08-28T05:52:40Z,GOOG,2026-08-28,put,315.0,0.02,0.0,0.0,0.2500075,420.0,0,False,337.7099914550781
2026-08-28T05:52:40Z,GOOG,2026-08-28,put,317.5,0.03,0.0,0.0,0.2500075,48.0,0,False,337.7099914550781
2026-08-28T05:52:40Z,GOOG,2026-08-28,put,320.0,0.03,0.0,0.0,0.2500075,161.0,0,False,337.7099914550781
2026-08-28T05:52:40Z,GOOG,2026-08-28,put,322.5,0.04,0.0,0.0,0.2500075,126.0,0,False,337.7099914550781
2026-08-28T05:52:40Z,GOOG,2026-08-28,put,325.0,0.06,0.0,0.0,0.12500875,300.0,0,False,337.7099914550781
2026-08-28T05:52:40Z,GOOG,2026-08-28,put,327.5,0.11,0.0,0.0,0.12500875,574.0,0,False,337.7099914550781
2026-08-28T05:52:40Z,GOOG,2026-08-28,put,330.0,0.2,0.0,0.0,0.12500875,892.0,0,False,337.7099914550781
2026-08-28T05:52:40Z,GOOG,2026-08-28,put,332.5,0.45,0.0,0.0,0.062509375,2179.0,0,False,337.7099914550781
2026-08-28T05:52:40Z,GOOG,2026-08-28,put,335.0,0.95,0.0,0.0,0.0312596875,2644.0,0,False,337.7099914550781
2026-08-28T05:52:40Z,GOOG,2026-08-28,put,337.5,1.91,0.0,0.0,0.0039162109375,1936.0,0,False,337.7099914550781
2026-08-28T05:52:40Z,GOOG,2026-08-28,put,340.0,3.41,0.0,0.0,1.0000000000000003e-05,4162.0,0,True,337.7099914550781
2026-08-28T05:52:40Z,GOOG,2026-08-28,put,342.5,5.41,0.0,0.0,1.0000000000000003e-05,210.0,0,True,337.7099914550781
2026-08-28T05:52:40Z,GOOG,2026-08-28,put,345.0,7.63,0.0,0.0,1.0000000000000003e-05,526.0,0,True,337.7099914550781
2026-08-28T05:52:40Z,GOOG,2026-08-28,put,347.5,10.03,0.0,0.0,1.0000000000000003e-05,133.0,0,True,337.7099914550781
2026-08-28T05:52:40Z,GOOG,2026-08-28,put,350.0,12.4,0.0,0.0,1.0000000000000003e-05,145.0,0,True,337.7099914550781
2026-08-28T05:52:40Z,GOOG,2026-08-28,put,352.5,14.67,0.0,0.0,1.0000000000000003e-05,140.0,0,True,337.7099914550781
2026-08-28T05:52:40Z,GOOG,2026-08-28,put,355.0,17.21,0.0,0.0,1.0000000000000003e-05,768.0,0,True,337.7099914550781
2026-08-28T05:52:40Z,GOOG,2026-08-28,put,357.5,19.55,0.0,0.0,1.0000000000000003e-05,176.0,0,True,337.7099914550781
2026-08-28T05:52:40Z,GOOG,2026-08-28,put,360.0,22.9,0.0,0.0,1.0000000000000003e-05,2245.0,0,True,337.7099914550781
2026-08-28T05:52:40Z,GOOG,2026-08-28,put,362.5,24.83,0.0,0.0,1.0000000000000003e-05,1.0,0,True,337.7099914550781
2026-08-28T05:52:40Z,GOOG,2026-08-28,put,365.0,27.75,0.0,0.0,1.0000000000000003e-05,317.0,0,True,337.7099914550781
2026-08-28T05:52:40Z,GOOG,2026-08-28,put,367.5,24.45,0.0,0.0,1.0000000000000003e-05,1.0,0,True,337.7099914550781
2026-08-28T05:52:40Z,GOOG,2026-08-28,put,370.0,26.17,0.0,0.0,1.0000000000000003e-05,1.0,0,True,337.7099914550781
2026-08-28T05:52:40Z,GOOG,2026-08-28,put,372.5,34.9,0.0,0.0,1.0000000000000003e-05,8.0,0,True,337.7099914550781
2026-08-28T05:52:40Z,GOOG,2026-08-28,put,375.0,31.83,0.0,0.0,1.0000000000000003e-05,8.0,0,True,337.7099914550781
2026-08-28T05:52:40Z,GOOG,2026-08-28,put,377.5,34.85,0.0,0.0,1.0000000000000003e-05,29.0,0,True,337.7099914550781
2026-08-28T05:52:40Z,GOOG,2026-08-28,put,380.0,39.85,0.0,0.0,1.0000000000000003e-05,1.0,0,True,337.7099914550781
2026-08-28T05:52:40Z,GOOG,2026-08-28,put,385.0,28.8,0.0,0.0,1.0000000000000003e-05,8.0,0,True,337.7099914550781
2026-08-28T05:52:40Z,GOOG,2026-08-28,put,390.0,20.8,0.0,0.0,1.0000000000000003e-05,3.0,0,True,337.7099914550781
2026-08-28T05:52:40Z,GOOG,2026-08-28,put,395.0,48.8,0.0,0.0,1.0000000000000003e-05,5.0,0,True,337.7099914550781
2026-08-28T05:52:40Z,GOOG,2026-08-28,put,400.0,57.8,0.0,0.0,1.0000000000000003e-05,2.0,0,True,337.7099914550781
2026-08-28T05:52:40Z,GOOG,2026-08-28,put,405.0,59.96,0.0,0.0,1.0000000000000003e-05,1.0,0,True,337.7099914550781
2026-08-28T05:52:40Z,GOOG,2026-08-28,put,410.0,56.95,64.0,67.0,1.0000000000000003e-05,,0,True,337.7099914550781
2026-08-28T05:52:40Z,GOOG,2026-08-28,put,430.0,75.55,83.35,87.0,1.0000000000000003e-05,,0,True,337.7099914550781
2026-08-28T05:52:40Z,GOOG,2026-08-28,put,435.0,60.16,0.0,0.0,1.0000000000000003e-05,,0,True,337.7099914550781
2026-08-28T05:52:40Z,GOOG,2026-08-28,put,440.0,102.25,0.0,0.0,1.0000000000000003e-05,,0,True,337.7099914550781
2026-08-28T05:52:40Z,GOOG,2026-08-28,put,455.0,95.0,0.0,0.0,1.0000000000000003e-05,,0,True,337.7099914550781
2026-08-28T05:52:40Z,GOOG,2026-08-28,put,460.0,117.5,0.0,0.0,1.0000000000000003e-05,,0,True,337.7099914550781
2026-08-28T05:52:40Z,GOOG,2026-08-28,put,465.0,120.3,0.0,0.0,1.0000000000000003e-05,1.0,0,True,337.7099914550781
2026-08-28T05:52:40Z,GOOG,2026-09-04,call,200.0,169.47,0.0,0.0,1.0000000000000003e-05,,0,True,337.7099914550781
2026-08-28T05:52:40Z,GOOG,2026-09-04,call,220.0,123.16,0.0,0.0,1.0000000000000003e-05,1.0,0,True,337.7099914550781
2026-08-28T05:52:40Z,GOOG,2026-09-04,call,235.0,108.28,0.0,0.0,1.0000000000000003e-05,43.0,0,True,337.7099914550781
2026-08-28T05:52:40Z,GOOG,2026-09-04,call,240.0,103.31,0.0,0.0,1.0000000000000003e-05,4.0,0,True,337.7099914550781
2026-08-28T05:52:40Z,GOOG,2026-09-04,call,245.0,98.37,0.0,0.0,1.0000000000000003e-05,4.0,0,True,337.7099914550781
2026-08-28T05:52:40Z,GOOG,2026-09-04,call,250.0,92.98,0.0,0.0,1.0000000000000003e-05,1.0,0,True,337.7099914550781
2026-08-28T05:52:40Z,GOOG,2026-09-04,call,255.0,89.07,0.0,0.0,1.0000000000000003e-05,,0,True,337.7099914550781
2026-08-28T05:52:40Z,GOOG,2026-09-04,call,260.0,78.87,0.0,0.0,1.0000000000000003e-05,14.0,0,True,337.7099914550781
2026-08-28T05:52:40Z,GOOG,2026-09-04,call,265.0,80.2,0.0,0.0,1.0000000000000003e-05,1.0,0,True,337.7099914550781
2026-08-28T05:52:40Z,GOOG,2026-09-04,call,270.0,68.37,0.0,0.0,1.0000000000000003e-05,1.0,0,True,337.7099914550781
2026-08-28T05:52:40Z,GOOG,2026-09-04,call,275.0,64.64,0.0,0.0,1.0000000000000003e-05,12.0,0,True,337.7099914550781
2026-08-28T05:52:40Z,GOOG,2026-09-04,call,280.0,63.45,0.0,0.0,1.0000000000000003e-05,2.0,0,True,337.7099914550781
2026-08-28T05:52:40Z,GOOG,2026-09-04,call,285.0,60.23,0.0,0.0,1.0000000000000003e-05,44.0,0,True,337.7099914550781
2026-08-28T05:52:40Z,GOOG,2026-09-04,call,290.0,56.3,0.0,0.0,1.0000000000000003e-05,10.0,0,True,337.7099914550781
2026-08-28T05:52:40Z,GOOG,2026-09-04,call,295.0,47.84,0.0,0.0,1.0000000000000003e-05,125.0,0,True,337.7099914550781
2026-08-28T05:52:40Z,GOOG,2026-09-04,call,300.0,44.06,0.0,0.0,1.0000000000000003e-05,1.0,0,True,337.7099914550781
2026-08-28T05:52:40Z,GOOG,2026-09-04,call,305.0,38.29,0.0,0.0,1.0000000000000003e-05,106.0,0,True,337.7099914550781
2026-08-28T05:52:40Z,GOOG,2026-09-04,call,310.0,29.18,0.0,0.0,1.0000000000000003e-05,4.0,0,True,337.7099914550781
2026-08-28T05:52:40Z,GOOG,2026-09-04,call,315.0,24.04,0.0,0.0,1.0000000000000003e-05,6.0,0,True,337.7099914550781
2026-08-28T05:52:40Z,GOOG,2026-09-04,call,317.5,22.5,0.0,0.0,1.0000000000000003e-05,5.0,0,True,337.7099914550781
2026-08-28T05:52:40Z,GOOG,2026-09-04,call,320.0,18.5,0.0,0.0,1.0000000000000003e-05,23.0,0,True,337.7099914550781
2026-08-28T05:52:40Z,GOOG,2026-09-04,call,322.5,22.13,0.0,0.0,1.0000000000000003e-05,47.0,0,True,337.7099914550781
2026-08-28T05:52:40Z,GOOG,2026-09-04,call,325.0,14.52,0.0,0.0,1.0000000000000003e-05,21.0,0,True,337.7099914550781
2026-08-28T05:52:40Z,GOOG,2026-09-04,call,327.5,12.35,0.0,0.0,1.0000000000000003e-05,23.0,0,True,337.7099914550781
2026-08-28T05:52:40Z,GOOG,2026-09-04,call,330.0,10.08,0.0,0.0,1.0000000000000003e-05,15.0,0,True,337.7099914550781
2026-08-28T05:52:40Z,GOOG,2026-09-04,call,332.5,8.7,0.0,0.0,1.0000000000000003e-05,30.0,0,True,337.7099914550781
2026-08-28T05:52:40Z,GOOG,2026-09-04,call,335.0,6.75,0.0,0.0,1.0000000000000003e-05,229.0,0,True,337.7099914550781
2026-08-28T05:52:40Z,GOOG,2026-09-04,call,337.5,5.38,0.0,0.0,1.0000000000000003e-05,393.0,0,True,337.7099914550781
2026-08-28T05:52:40Z,GOOG,2026-09-04,call,340.0,4.25,0.0,0.0,0.015634843750000002,1116.0,0,False,337.7099914550781
2026-08-28T05:52:40Z,GOOG,2026-09-04,call,342.5,3.37,0.0,0.0,0.0312596875,415.0,0,False,337.7099914550781
2026-08-28T05:52:40Z,GOOG,2026-09-04,call,345.0,2.46,0.0,0.0,0.0312596875,921.0,0,False,337.7099914550781
2026-08-28T05:52:40Z,GOOG,2026-09-04,call,347.5,1.93,0.0,0.0,0.062509375,199.0,0,False,337.7099914550781
2026-08-28T05:52:40Z,GOOG,2026-09-04,call,350.0,1.4,0.0,0.0,0.062509375,1195.0,0,False,337.7099914550781
2026-08-28T05:52:40Z,GOOG,2026-09-04,call,352.5,1.07,0.0,0.0,0.062509375,271.0,0,False,337.7099914550781
2026-08-28T05:52:40Z,GOOG,2026-09-04,call,355.0,0.81,0.0,0.0,0.062509375,729.0,0,False,337.7099914550781
2026-08-28T05:52:40Z,GOOG,2026-09-04,call,357.5,0.68,0.0,0.0,0.062509375,93.0,0,False,337.7099914550781
2026-08-28T05:52:40Z,GOOG,2026-09-04,call,360.0,0.42,0.0,0.0,0.12500875,1542.0,0,False,337.7099914550781
2026-08-28T05:52:40Z,GOOG,2026-09-04,call,362.5,0.33,0.0,0.0,0.12500875,146.0,0,False,337.7099914550781
2026-08-28T05:52:40Z,GOOG,2026-09-04,call,365.0,0.25,0.0,0.0,0.12500875,225.0,0,False,337.7099914550781
2026-08-28T05:52:40Z,GOOG,2026-09-04,call,367.5,0.21,0.0,0.0,0.12500875,29.0,0,False,337.7099914550781
2026-08-28T05:52:40Z,GOOG,2026-09-04,call,370.0,0.18,0.0,0.0,0.12500875,474.0,0,False,337.7099914550781
2026-08-28T05:52:40Z,GOOG,2026-09-04,call,375.0,0.11,0.0,0.0,0.12500875,396.0,0,False,337.7099914550781
2026-08-28T05:52:40Z,GOOG,2026-09-04,call,380.0,0.08,0.0,0.0,0.12500875,168.0,0,False,337.7099914550781
2026-08-28T05:52:40Z,GOOG,2026-09-04,call,385.0,0.06,0.0,0.0,0.2500075,77.0,0,False,337.7099914550781
2026-08-28T05:52:40Z,GOOG,2026-09-04,call,390.0,0.06,0.0,0.0,0.2500075,39.0,0,False,337.7099914550781
2026-08-28T05:52:40Z,GOOG,2026-09-04,call,395.0,0.05,0.0,0.0,0.2500075,6.0,0,False,337.7099914550781
2026-08-28T05:52:40Z,GOOG,2026-09-04,call,400.0,0.05,0.0,0.0,0.2500075,16.0,0,False,337.7099914550781
2026-08-28T05:52:40Z,GOOG,2026-09-04,call,405.0,0.03,0.0,0.0,0.2500075,4.0,0,False,337.7099914550781
2026-08-28T05:52:40Z,GOOG,2026-09-04,call,410.0,0.02,0.0,0.0,0.2500075,26.0,0,False,337.7099914550781
2026-08-28T05:52:40Z,GOOG,2026-09-04,call,415.0,0.08,0.0,0.0,0.2500075,2.0,0,False,337.7099914550781
2026-08-28T05:52:40Z,GOOG,2026-09-04,call,420.0,0.03,0.0,0.0,0.2500075,2.0,0,False,337.7099914550781
2026-08-28T05:52:40Z,GOOG,2026-09-04,call,425.0,0.01,0.0,0.0,0.2500075,10.0,0,False,337.7099914550781
2026-08-28T05:52:40Z,GOOG,2026-09-04,call,430.0,0.03,0.0,0.0,0.2500075,3.0,0,False,337.7099914550781
2026-08-28T05:52:40Z,GOOG,2026-09-04,call,435.0,0.02,0.0,0.0,0.2500075,5.0,0,False,337.7099914550781
2026-08-28T05:52:40Z,GOOG,2026-09-04,call,440.0,0.08,0.0,0.0,0.2500075,1.0,0,False,337.7099914550781
2026-08-28T05:52:40Z,GOOG,2026-09-04,call,445.0,0.08,0.0,0.0,0.500005,1.0,0,False,337.7099914550781
2026-08-28T05:52:40Z,GOOG,2026-09-04,call,450.0,0.01,0.0,0.0,0.500005,3.0,0,False,337.7099914550781
2026-08-28T05:52:40Z,GOOG,2026-09-04,call,455.0,0.04,0.0,0.0,0.500005,12.0,0,False,337.7099914550781
2026-08-28T05:52:40Z,GOOG,2026-09-04,call,460.0,0.04,0.0,0.0,0.500005,321.0,0,False,337.7099914550781
2026-08-28T05:52:40Z,GOOG,2026-09-04,call,465.0,0.09,0.0,0.0,0.500005,8.0,0,False,337.7099914550781
2026-08-28T05:52:40Z,GOOG,2026-09-04,call,470.0,0.01,0.0,0.0,0.500005,4.0,0,False,337.7099914550781
2026-08-28T05:52:40Z,GOOG,2026-09-04,call,480.0,0.09,0.0,0.0,0.500005,1.0,0,False,337.7099914550781
2026-08-28T05:52:40Z,GOOG,2026-09-04,put,200.0,0.01,0.0,0.0,0.500005,49.0,0,False,337.7099914550781
2026-08-28T05:52:40Z,GOOG,2026-09-04,put,205.0,0.13,0.0,0.0,0.500005,2.0,0,False,337.7099914550781
2026-08-28T05:52:40Z,GOOG,2026-09-04,put,210.0,0.13,0.0,0.0,0.500005,1.0,0,False,337.7099914550781
2026-08-28T05:52:40Z,GOOG,2026-09-04,put,215.0,0.02,0.0,0.0,0.500005,21.0,0,False,337.7099914550781
2026-08-28T05:52:40Z,GOOG,2026-09-04,put,220.0,0.06,0.0,0.0,0.500005,52.0,0,False,337.7099914550781
2026-08-28T05:52:40Z,GOOG,2026-09-04,put,225.0,0.05,0.0,0.0,0.500005,1.0,0,False,337.7099914550781
2026-08-28T05:52:40Z,GOOG,2026-09-04,put,230.0,0.02,0.0,0.0,0.500005,7.0,0,False,337.7099914550781
2026-08-28T05:52:40Z,GOOG,2026-09-04,put,235.0,0.06,0.0,0.0,0.500005,2.0,0,False,337.7099914550781
2026-08-28T05:52:40Z,GOOG,2026-09-04,put,240.0,0.13,0.0,0.0,0.500005,1.0,0,False,337.7099914550781
2026-08-28T05:52:40Z,GOOG,2026-09-04,put,245.0,0.01,0.0,0.0,0.500005,1.0,0,False,337.7099914550781
2026-08-28T05:52:40Z,GOOG,2026-09-04,put,250.0,0.03,0.0,0.0,0.500005,6.0,0,False,337.7099914550781
2026-08-28T05:52:40Z,GOOG,2026-09-04,put,255.0,0.03,0.0,0.0,0.500005,1.0,0,False,337.7099914550781
2026-08-28T05:52:40Z,GOOG,2026-09-04,put,260.0,0.02,0.0,0.0,0.2500075,14.0,0,False,337.7099914550781
2026-08-28T05:52:40Z,GOOG,2026-09-04,put,265.0,0.04,0.0,0.0,0.2500075,3.0,0,False,337.7099914550781
2026-08-28T05:52:40Z,GOOG,2026-09-04,put,270.0,0.03,0.0,0.0,0.2500075,12.0,0,False,337.7099914550781
2026-08-28T05:52:40Z,GOOG,2026-09-04,put,275.0,0.05,0.0,0.0,0.2500075,41.0,0,False,337.7099914550781
2026-08-28T05:52:40Z,GOOG,2026-09-04,put,280.0,0.06,0.0,0.0,0.2500075,4.0,0,False,337.7099914550781
2026-08-28T05:52:40Z,GOOG,2026-09-04,put,285.0,0.05,0.0,0.0,0.2500075,124.0,0,False,337.7099914550781
2026-08-28T05:52:40Z,GOOG,2026-09-04,put,290.0,0.07,0.0,0.0,0.2500075,42.0,0,False,337.7099914550781
2026-08-28T05:52:40Z,GOOG,2026-09-04,put,295.0,0.08,0.0,0.0,0.2500075,28.0,0,False,337.7099914550781
2026-08-28T05:52:40Z,GOOG,2026-09-04,put,300.0,0.1,0.0,0.0,0.12500875,14.0,0,False,337.7099914550781
2026-08-28T05:52:40Z,GOOG,2026-09-04,put,305.0,0.13,0.0,0.0,0.12500875,33.0,0,False,337.7099914550781
2026-08-28T05:52:40Z,GOOG,2026-09-04,put,310.0,0.18,0.0,0.0,0.12500875,121.0,0,False,337.7099914550781
2026-08-28T05:52:40Z,GOOG,2026-09-04,put,315.0,0.36,0.0,0.0,0.12500875,366.0,0,False,337.7099914550781
2026-08-28T05:52:40Z,GOOG,2026-09-04,put,317.5,0.43,0.0,0.0,0.12500875,539.0,0,False,337.7099914550781
2026-08-28T05:52:40Z,GOOG,2026-09-04,put,320.0,0.63,0.0,0.0,0.062509375,429.0,0,False,337.7099914550781
2026-08-28T05:52:40Z,GOOG,2026-09-04,put,322.5,0.82,0.0,0.0,0.062509375,662.0,0,False,337.7099914550781
2026-08-28T05:52:40Z,GOOG,2026-09-04,put,325.0,1.17,0.0,0.0,0.062509375,558.0,0,False,337.7099914550781
2026-08-28T05:52:40Z,GOOG,2026-09-04,put,327.5,1.5,0.0,0.0,0.062509375,400.0,0,False,337.7099914550781
2026-08-28T05:52:40Z,GOOG,2026-09-04,put,330.0,2.2,0.0,0.0,0.0312596875,469.0,0,False,337.7099914550781
2026-08-28T05:52:40Z,GOOG,2026-09-04,put,332.5,2.91,0.0,0.0,0.0312596875,164.0,0,False,337.7099914550781
2026-08-28T05:52:40Z,GOOG,2026-09-04,put,335.0,3.93,0.0,0.0,0.015634843750000002,341.0,0,False,337.7099914550781
2026-08-28T05:52:40Z,GOOG,2026-09-04,put,337.5,5.08,0.0,0.0,0.00196310546875,264.0,0,False,337.7099914550781
2026-08-28T05:52:40Z,GOOG,2026-09-04,put,340.0,6.47,0.0,0.0,1.0000000000000003e-05,445.0,0,True,337.7099914550781
2026-08-28T05:52:40Z,GOOG,2026-09-04,put,342.5,7.89,0.0,0.0,1.0000000000000003e-05,128.0,0,True,337.7099914550781
2026-08-28T05:52:40Z,GOOG,2026-09-04,put,345.0,9.72,0.0,0.0,1.0000000000000003e-05,197.0,0,True,337.7099914550781
2026-08-28T05:52:40Z,GOOG,2026-09-04,put,347.5,11.58,0.0,0.0,1.0000000000000003e-05,95.0,0,True,337.7099914550781
2026-08-28T05:52:40Z,GOOG,2026-09-04,put,350.0,13.27,0.0,0.0,1.0000000000000003e-05,62.0,0,True,337.7099914550781
2026-08-28T05:52:40Z,GOOG,2026-09-04,put,352.5,15.6,0.0,0.0,1.0000000000000003e-05,12.0,0,True,337.7099914550781
2026-08-28T05:52:40Z,GOOG,2026-09-04,put,355.0,17.71,0.0,0.0,1.0000000000000003e-05,38.0,0,True,337.7099914550781
2026-08-28T05:52:40Z,GOOG,2026-09-04,put,357.5,20.02,0.0,0.0,1.0000000000000003e-05,1.0,0,True,337.7099914550781
2026-08-28T05:52:40Z,GOOG,2026-09-04,put,360.0,23.49,0.0,0.0,1.0000000000000003e-05,16.0,0,True,337.7099914550781
2026-08-28T05:52:40Z,GOOG,2026-09-04,put,362.5,25.05,0.0,0.0,1.0000000000000003e-05,1.0,0,True,337.7099914550781
2026-08-28T05:52:40Z,GOOG,2026-09-04,put,365.0,27.25,0.0,0.0,1.0000000000000003e-05,2.0,0,True,337.7099914550781
2026-08-28T05:52:40Z,GOOG,2026-09-04,put,367.5,25.15,0.0,0.0,1.0000000000000003e-05,217.0,0,True,337.7099914550781
2026-08-28T05:52:40Z,GOOG,2026-09-04,put,370.0,31.82,0.0,0.0,1.0000000000000003e-05,1.0,0,True,337.7099914550781
2026-08-28T05:52:40Z,GOOG,2026-09-04,put,375.0,35.96,0.0,0.0,1.0000000000000003e-05,2.0,0,True,337.7099914550781
2026-08-28T05:52:40Z,GOOG,2026-09-04,put,380.0,42.05,0.0,0.0,1.0000000000000003e-05,1.0,0,True,337.7099914550781
2026-08-28T05:52:40Z,GOOG,2026-09-04,put,385.0,42.37,0.0,0.0,1.0000000000000003e-05,10.0,0,True,337.7099914550781
2026-08-28T05:52:40Z,GOOG,2026-09-04,put,390.0,48.6,0.0,0.0,1.0000000000000003e-05,58.0,0,True,337.7099914550781
2026-08-28T05:52:40Z,GOOG,2026-09-04,put,395.0,54.07,0.0,0.0,1.0000000000000003e-05,2.0,0,True,337.7099914550781
2026-08-28T05:52:40Z,GOOG,2026-09-04,put,400.0,35.65,0.0,0.0,1.0000000000000003e-05,15.0,0,True,337.7099914550781
2026-08-28T05:52:40Z,GOOG,2026-09-11,call,200.0,142.87,0.0,0.0,1.0000000000000003e-05,1.0,0,True,337.7099914550781
2026-08-28T05:52:40Z,GOOG,2026-09-11,call,205.0,170.76,0.0,0.0,1.0000000000000003e-05,,0,True,337.7099914550781
2026-08-28T05:52:40Z,GOOG,2026-09-11,call,210.0,166.66,0.0,0.0,1.0000000000000003e-05,,0,True,337.7099914550781
2026-08-28T05:52:40Z,GOOG,2026-09-11,call,215.0,161.73,0.0,0.0,1.0000000000000003e-05,,0,True,337.7099914550781
2026-08-28T05:52:40Z,GOOG,2026-09-11,call,240.0,103.8,0.0,0.0,1.0000000000000003e-05,1.0,0,True,337.7099914550781
2026-08-28T05:52:40Z,GOOG,2026-09-11,call,245.0,131.77,0.0,0.0,1.0000000000000003e-05,,0,True,337.7099914550781
2026-08-28T05:52:40Z,GOOG,2026-09-11,call,250.0,98.08,0.0,0.0,1.0000000000000003e-05,1.0,0,True,337.7099914550781
2026-08-28T05:52:40Z,GOOG,2026-09-11,call,265.0,74.36,0.0,0.0,1.0000000000000003e-05,1.0,0,True,337.7099914550781
2026-08-28T05:52:40Z,GOOG,2026-09-11,call,270.0,71.52,0.0,0.0,1.0000000000000003e-05,2.0,0,True,337.7099914550781
2026-08-28T05:52:40Z,GOOG,2026-09-11,call,275.0,68.39,0.0,0.0,1.0000000000000003e-05,2.0,0,True,337.7099914550781
2026-08-28T05:52:40Z,GOOG,2026-09-11,call,280.0,63.47,0.0,0.0,1.0000000000000003e-05,2.0,0,True,337.7099914550781
2026-08-28T05:52:40Z,GOOG,2026-09-11,call,285.0,60.62,0.0,0.0,1.0000000000000003e-05,4.0,0,True,337.7099914550781
2026-08-28T05:52:40Z,GOOG,2026-09-11,call,290.0,55.72,0.0,0.0,1.0000000000000003e-05,4.0,0,True,337.7099914550781
2026-08-28T05:52:40Z,GOOG,2026-09-11,call,295.0,49.63,0.0,0.0,1.0000000000000003e-05,86.0,0,True,337.7099914550781
2026-08-28T05:52:40Z,GOOG,2026-09-11,call,300.0,37.88,0.0,0.0,1.0000000000000003e-05,100.0,0,True,337.7099914550781
2026-08-28T05:52:40Z,GOOG,2026-09-11,call,305.0,32.97,0.0,0.0,1.0000000000000003e-05,100.0,0,True,337.7099914550781
2026-08-28T05:52:40Z,GOOG,2026-09-11,call,310.0,34.48,0.0,0.0,1.0000000000000003e-05,20.0,0,True,337.7099914550781
2026-08-28T05:52:40Z,GOOG,2026-09-11,call,315.0,24.28,0.0,0.0,1.0000000000000003e-05,1.0,0,True,337.7099914550781
2026-08-28T05:52:40Z,GOOG,2026-09-11,call,320.0,19.3,0.0,0.0,1.0000000000000003e-05,17.0,0,True,337.7099914550781
2026-08-28T05:52:40Z,GOOG,2026-09-11,call,325.0,15.32,0.0,0.0,1.0000000000000003e-05,1.0,0,True,337.7099914550781
2026-08-28T05:52:40Z,GOOG,2026-09-11,call,330.0,12.25,0.0,0.0,1.0000000000000003e-05,21.0,0,True,337.7099914550781
2026-08-28T05:52:40Z,GOOG,2026-09-11,call,332.5,10.25,0.0,0.0,1.0000000000000003e-05,12.0,0,True,337.7099914550781
2026-08-28T05:52:40Z,GOOG,2026-09-11,call,335.0,8.8,0.0,0.0,1.0000000000000003e-05,38.0,0,True,337.7099914550781
2026-08-28T05:52:40Z,GOOG,2026-09-11,call,340.0,6.45,0.0,0.0,0.007822421875,186.0,0,False,337.7099914550781
2026-08-28T05:52:40Z,GOOG,2026-09-11,call,342.5,5.2,0.0,0.0,0.015634843750000002,27.0,0,False,337.7099914550781
2026-08-28T05:52:40Z,GOOG,2026-09-11,call,345.0,4.12,0.0,0.0,0.0312596875,54.0,0,False,337.7099914550781
2026-08-28T05:52:40Z,GOOG,2026-09-11,call,347.5,3.5,0.0,0.0,0.0312596875,24.0,0,False,337.7099914550781
2026-08-28T05:52:40Z,GOOG,2026-09-11,call,350.0,2.74,0.0,0.0,0.0312596875,438.0,0,False,337.7099914550781
2026-08-28T05:52:40Z,GOOG,2026-09-11,call,352.5,2.15,0.0,0.0,0.062509375,38.0,0,False,337.7099914550781
2026-08-28T05:52:40Z,GOOG,2026-09-11,call,355.0,1.78,0.0,0.0,0.062509375,127.0,0,False,337.7099914550781
2026-08-28T05:52:40Z,GOOG,2026-09-11,call,357.5,1.54,0.0,0.0,0.062509375,32.0,0,False,337.7099914550781
2026-08-28T05:52:40Z,GOOG,2026-09-11,call,360.0,1.12,0.0,0.0,0.062509375,224.0,0,False,337.7099914550781
2026-08-28T05:52:40Z,GOOG,2026-09-11,call,362.5,0.89,0.0,0.0,0.062509375,30.0,0,False,337.7099914550781
2026-08-28T05:52:40Z,GOOG,2026-09-11,call,365.0,0.77,0.0,0.0,0.062509375,83.0,0,False,337.7099914550781
2026-08-28T05:52:40Z,GOOG,2026-09-11,call,370.0,0.48,0.0,0.0,0.12500875,218.0,0,False,337.7099914550781
2026-08-28T05:52:40Z,GOOG,2026-09-11,call,375.0,0.36,0.0,0.0,0.12500875,68.0,0,False,337.7099914550781
2026-08-28T05:52:40Z,GOOG,2026-09-11,call,380.0,0.25,0.0,0.0,0.12500875,170.0,0,False,337.7099914550781
2026-08-28T05:52:40Z,GOOG,2026-09-11,call,385.0,0.18,0.0,0.0,0.12500875,77.0,0,False,337.7099914550781
2026-08-28T05:52:40Z,GOOG,2026-09-11,call,390.0,0.17,0.0,0.0,0.12500875,13.0,0,False,337.7099914550781
2026-08-28T05:52:40Z,GOOG,2026-09-11,call,395.0,0.35,0.0,0.0,0.12500875,6.0,0,False,337.7099914550781
2026-08-28T05:52:40Z,GOOG,2026-09-11,call,400.0,0.11,0.0,0.0,0.12500875,15.0,0,False,337.7099914550781
2026-08-28T05:52:40Z,GOOG,2026-09-11,call,405.0,0.1,0.0,0.0,0.2500075,14.0,0,False,337.7099914550781
2026-08-28T05:52:40Z,GOOG,2026-09-11,call,410.0,0.11,0.0,0.0,0.2500075,2.0,0,False,337.7099914550781
2026-08-28T05:52:40Z,GOOG,2026-09-11,call,415.0,0.08,0.0,0.0,0.2500075,2.0,0,False,337.7099914550781
2026-08-28T05:52:40Z,GOOG,2026-09-11,call,420.0,0.06,0.0,0.0,0.2500075,4.0,0,False,337.7099914550781
2026-08-28T05:52:40Z,GOOG,2026-09-11,call,425.0,0.07,0.0,0.0,0.2500075,7.0,0,False,337.7099914550781
2026-08-28T05:52:40Z,GOOG,2026-09-11,call,430.0,0.1,0.0,0.0,0.2500075,13.0,0,False,337.7099914550781
2026-08-28T05:52:40Z,GOOG,2026-09-11,call,435.0,0.11,0.0,0.0,0.2500075,1.0,0,False,337.7099914550781
2026-08-28T05:52:40Z,GOOG,2026-09-11,call,440.0,0.26,0.0,0.0,0.2500075,2.0,0,False,337.7099914550781
2026-08-28T05:52:40Z,GOOG,2026-09-11,call,445.0,0.11,0.0,0.0,0.2500075,6.0,0,False,337.7099914550781
2026-08-28T05:52:40Z,GOOG,2026-09-11,call,450.0,0.11,0.0,0.0,0.2500075,2.0,0,False,337.7099914550781
2026-08-28T05:52:40Z,GOOG,2026-09-11,call,455.0,0.06,0.0,0.0,0.2500075,3.0,0,False,337.7099914550781
2026-08-28T05:52:40Z,GOOG,2026-09-11,call,460.0,0.08,0.0,0.0,0.2500075,1.0,0,False,337.7099914550781
2026-08-28T05:52:40Z,GOOG,2026-09-11,call,465.0,0.04,0.0,0.0,0.2500075,4.0,0,False,337.7099914550781
2026-08-28T05:52:40Z,GOOG,2026-09-11,call,470.0,0.03,0.0,0.0,0.2500075,4.0,0,False,337.7099914550781
2026-08-28T05:52:40Z,GOOG,2026-09-11,call,480.0,0.02,0.0,0.0,0.2500075,1.0,0,False,337.7099914550781
2026-08-28T05:52:40Z,GOOG,2026-09-11,put,205.0,0.13,0.0,0.0,0.500005,4.0,0,False,337.7099914550781
2026-08-28T05:52:40Z,GOOG,2026-09-11,put,225.0,0.14,0.0,0.0,0.500005,2.0,0,False,337.7099914550781
2026-08-28T05:52:40Z,GOOG,2026-09-11,put,230.0,0.06,0.0,0.0,0.500005,6.0,0,False,337.7099914550781
2026-08-28T05:52:40Z,GOOG,2026-09-11,put,235.0,0.05,0.0,0.0,0.2500075,4.0,0,False,337.7099914550781
2026-08-28T05:52:40Z,GOOG,2026-09-11,put,240.0,0.13,0.0,0.0,0.2500075,103.0,0,False,337.7099914550781
2026-08-28T05:52:40Z,GOOG,2026-09-11,put,245.0,0.04,0.0,0.0,0.2500075,4.0,0,False,337.7099914550781
2026-08-28T05:52:40Z,GOOG,2026-09-11,put,250.0,0.03,0.0,0.0,0.2500075,5.0,0,False,337.7099914550781
2026-08-28T05:52:40Z,GOOG,2026-09-11,put,255.0,0.06,0.0,0.0,0.2500075,4.0,0,False,337.7099914550781
2026-08-28T05:52:40Z,GOOG,2026-09-11,put,260.0,0.05,0.0,0.0,0.2500075,14.0,0,False,337.7099914550781
2026-08-28T05:52:40Z,GOOG,2026-09-11,put,265.0,0.05,0.0,0.0,0.2500075,8.0,0,False,337.7099914550781
2026-08-28T05:52:40Z,GOOG,2026-09-11,put,270.0,0.08,0.0,0.0,0.2500075,2.0,0,False,337.7099914550781
2026-08-28T05:52:40Z,GOOG,2026-09-11,put,275.0,0.08,0.0,0.0,0.2500075,1.0,0,False,337.7099914550781
2026-08-28T05:52:40Z,GOOG,2026-09-11,put,280.0,0.13,0.0,0.0,0.2500075,3.0,0,False,337.7099914550781
2026-08-28T05:52:40Z,GOOG,2026-09-11,put,285.0,0.11,0.0,0.0,0.12500875,1.0,0,False,337.7099914550781
2026-08-28T05:52:40Z,GOOG,2026-09-11,put,290.0,0.14,0.0,0.0,0.12500875,3.0,0,False,337.7099914550781
2026-08-28T05:52:40Z,GOOG,2026-09-11,put,295.0,0.19,0.0,0.0,0.12500875,2.0,0,False,337.7099914550781
2026-08-28T05:52:40Z,GOOG,2026-09-11,put,300.0,0.28,0.0,0.0,0.12500875,21.0,0,False,337.7099914550781
2026-08-28T05:52:40Z,GOOG,2026-09-11,put,305.0,0.37,0.0,0.0,0.12500875,13.0,0,False,337.7099914550781
2026-08-28T05:52:40Z,GOOG,2026-09-11,put,310.0,0.53,0.0,0.0,0.12500875,8.0,0,False,337.7099914550781
2026-08-28T05:52:40Z,GOOG,2026-09-11,put,315.0,0.95,0.0,0.0,0.062509375,59.0,0,False,337.7099914550781
2026-08-28T05:52:40Z,GOOG,2026-09-11,put,317.5,1.05,0.0,0.0,0.062509375,16.0,0,False,337.7099914550781
2026-08-28T05:52:40Z,GOOG,2026-09-11,put,320.0,1.35,0.0,0.0,0.062509375,41.0,0,False,337.7099914550781
2026-08-28T05:52:40Z,GOOG,2026-09-11,put,325.0,2.25,0.0,0.0,0.0312596875,68.0,0,False,337.7099914550781
2026-08-28T05:52:40Z,GOOG,2026-09-11,put,327.5,3.0,0.0,0.0,0.0312596875,16.0,0,False,337.7099914550781
2026-08-28T05:52:40Z,GOOG,2026-09-11,put,330.0,3.69,0.0,0.0,0.0312596875,97.0,0,False,337.7099914550781
2026-08-28T05:52:40Z,GOOG,2026-09-11,put,332.5,4.85,0.0,0.0,0.015634843750000002,10.0,0,False,337.7099914550781
2026-08-28T05:52:40Z,GOOG,2026-09-11,put,335.0,5.5,0.0,0.0,0.007822421875,65.0,0,False,337.7099914550781
2026-08-28T05:52:40Z,GOOG,2026-09-11,put,337.5,6.67,0.0,0.0,0.000986552734375,125.0,0,False,337.7099914550781
2026-08-28T05:52:40Z,GOOG,2026-09-11,put,340.0,8.05,0.0,0.0,1.0000000000000003e-05,20.0,0,True,337.7099914550781
2026-08-28T05:52:40Z,GOOG,2026-09-11,put,342.5,9.6,0.0,0.0,1.0000000000000003e-05,22.0,0,True,337.7099914550781
2026-08-28T05:52:40Z,GOOG,2026-09-11,put,345.0,10.97,0.0,0.0,1.0000000000000003e-05,11.0,0,True,337.7099914550781
2026-08-28T05:52:40Z,GOOG,2026-09-11,put,347.5,13.6,0.0,0.0,1.0000000000000003e-05,1.0,0,True,337.7099914550781
2026-08-28T05:52:40Z,GOOG,2026-09-11,put,350.0,14.75,0.0,0.0,1.0000000000000003e-05,11.0,0,True,337.7099914550781
2026-08-28T05:52:40Z,GOOG,2026-09-11,put,352.5,15.6,0.0,0.0,1.0000000000000003e-05,1.0,0,True,337.7099914550781
2026-08-28T05:52:40Z,GOOG,2026-09-11,put,355.0,18.22,0.0,0.0,1.0000000000000003e-05,2.0,0,True,337.7099914550781
2026-08-28T05:52:40Z,GOOG,2026-09-11,put,357.5,21.87,0.0,0.0,1.0000000000000003e-05,1.0,0,True,337.7099914550781
2026-08-28T05:52:40Z,GOOG,2026-09-11,put,360.0,23.28,0.0,0.0,1.0000000000000003e-05,10.0,0,True,337.7099914550781
2026-08-28T05:52:40Z,GOOG,2026-09-11,put,365.0,29.39,0.0,0.0,1.0000000000000003e-05,1.0,0,True,337.7099914550781
2026-08-28T05:52:40Z,GOOG,2026-09-11,put,370.0,31.26,0.0,0.0,1.0000000000000003e-05,1.0,0,True,337.7099914550781
2026-08-28T05:52:40Z,GOOG,2026-09-11,put,375.0,34.78,0.0,0.0,1.0000000000000003e-05,5.0,0,True,337.7099914550781
2026-08-28T05:52:40Z,GOOG,2026-09-11,put,380.0,37.14,0.0,0.0,1.0000000000000003e-05,2.0,0,True,337.7099914550781
2026-08-28T05:52:40Z,GOOG,2026-09-11,put,385.0,26.05,0.0,0.0,1.0000000000000003e-05,,0,True,337.7099914550781
2026-08-28T05:52:40Z,GOOG,2026-09-11,put,390.0,46.99,0.0,0.0,1.0000000000000003e-05,,0,True,337.7099914550781
2026-08-28T05:52:40Z,GOOG,2026-09-11,put,395.0,42.15,0.0,0.0,1.0000000000000003e-05,,0,True,337.7099914550781
2026-08-28T05:52:40Z,GOOG,2026-09-11,put,415.0,43.2,0.0,0.0,1.0000000000000003e-05,,0,True,337.7099914550781
2026-08-28T05:52:40Z,GOOG,2026-09-11,put,420.0,76.25,0.0,0.0,1.0000000000000003e-05,1.0,0,True,337.7099914550781
2026-08-28T05:52:40Z,GOOG,2026-09-11,put,425.0,52.25,0.0,0.0,1.0000000000000003e-05,,0,True,337.7099914550781
2026-08-28T05:52:40Z,GOOG,2026-09-11,put,435.0,90.95,0.0,0.0,1.0000000000000003e-05,1.0,0,True,337.7099914550781
2026-08-28T05:52:40Z,GOOG,2026-09-18,call,85.0,251.97,0.0,0.0,1.0000000000000003e-05,10.0,0,True,337.7099914550781
2026-08-28T05:52:40Z,GOOG,2026-09-18,call,90.0,222.7,0.0,0.0,1.0000000000000003e-05,2.0,0,True,337.7099914550781
2026-08-28T05:52:40Z,GOOG,2026-09-18,call,95.0,246.02,265.5,269.1,6.042727055969239,10.0,10,True,337.7099914550781
2026-08-28T05:52:40Z,GOOG,2026-09-18,call,100.0,246.05,0.0,0.0,1.0000000000000003e-05,9.0,0,True,337.7099914550781
2026-08-28T05:52:40Z,GOOG,2026-09-18,call,105.0,236.0,0.0,0.0,1.0000000000000003e-05,1.0,0,True,337.7099914550781
2026-08-28T05:52:40Z,GOOG,2026-09-18,call,110.0,249.1,233.25,236.95,3.5532237731933596,1.0,43,True,337.7099914550781
2026-08-28T05:52:40Z,GOOG,2026-09-18,call,115.0,258.62,0.0,0.0,1.0000000000000003e-05,2.0,0,True,337.7099914550781
2026-08-28T05:52:40Z,GOOG,2026-09-18,call,120.0,218.6,0.0,0.0,1.0000000000000003e-05,1.0,0,True,337.7099914550781
2026-08-28T05:52:40Z,GOOG,2026-09-18,call,125.0,212.75,0.0,0.0,1.0000000000000003e-05,2.0,0,True,337.7099914550781
2026-08-28T05:52:40Z,GOOG,2026-09-18,call,130.0,211.65,0.0,0.0,1.0000000000000003e-05,1.0,0,True,337.7099914550781
2026-08-28T05:52:40Z,GOOG,2026-09-18,call,135.0,232.7,0.0,0.0,1.0000000000000003e-05,5.0,0,True,337.7099914550781
2026-08-28T05:52:40Z,GOOG,2026-09-18,call,140.0,201.34,0.0,0.0,1.0000000000000003e-05,20.0,0,True,337.7099914550781
2026-08-28T05:52:40Z,GOOG,2026-09-18,call,145.0,195.0,0.0,0.0,1.0000000000000003e-05,1.0,0,True,337.7099914550781
2026-08-28T05:52:40Z,GOOG,2026-09-18,call,150.0,194.0,0.0,0.0,1.0000000000000003e-05,1.0,0,True,337.7099914550781
2026-08-28T05:52:40Z,GOOG,2026-09-18,call,155.0,188.09,0.0,0.0,1.0000000000000003e-05,1.0,0,True,337.7099914550781
2026-08-28T05:52:40Z,GOOG,2026-09-18,call,160.0,175.46,0.0,0.0,1.0000000000000003e-05,1.0,0,True,337.7099914550781
2026-08-28T05:52:40Z,GOOG,2026-09-18,call,165.0,177.22,0.0,0.0,1.0000000000000003e-05,7.0,0,True,337.7099914550781
2026-08-28T05:52:40Z,GOOG,2026-09-18,call,170.0,169.17,0.0,0.0,1.0000000000000003e-05,5.0,0,True,337.7099914550781
2026-08-28T05:52:40Z,GOOG,2026-09-18,call,175.0,168.0,0.0,0.0,1.0000000000000003e-05,1.0,0,True,337.7099914550781
2026-08-28T05:52:40Z,GOOG,2026-09-18,call,180.0,169.95,0.0,0.0,1.0000000000000003e-05,1.0,0,True,337.7099914550781
2026-08-28T05:52:40Z,GOOG,2026-09-18,call,185.0,156.46,0.0,0.0,1.0000000000000003e-05,1.0,0,True,337.7099914550781
2026-08-28T05:52:40Z,GOOG,2026-09-18,call,190.0,147.54,0.0,0.0,1.0000000000000003e-05,5.0,0,True,337.7099914550781
2026-08-28T05:52:40Z,GOOG,2026-09-18,call,195.0,148.25,0.0,0.0,1.0000000000000003e-05,140.0,0,True,337.7099914550781
2026-08-28T05:52:40Z,GOOG,2026-09-18,call,200.0,143.6,0.0,0.0,1.0000000000000003e-05,1.0,0,True,337.7099914550781
2026-08-28T05:52:40Z,GOOG,2026-09-18,call,205.0,138.26,0.0,0.0,1.0000000000000003e-05,4.0,0,True,337.7099914550781
2026-08-28T05:52:40Z,GOOG,2026-09-18,call,210.0,129.66,0.0,0.0,1.0000000000000003e-05,1.0,0,True,337.7099914550781
2026-08-28T05:52:40Z,GOOG,2026-09-18,call,215.0,124.19,0.0,0.0,1.0000000000000003e-05,2.0,0,True,337.7099914550781
2026-08-28T05:52:40Z,GOOG,2026-09-18,call,220.0,123.85,0.0,0.0,1.0000000000000003e-05,3.0,0,True,337.7099914550781
2026-08-28T05:52:40Z,GOOG,2026-09-18,call,225.0,113.85,0.0,0.0,1.0000000000000003e-05,1.0,0,True,337.7099914550781
2026-08-28T05:52:40Z,GOOG,2026-09-18,call,230.0,112.8,0.0,0.0,1.0000000000000003e-05,1.0,0,True,337.7099914550781
2026-08-28T05:52:40Z,GOOG,2026-09-18,call,235.0,111.55,0.0,0.0,1.0000000000000003e-05,1.0,0,True,337.7099914550781
2026-08-28T05:52:40Z,GOOG,2026-09-18,call,240.0,101.24,0.0,0.0,1.0000000000000003e-05,1.0,0,True,337.7099914550781
2026-08-28T05:52:40Z,GOOG,2026-09-18,call,245.0,91.61,0.0,0.0,1.0000000000000003e-05,1.0,0,True,337.7099914550781
2026-08-28T05:52:40Z,GOOG,2026-09-18,call,250.0,94.21,0.0,0.0,1.0000000000000003e-05,2.0,0,True,337.7099914550781
2026-08-28T05:52:40Z,GOOG,2026-09-18,call,255.0,83.21,0.0,0.0,1.0000000000000003e-05,36.0,0,True,337.7099914550781
2026-08-28T05:52:40Z,GOOG,2026-09-18,call,260.0,78.36,0.0,0.0,1.0000000000000003e-05,14.0,0,True,337.7099914550781
2026-08-28T05:52:40Z,GOOG,2026-09-18,call,265.0,77.9,0.0,0.0,1.0000000000000003e-05,3.0,0,True,337.7099914550781
2026-08-28T05:52:40Z,GOOG,2026-09-18,call,270.0,77.01,0.0,0.0,1.0000000000000003e-05,24.0,0,True,337.7099914550781
2026-08-28T05:52:40Z,GOOG,2026-09-18,call,275.0,63.4,0.0,0.0,1.0000000000000003e-05,2.0,0,True,337.7099914550781
2026-08-28T05:52:40Z,GOOG,2026-09-18,call,280.0,64.09,0.0,0.0,1.0000000000000003e-05,2.0,0,True,337.7099914550781
2026-08-28T05:52:40Z,GOOG,2026-09-18,call,285.0,55.53,0.0,0.0,1.0000000000000003e-05,2.0,0,True,337.7099914550781
2026-08-28T05:52:40Z,GOOG,2026-09-18,call,290.0,48.65,0.0,0.0,1.0000000000000003e-05,8.0,0,True,337.7099914550781
2026-08-28T05:52:40Z,GOOG,2026-09-18,call,295.0,42.92,0.0,0.0,1.0000000000000003e-05,1.0,0,True,337.7099914550781
2026-08-28T05:52:40Z,GOOG,2026-09-18,call,300.0,38.7,0.0,0.0,1.0000000000000003e-05,15.0,0,True,337.7099914550781
2026-08-28T05:52:40Z,GOOG,2026-09-18,call,305.0,34.08,0.0,0.0,1.0000000000000003e-05,2.0,0,True,337.7099914550781
2026-08-28T05:52:40Z,GOOG,2026-09-18,call,310.0,29.64,0.0,0.0,1.0000000000000003e-05,1.0,0,True,337.7099914550781
2026-08-28T05:52:40Z,GOOG,2026-09-18,call,315.0,25.58,0.0,0.0,1.0000000000000003e-05,3.0,0,True,337.7099914550781
2026-08-28T05:52:40Z,GOOG,2026-09-18,call,317.5,23.2,0.0,0.0,1.0000000000000003e-05,1.0,0,True,337.7099914550781
2026-08-28T05:52:40Z,GOOG,2026-09-18,call,320.0,20.98,0.0,0.0,1.0000000000000003e-05,13.0,0,True,337.7099914550781
2026-08-28T05:52:40Z,GOOG,2026-09-18,call,322.5,27.95,0.0,0.0,1.0000000000000003e-05,11.0,0,True,337.7099914550781
2026-08-28T05:52:40Z,GOOG,2026-09-18,call,325.0,16.5,0.0,0.0,1.0000000000000003e-05,3.0,0,True,337.7099914550781
2026-08-28T05:52:40Z,GOOG,2026-09-18,call,327.5,15.2,0.0,0.0,1.0000000000000003e-05,2.0,0,True,337.7099914550781
2026-08-28T05:52:40Z,GOOG,2026-09-18,call,330.0,13.4,0.0,0.0,1.0000000000000003e-05,160.0,0,True,337.7099914550781
2026-08-28T05:52:40Z,GOOG,2026-09-18,call,332.5,11.82,0.0,0.0,1.0000000000000003e-05,5.0,0,True,337.7099914550781
2026-08-28T05:52:40Z,GOOG,2026-09-18,call,335.0,10.41,0.0,0.0,1.0000000000000003e-05,229.0,0,True,337.7099914550781
2026-08-28T05:52:40Z,GOOG,2026-09-18,call,340.0,8.3,0.0,0.0,0.007822421875,390.0,0,False,337.7099914550781
2026-08-28T05:52:40Z,GOOG,2026-09-18,call,342.5,6.7,0.0,0.0,0.015634843750000002,467.0,0,False,337.7099914550781
2026-08-28T05:52:40Z,GOOG,2026-09-18,call,345.0,5.93,0.0,0.0,0.015634843750000002,156.0,0,False,337.7099914550781
2026-08-28T05:52:40Z,GOOG,2026-09-18,call,347.5,5.0,0.0,0.0,0.0312596875,24.0,0,False,337.7099914550781
2026-08-28T05:52:40Z,GOOG,2026-09-18,call,350.0,4.25,0.0,0.0,0.0312596875,866.0,0,False,337.7099914550781
2026-08-28T05:52:40Z,GOOG,2026-09-18,call,352.5,3.75,0.0,0.0,0.0312596875,22.0,0,False,337.7099914550781
2026-08-28T05:52:40Z,GOOG,2026-09-18,call,355.0,3.1,0.0,0.0,0.062509375,152.0,0,False,337.7099914550781
2026-08-28T05:52:40Z,GOOG,2026-09-18,call,357.5,2.59,0.0,0.0,0.062509375,43.0,0,False,337.7099914550781
2026-08-28T05:52:40Z,GOOG,2026-09-18,call,360.0,2.16,0.0,0.0,0.062509375,758.0,0,False,337.7099914550781
2026-08-28T05:52:40Z,GOOG,2026-09-18,call,362.5,1.81,0.0,0.0,0.062509375,52.0,0,False,337.7099914550781
2026-08-28T05:52:40Z,GOOG,2026-09-18,call,365.0,1.58,0.0,0.0,0.062509375,500.0,0,False,337.7099914550781
2026-08-28T05:52:40Z,GOOG,2026-09-18,call,370.0,1.07,0.0,0.0,0.062509375,495.0,0,False,337.7099914550781
2026-08-28T05:52:40Z,GOOG,2026-09-18,call,375.0,0.82,0.0,0.0,0.12500875,331.0,0,False,337.7099914550781
2026-08-28T05:52:40Z,GOOG,2026-09-18,call,380.0,0.6,0.0,0.0,0.12500875,313.0,0,False,337.7099914550781
2026-08-28T05:52:40Z,GOOG,2026-09-18,call,385.0,0.44,0.0,0.0,0.12500875,543.0,0,False,337.7099914550781
2026-08-28T05:52:40Z,GOOG,2026-09-18,call,390.0,0.35,0.0,0.0,0.12500875,189.0,0,False,337.7099914550781
2026-08-28T05:52:40Z,GOOG,2026-09-18,call,395.0,0.27,0.0,0.0,0.12500875,3.0,0,False,337.7099914550781
2026-08-28T05:52:40Z,GOOG,2026-09-18,call,400.0,0.25,0.0,0.0,0.12500875,901.0,0,False,337.7099914550781
2026-08-28T05:52:40Z,GOOG,2026-09-18,call,405.0,0.17,0.0,0.0,0.12500875,6.0,0,False,337.7099914550781
2026-08-28T05:52:40Z,GOOG,2026-09-18,call,410.0,0.2,0.0,0.0,0.12500875,14.0,0,False,337.7099914550781
2026-08-28T05:52:40Z,GOOG,2026-09-18,call,415.0,0.16,0.0,0.0,0.12500875,10.0,0,False,337.7099914550781
2026-08-28T05:52:40Z,GOOG,2026-09-18,call,420.0,0.15,0.0,0.0,0.12500875,49.0,0,False,337.7099914550781
2026-08-28T05:52:40Z,GOOG,2026-09-18,call,425.0,0.15,0.0,0.0,0.2500075,43.0,0,False,337.7099914550781
2026-08-28T05:52:40Z,GOOG,2026-09-18,call,430.0,0.12,0.0,0.0,0.2500075,23.0,0,False,337.7099914550781
2026-08-28T05:52:40Z,GOOG,2026-09-18,call,435.0,0.16,0.0,0.0,0.2500075,4.0,0,False,337.7099914550781
2026-08-28T05:52:40Z,GOOG,2026-09-18,call,440.0,0.13,0.0,0.0,0.2500075,12.0,0,False,337.7099914550781
2026-08-28T05:52:40Z,GOOG,2026-09-18,call,445.0,0.11,0.0,0.0,0.2500075,92.0,0,False,337.7099914550781
2026-08-28T05:52:40Z,GOOG,2026-09-18,call,450.0,0.08,0.0,0.0,0.2500075,13.0,0,False,337.7099914550781
2026-08-28T05:52:40Z,GOOG,2026-09-18,call,455.0,0.1,0.0,0.0,0.2500075,6.0,0,False,337.7099914550781
2026-08-28T05:52:40Z,GOOG,2026-09-18,call,460.0,0.09,0.0,0.0,0.2500075,8.0,0,False,337.7099914550781
2026-08-28T05:52:40Z,GOOG,2026-09-18,call,465.0,0.12,0.0,0.0,0.2500075,10.0,0,False,337.7099914550781
2026-08-28T05:52:40Z,GOOG,2026-09-18,call,470.0,0.08,0.0,0.0,0.2500075,10.0,0,False,337.7099914550781
2026-08-28T05:52:40Z,GOOG,2026-09-18,call,475.0,0.11,0.0,0.0,0.2500075,2.0,0,False,337.7099914550781
2026-08-28T05:52:40Z,GOOG,2026-09-18,call,480.0,0.03,0.0,0.0,0.2500075,1.0,0,False,337.7099914550781
2026-08-28T05:52:40Z,GOOG,2026-09-18,call,485.0,0.08,0.0,0.0,0.2500075,100.0,0,False,337.7099914550781
2026-08-28T05:52:40Z,GOOG,2026-09-18,call,490.0,0.21,0.0,0.0,0.2500075,20.0,0,False,337.7099914550781
2026-08-28T05:52:40Z,GOOG,2026-09-18,call,495.0,0.13,0.0,0.0,0.2500075,1.0,0,False,337.7099914550781
2026-08-28T05:52:40Z,GOOG,2026-09-18,call,500.0,0.03,0.0,0.0,0.2500075,42.0,0,False,337.7099914550781
2026-08-28T05:52:40Z,GOOG,2026-09-18,call,505.0,0.03,0.0,0.0,0.2500075,52.0,0,False,337.7099914550781
2026-08-28T05:52:40Z,GOOG,2026-09-18,call,520.0,0.05,0.0,0.0,0.2500075,2.0,0,False,337.7099914550781
2026-08-28T05:52:40Z,GOOG,2026-09-18,call,540.0,0.1,0.0,0.0,0.500005,5.0,0,False,337.7099914550781
2026-08-28T05:52:40Z,GOOG,2026-09-18,call,560.0,0.02,0.0,0.0,0.500005,9.0,0,False,337.7099914550781
2026-08-28T05:52:40Z,GOOG,2026-09-18,call,580.0,0.02,0.0,0.0,0.500005,62.0,0,False,337.7099914550781
2026-08-28T05:52:40Z,GOOG,2026-09-18,put,85.0,0.01,0.0,0.0,0.500005,18.0,0,False,337.7099914550781
2026-08-28T05:52:40Z,GOOG,2026-09-18,put,90.0,0.06,0.0,0.0,0.500005,4.0,0,False,337.7099914550781
2026-08-28T05:52:40Z,GOOG,2026-09-18,put,95.0,0.22,0.0,1.19,2.415043024902343,1.0,1008,False,337.7099914550781
2026-08-28T05:52:40Z,GOOG,2026-09-18,put,100.0,0.03,0.0,0.0,0.500005,1.0,0,False,337.7099914550781
2026-08-28T05:52:40Z,GOOG,2026-09-18,put,105.0,0.15,0.0,2.13,2.4433632666015628,2.0,21,False,337.7099914550781
2026-08-28T05:52:40Z,GOOG,2026-09-18,put,110.0,0.03,0.0,0.57,1.9453127734375002,2.0,39,False,337.7099914550781
2026-08-28T05:52:40Z,GOOG,2026-09-18,put,115.0,0.05,0.0,0.0,0.500005,1.0,0,False,337.7099914550781
2026-08-28T05:52:40Z,GOOG,2026-09-18,put,120.0,0.03,0.0,0.0,0.500005,8.0,0,False,337.7099914550781
2026-08-28T05:52:40Z,GOOG,2026-09-18,put,125.0,0.01,0.0,0.0,0.500005,50.0,0,False,337.7099914550781
2026-08-28T05:52:40Z,GOOG,2026-09-18,put,130.0,0.03,0.0,0.0,0.500005,8.0,0,False,337.7099914550781
2026-08-28T05:52:40Z,GOOG,2026-09-18,put,135.0,0.05,0.0,0.75,1.6679704101562502,16.0,313,False,337.7099914550781
2026-08-28T05:52:40Z,GOOG,2026-09-18,put,140.0,0.01,0.0,0.0,0.500005,47.0,0,False,337.7099914550781
2026-08-28T05:52:40Z,GOOG,2026-09-18,put,145.0,0.02,0.0,0.0,0.500005,1.0,0,False,337.7099914550781
2026-08-28T05:52:40Z,GOOG,2026-09-18,put,150.0,0.02,0.0,0.0,0.500005,1.0,0,False,337.7099914550781
2026-08-28T05:52:40Z,GOOG,2026-09-18,put,155.0,0.08,0.0,0.0,0.500005,9.0,0,False,337.7099914550781
2026-08-28T05:52:40Z,GOOG,2026-09-18,put,160.0,0.02,0.0,0.0,0.500005,9.0,0,False,337.7099914550781
2026-08-28T05:52:40Z,GOOG,2026-09-18,put,165.0,0.01,0.0,0.0,0.500005,10.0,0,False,337.7099914550781
2026-08-28T05:52:40Z,GOOG,2026-09-18,put,170.0,0.01,0.0,0.0,0.500005,1.0,0,False,337.7099914550781
2026-08-28T05:52:40Z,GOOG,2026-09-18,put,175.0,0.07,0.0,0.0,0.500005,2.0,0,False,337.7099914550781
2026-08-28T05:52:40Z,GOOG,2026-09-18,put,180.0,0.05,0.0,0.0,0.500005,2.0,0,False,337.7099914550781
2026-08-28T05:52:40Z,GOOG,2026-09-18,put,185.0,0.12,0.0,0.0,0.500005,9.0,0,False,337.7099914550781
2026-08-28T05:52:40Z,GOOG,2026-09-18,put,190.0,0.14,0.0,0.0,0.500005,9.0,0,False,337.7099914550781
2026-08-28T05:52:40Z,GOOG,2026-09-18,put,195.0,0.15,0.0,0.0,0.500005,7.0,0,False,337.7099914550781
2026-08-28T05:52:40Z,GOOG,2026-09-18,put,200.0,0.03,0.0,0.0,0.500005,5.0,0,False,337.7099914550781
2026-08-28T05:52:40Z,GOOG,2026-09-18,put,205.0,0.1,0.0,0.0,0.500005,1.0,0,False,337.7099914550781
2026-08-28T05:52:40Z,GOOG,2026-09-18,put,210.0,0.04,0.0,0.0,0.500005,4.0,0,False,337.7099914550781
2026-08-28T05:52:40Z,GOOG,2026-09-18,put,215.0,0.07,0.0,0.0,0.500005,7.0,0,False,337.7099914550781
2026-08-28T05:52:40Z,GOOG,2026-09-18,put,220.0,0.05,0.0,0.0,0.2500075,3.0,0,False,337.7099914550781
2026-08-28T05:52:40Z,GOOG,2026-09-18,put,225.0,0.09,0.0,0.0,0.2500075,2.0,0,False,337.7099914550781
2026-08-28T05:52:40Z,GOOG,2026-09-18,put,230.0,0.1,0.0,0.0,0.2500075,1.0,0,False,337.7099914550781
2026-08-28T05:52:40Z,GOOG,2026-09-18,put,235.0,0.08,0.0,0.0,0.2500075,1.0,0,False,337.7099914550781
2026-08-28T05:52:40Z,GOOG,2026-09-18,put,240.0,0.07,0.0,0.0,0.2500075,1.0,0,False,337.7099914550781
2026-08-28T05:52:40Z,GOOG,2026-09-18,put,245.0,0.06,0.0,0.0,0.2500075,5.0,0,False,337.7099914550781
2026-08-28T05:52:40Z,GOOG,2026-09-18,put,250.0,0.08,0.0,0.0,0.2500075,6.0,0,False,337.7099914550781
2026-08-28T05:52:40Z,GOOG,2026-09-18,put,255.0,0.15,0.0,0.0,0.2500075,1.0,0,False,337.7099914550781
2026-08-28T05:52:40Z,GOOG,2026-09-18,put,260.0,0.1,0.0,0.0,0.2500075,1.0,0,False,337.7099914550781
2026-08-28T05:52:40Z,GOOG,2026-09-18,put,265.0,0.15,0.0,0.0,0.2500075,300.0,0,False,337.7099914550781
2026-08-28T05:52:40Z,GOOG,2026-09-18,put,270.0,0.17,0.0,0.0,0.2500075,40.0,0,False,337.7099914550781
2026-08-28T05:52:40Z,GOOG,2026-09-18,put,275.0,0.15,0.0,0.0,0.12500875,27.0,0,False,337.7099914550781
2026-08-28T05:52:40Z,GOOG,2026-09-18,put,280.0,0.2,0.0,0.0,0.12500875,78.0,0,False,337.7099914550781
2026-08-28T05:52:40Z,GOOG,2026-09-18,put,285.0,0.28,0.0,0.0,0.12500875,2.0,0,False,337.7099914550781
2026-08-28T05:52:40Z,GOOG,2026-09-18,put,290.0,0.29,0.0,0.0,0.12500875,13.0,0,False,337.7099914550781
2026-08-28T05:52:40Z,GOOG,2026-09-18,put,295.0,0.41,0.0,0.0,0.12500875,17.0,0,False,337.7099914550781
2026-08-28T05:52:40Z,GOOG,2026-09-18,put,300.0,0.5,0.0,0.0,0.12500875,168.0,0,False,337.7099914550781
2026-08-28T05:52:40Z,GOOG,2026-09-18,put,305.0,0.74,0.0,0.0,0.062509375,90.0,0,False,337.7099914550781
2026-08-28T05:52:40Z,GOOG,2026-09-18,put,310.0,1.09,0.0,0.0,0.062509375,52.0,0,False,337.7099914550781
2026-08-28T05:52:40Z,GOOG,2026-09-18,put,315.0,1.7,0.0,0.0,0.062509375,211.0,0,False,337.7099914550781
2026-08-28T05:52:40Z,GOOG,2026-09-18,put,317.5,2.15,0.0,0.0,0.062509375,28.0,0,False,337.7099914550781
2026-08-28T05:52:40Z,GOOG,2026-09-18,put,320.0,2.48,0.0,0.0,0.062509375,300.0,0,False,337.7099914550781
2026-08-28T05:52:40Z,GOOG,2026-09-18,put,322.5,2.95,0.0,0.0,0.0312596875,150.0,0,False,337.7099914550781
2026-08-28T05:52:40Z,GOOG,2026-09-18,put,325.0,3.65,0.0,0.0,0.0312596875,405.0,0,False,337.7099914550781
2026-08-28T05:52:40Z,GOOG,2026-09-18,put,327.5,4.43,0.0,0.0,0.0312596875,80.0,0,False,337.7099914550781
2026-08-28T05:52:40Z,GOOG,2026-09-18,put,330.0,5.1,0.0,0.0,0.0312596875,194.0,0,False,337.7099914550781
2026-08-28T05:52:40Z,GOOG,2026-09-18,put,332.5,6.2,0.0,0.0,0.015634843750000002,16.0,0,False,337.7099914550781
2026-08-28T05:52:40Z,GOOG,2026-09-18,put,335.0,7.2,0.0,0.0,0.007822421875,411.0,0,False,337.7099914550781
2026-08-28T05:52:40Z,GOOG,2026-09-18,put,337.5,8.53,0.0,0.0,0.000986552734375,40.0,0,False,337.7099914550781
2026-08-28T05:52:40Z,GOOG,2026-09-18,put,340.0,9.73,0.0,0.0,1.0000000000000003e-05,55.0,0,True,337.7099914550781
2026-08-28T05:52:40Z,GOOG,2026-09-18,put,342.5,10.85,0.0,0.0,1.0000000000000003e-05,11.0,0,True,337.7099914550781
2026-08-28T05:52:40Z,GOOG,2026-09-18,put,345.0,12.65,0.0,0.0,1.0000000000000003e-05,50.0,0,True,337.7099914550781
2026-08-28T05:52:40Z,GOOG,2026-09-18,put,347.5,15.17,0.0,0.0,1.0000000000000003e-05,1.0,0,True,337.7099914550781
2026-08-28T05:52:40Z,GOOG,2026-09-18,put,350.0,16.13,0.0,0.0,1.0000000000000003e-05,17.0,0,True,337.7099914550781
2026-08-28T05:52:40Z,GOOG,2026-09-18,put,352.5,18.42,0.0,0.0,1.0000000000000003e-05,2.0,0,True,337.7099914550781
2026-08-28T05:52:40Z,GOOG,2026-09-18,put,355.0,19.75,0.0,0.0,1.0000000000000003e-05,21.0,0,True,337.7099914550781
2026-08-28T05:52:40Z,GOOG,2026-09-18,put,357.5,21.92,0.0,0.0,1.0000000000000003e-05,3.0,0,True,337.7099914550781
2026-08-28T05:52:40Z,GOOG,2026-09-18,put,360.0,24.18,0.0,0.0,1.0000000000000003e-05,26.0,0,True,337.7099914550781
2026-08-28T05:52:40Z,GOOG,2026-09-18,put,365.0,28.6,0.0,0.0,1.0000000000000003e-05,35.0,0,True,337.7099914550781
2026-08-28T05:52:40Z,GOOG,2026-09-18,put,370.0,32.81,0.0,0.0,1.0000000000000003e-05,4.0,0,True,337.7099914550781
2026-08-28T05:52:40Z,GOOG,2026-09-18,put,375.0,35.9,0.0,0.0,1.0000000000000003e-05,3.0,0,True,337.7099914550781
2026-08-28T05:52:40Z,GOOG,2026-09-18,put,380.0,42.18,0.0,0.0,1.0000000000000003e-05,4.0,0,True,337.7099914550781
2026-08-28T05:52:40Z,GOOG,2026-09-18,put,385.0,48.17,0.0,0.0,1.0000000000000003e-05,4.0,0,True,337.7099914550781
2026-08-28T05:52:40Z,GOOG,2026-09-18,put,390.0,51.63,0.0,0.0,1.0000000000000003e-05,6.0,0,True,337.7099914550781
2026-08-28T05:52:40Z,GOOG,2026-09-18,put,395.0,56.7,0.0,0.0,1.0000000000000003e-05,5.0,0,True,337.7099914550781
2026-08-28T05:52:40Z,GOOG,2026-09-18,put,400.0,63.0,0.0,0.0,1.0000000000000003e-05,2.0,0,True,337.7099914550781
2026-08-28T05:52:40Z,GOOG,2026-09-18,put,405.0,59.39,0.0,0.0,1.0000000000000003e-05,7.0,0,True,337.7099914550781
2026-08-28T05:52:40Z,GOOG,2026-09-18,put,410.0,72.65,0.0,0.0,1.0000000000000003e-05,672.0,0,True,337.7099914550781
2026-08-28T05:52:40Z,GOOG,2026-09-18,put,415.0,76.45,0.0,0.0,1.0000000000000003e-05,10.0,0,True,337.7099914550781
2026-08-28T05:52:40Z,GOOG,2026-09-18,put,420.0,80.7,0.0,0.0,1.0000000000000003e-05,1.0,0,True,337.7099914550781
2026-08-28T05:52:40Z,GOOG,2026-09-18,put,425.0,66.76,0.0,0.0,1.0000000000000003e-05,50.0,0,True,337.7099914550781
2026-08-28T05:52:40Z,GOOG,2026-09-18,put,430.0,90.78,0.0,0.0,1.0000000000000003e-05,250.0,0,True,337.7099914550781
2026-08-28T05:52:40Z,GOOG,2026-09-18,put,435.0,92.78,0.0,0.0,1.0000000000000003e-05,2.0,0,True,337.7099914550781
2026-08-28T05:52:40Z,GOOG,2026-09-18,put,440.0,82.62,93.35,96.8,1.0000000000000003e-05,1.0,0,True,337.7099914550781
2026-08-28T05:52:40Z,GOOG,2026-09-18,put,450.0,122.68,0.0,0.0,1.0000000000000003e-05,2.0,0,True,337.7099914550781
2026-08-28T05:52:40Z,GOOG,2026-09-18,put,460.0,117.8,113.35,116.55,1.0000000000000003e-05,1.0,0,True,337.7099914550781
2026-08-28T05:52:40Z,GOOG,2026-09-18,put,470.0,78.76,98.9,102.15,1.0000000000000003e-05,2.0,1,True,337.7099914550781
2026-08-28T05:52:40Z,GOOG,2026-09-18,put,475.0,104.8,128.2,132.15,1.0000000000000003e-05,,0,True,337.7099914550781
2026-08-28T05:52:40Z,GOOG,2026-09-18,put,480.0,95.9,0.0,0.0,1.0000000000000003e-05,1.0,0,True,337.7099914550781
2026-08-28T05:52:40Z,GOOG,2026-09-18,put,490.0,104.9,0.0,0.0,1.0000000000000003e-05,1.0,0,True,337.7099914550781
2026-08-28T05:52:40Z,GOOG,2026-09-18,put,495.0,177.77,148.35,151.35,1.0000000000000003e-05,2.0,0,True,337.7099914550781
2026-08-28T05:52:40Z,GOOG,2026-09-18,put,500.0,182.75,153.4,156.3,1.0000000000000003e-05,6.0,0,True,337.7099914550781
2026-08-28T05:52:40Z,GOOG,2026-09-18,put,520.0,122.8,147.75,151.75,1.0000000000000003e-05,,0,True,337.7099914550781
2026-08-28T05:52:40Z,GOOG,2026-09-18,put,540.0,141.94,167.75,171.45,1.0000000000000003e-05,,0,True,337.7099914550781
2026-08-28T05:52:40Z,GOOG,2026-09-18,put,560.0,161.48,187.75,191.45,1.0000000000000003e-05,,0,True,337.7099914550781
2026-08-28T05:52:40Z,GOOG,2026-09-18,put,580.0,181.56,207.75,211.45,1.0000000000000003e-05,,0,True,337.7099914550781
2026-08-28T05:52:40Z,GOOG,2026-09-25,call,200.0,140.13,0.0,0.0,1.0000000000000003e-05,1.0,0,True,337.7099914550781
2026-08-28T05:52:40Z,GOOG,2026-09-25,call,205.0,137.89,0.0,0.0,1.0000000000000003e-05,,0,True,337.7099914550781
2026-08-28T05:52:40Z,GOOG,2026-09-25,call,220.0,122.9,0.0,0.0,1.0000000000000003e-05,1.0,0,True,337.7099914550781
2026-08-28T05:52:40Z,GOOG,2026-09-25,call,225.0,115.92,0.0,0.0,1.0000000000000003e-05,,0,True,337.7099914550781
2026-08-28T05:52:40Z,GOOG,2026-09-25,call,230.0,113.6,0.0,0.0,1.0000000000000003e-05,2.0,0,True,337.7099914550781
2026-08-28T05:52:40Z,GOOG,2026-09-25,call,235.0,107.55,0.0,0.0,1.0000000000000003e-05,11.0,0,True,337.7099914550781
2026-08-28T05:52:40Z,GOOG,2026-09-25,call,255.0,90.0,0.0,0.0,1.0000000000000003e-05,,0,True,337.7099914550781
2026-08-28T05:52:40Z,GOOG,2026-09-25,call,270.0,73.74,0.0,0.0,1.0000000000000003e-05,24.0,0,True,337.7099914550781
2026-08-28T05:52:40Z,GOOG,2026-09-25,call,275.0,68.86,0.0,0.0,1.0000000000000003e-05,24.0,0,True,337.7099914550781
2026-08-28T05:52:40Z,GOOG,2026-09-25,call,280.0,68.77,0.0,0.0,1.0000000000000003e-05,40.0,0,True,337.7099914550781
2026-08-28T05:52:40Z,GOOG,2026-09-25,call,285.0,63.89,0.0,0.0,1.0000000000000003e-05,40.0,0,True,337.7099914550781
2026-08-28T05:52:40Z,GOOG,2026-09-25,call,290.0,48.38,0.0,0.0,1.0000000000000003e-05,1.0,0,True,337.7099914550781
2026-08-28T05:52:40Z,GOOG,2026-09-25,call,295.0,45.77,0.0,0.0,1.0000000000000003e-05,50.0,0,True,337.7099914550781
2026-08-28T05:52:40Z,GOOG,2026-09-25,call,300.0,38.8,0.0,0.0,1.0000000000000003e-05,22.0,0,True,337.7099914550781
2026-08-28T05:52:40Z,GOOG,2026-09-25,call,305.0,34.99,0.0,0.0,1.0000000000000003e-05,1.0,0,True,337.7099914550781
2026-08-28T05:52:40Z,GOOG,2026-09-25,call,310.0,30.41,0.0,0.0,1.0000000000000003e-05,3.0,0,True,337.7099914550781
2026-08-28T05:52:40Z,GOOG,2026-09-25,call,315.0,26.5,0.0,0.0,1.0000000000000003e-05,2.0,0,True,337.7099914550781
2026-08-28T05:52:40Z,GOOG,2026-09-25,call,320.0,22.45,0.0,0.0,1.0000000000000003e-05,12.0,0,True,337.7099914550781
2026-08-28T05:52:40Z,GOOG,2026-09-25,call,325.0,18.76,0.0,0.0,1.0000000000000003e-05,9.0,0,True,337.7099914550781
2026-08-28T05:52:40Z,GOOG,2026-09-25,call,330.0,15.53,0.0,0.0,1.0000000000000003e-05,3.0,0,True,337.7099914550781
2026-08-28T05:52:40Z,GOOG,2026-09-25,call,335.0,12.3,0.0,0.0,1.0000000000000003e-05,118.0,0,True,337.7099914550781
2026-08-28T05:52:40Z,GOOG,2026-09-25,call,340.0,9.49,0.0,0.0,0.007822421875,173.0,0,False,337.7099914550781
2026-08-28T05:52:40Z,GOOG,2026-09-25,call,345.0,7.39,0.0,0.0,0.015634843750000002,106.0,0,False,337.7099914550781
2026-08-28T05:52:40Z,GOOG,2026-09-25,call,350.0,5.7,0.0,0.0,0.0312596875,99.0,0,False,337.7099914550781
2026-08-28T05:52:40Z,GOOG,2026-09-25,call,355.0,4.27,0.0,0.0,0.0312596875,63.0,0,False,337.7099914550781
2026-08-28T05:52:40Z,GOOG,2026-09-25,call,360.0,3.35,0.0,0.0,0.062509375,85.0,0,False,337.7099914550781
2026-08-28T05:52:40Z,GOOG,2026-09-25,call,365.0,2.46,0.0,0.0,0.062509375,135.0,0,False,337.7099914550781
2026-08-28T05:52:40Z,GOOG,2026-09-25,call,370.0,1.82,0.0,0.0,0.062509375,205.0,0,False,337.7099914550781
2026-08-28T05:52:40Z,GOOG,2026-09-25,call,375.0,1.37,0.0,0.0,0.062509375,229.0,0,False,337.7099914550781
2026-08-28T05:52:40Z,GOOG,2026-09-25,call,380.0,1.02,0.0,0.0,0.062509375,62.0,0,False,337.7099914550781
2026-08-28T05:52:40Z,GOOG,2026-09-25,call,385.0,0.8,0.0,0.0,0.12500875,15.0,0,False,337.7099914550781
2026-08-28T05:52:40Z,GOOG,2026-09-25,call,390.0,0.64,0.0,0.0,0.12500875,28.0,0,False,337.7099914550781
2026-08-28T05:52:40Z,GOOG,2026-09-25,call,395.0,0.49,0.0,0.0,0.12500875,78.0,0,False,337.7099914550781
2026-08-28T05:52:40Z,GOOG,2026-09-25,call,400.0,0.45,0.0,0.0,0.12500875,105.0,0,False,337.7099914550781
2026-08-28T05:52:40Z,GOOG,2026-09-25,call,405.0,0.4,0.0,0.0,0.12500875,2.0,0,False,337.7099914550781
2026-08-28T05:52:40Z,GOOG,2026-09-25,call,410.0,0.38,0.0,0.0,0.12500875,4.0,0,False,337.7099914550781
2026-08-28T05:52:40Z,GOOG,2026-09-25,call,415.0,0.52,0.0,0.0,0.12500875,1.0,0,False,337.7099914550781
2026-08-28T05:52:40Z,GOOG,2026-09-25,call,420.0,0.33,0.0,0.0,0.12500875,1.0,0,False,337.7099914550781
2026-08-28T05:52:40Z,GOOG,2026-09-25,call,425.0,0.22,0.0,0.0,0.12500875,12.0,0,False,337.7099914550781
2026-08-28T05:52:40Z,GOOG,2026-09-25,call,430.0,0.13,0.0,0.0,0.12500875,1.0,0,False,337.7099914550781
2026-08-28T05:52:40Z,GOOG,2026-09-25,call,435.0,0.16,0.0,0.0,0.12500875,4.0,0,False,337.7099914550781
2026-08-28T05:52:40Z,GOOG,2026-09-25,call,440.0,0.13,0.0,0.0,0.2500075,6.0,0,False,337.7099914550781
2026-08-28T05:52:40Z,GOOG,2026-09-25,call,445.0,0.15,0.0,0.0,0.2500075,2.0,0,False,337.7099914550781
2026-08-28T05:52:40Z,GOOG,2026-09-25,call,450.0,0.13,0.0,0.0,0.2500075,2.0,0,False,337.7099914550781
2026-08-28T05:52:40Z,GOOG,2026-09-25,call,455.0,0.12,0.0,0.0,0.2500075,4.0,0,False,337.7099914550781
2026-08-28T05:52:40Z,GOOG,2026-09-25,call,460.0,0.1,0.0,0.0,0.2500075,4.0,0,False,337.7099914550781
2026-08-28T05:52:40Z,GOOG,2026-09-25,call,465.0,0.1,0.0,0.0,0.2500075,8.0,0,False,337.7099914550781
2026-08-28T05:52:40Z,GOOG,2026-09-25,call,470.0,0.09,0.0,0.0,0.2500075,7.0,0,False,337.7099914550781
2026-08-28T05:52:40Z,GOOG,2026-09-25,call,480.0,0.09,0.0,0.0,0.2500075,6.0,0,False,337.7099914550781
2026-08-28T05:52:40Z,GOOG,2026-09-25,put,200.0,0.03,0.0,0.0,0.500005,30.0,0,False,337.7099914550781
2026-08-28T05:52:40Z,GOOG,2026-09-25,put,205.0,0.09,0.0,0.0,0.2500075,4.0,0,False,337.7099914550781
2026-08-28T05:52:40Z,GOOG,2026-09-25,put,210.0,0.05,0.0,0.0,0.2500075,8.0,0,False,337.7099914550781
2026-08-28T05:52:40Z,GOOG,2026-09-25,put,215.0,0.07,0.0,0.0,0.2500075,7.0,0,False,337.7099914550781
2026-08-28T05:52:40Z,GOOG,2026-09-25,put,220.0,0.14,0.0,0.0,0.2500075,1.0,0,False,337.7099914550781
2026-08-28T05:52:40Z,GOOG,2026-09-25,put,225.0,0.07,0.0,0.0,0.2500075,5.0,0,False,337.7099914550781
2026-08-28T05:52:40Z,GOOG,2026-09-25,put,230.0,0.05,0.0,0.0,0.2500075,4.0,0,False,337.7099914550781
2026-08-28T05:52:40Z,GOOG,2026-09-25,put,235.0,0.08,0.0,0.0,0.2500075,4.0,0,False,337.7099914550781
2026-08-28T05:52:40Z,GOOG,2026-09-25,put,240.0,0.07,0.0,0.0,0.2500075,8.0,0,False,337.7099914550781
2026-08-28T05:52:40Z,GOOG,2026-09-25,put,245.0,0.08,0.0,0.0,0.2500075,2.0,0,False,337.7099914550781
2026-08-28T05:52:40Z,GOOG,2026-09-25,put,250.0,0.1,0.0,0.0,0.2500075,2.0,0,False,337.7099914550781
2026-08-28T05:52:40Z,GOOG,2026-09-25,put,255.0,0.11,0.0,0.0,0.2500075,6.0,0,False,337.7099914550781
2026-08-28T05:52:40Z,GOOG,2026-09-25,put,260.0,0.12,0.0,0.0,0.2500075,12.0,0,False,337.7099914550781
2026-08-28T05:52:40Z,GOOG,2026-09-25,put,265.0,0.14,0.0,0.0,0.12500875,8.0,0,False,337.7099914550781
2026-08-28T05:52:40Z,GOOG,2026-09-25,put,270.0,0.18,0.0,0.0,0.12500875,19.0,0,False,337.7099914550781
2026-08-28T05:52:40Z,GOOG,2026-09-25,put,275.0,0.18,0.0,0.0,0.12500875,4.0,0,False,337.7099914550781
2026-08-28T05:52:40Z,GOOG,2026-09-25,put,280.0,0.16,0.0,0.0,0.12500875,195.0,0,False,337.7099914550781
2026-08-28T05:52:40Z,GOOG,2026-09-25,put,285.0,0.32,0.0,0.0,0.12500875,37.0,0,False,337.7099914550781
2026-08-28T05:52:40Z,GOOG,2026-09-25,put,290.0,0.42,0.0,0.0,0.12500875,234.0,0,False,337.7099914550781
2026-08-28T05:52:40Z,GOOG,2026-09-25,put,295.0,0.54,0.0,0.0,0.12500875,15.0,0,False,337.7099914550781
2026-08-28T05:52:40Z,GOOG,2026-09-25,put,300.0,0.78,0.0,0.0,0.062509375,280.0,0,False,337.7099914550781
2026-08-28T05:52:40Z,GOOG,2026-09-25,put,305.0,1.16,0.0,0.0,0.062509375,198.0,0,False,337.7099914550781
2026-08-28T05:52:40Z,GOOG,2026-09-25,put,310.0,1.65,0.0,0.0,0.062509375,41.0,0,False,337.7099914550781
2026-08-28T05:52:40Z,GOOG,2026-09-25,put,315.0,2.4,0.0,0.0,0.062509375,99.0,0,False,337.7099914550781
2026-08-28T05:52:40Z,GOOG,2026-09-25,put,320.0,3.38,0.0,0.0,0.0312596875,180.0,0,False,337.7099914550781
2026-08-28T05:52:40Z,GOOG,2026-09-25,put,325.0,4.68,0.0,0.0,0.0312596875,97.0,0,False,337.7099914550781
2026-08-28T05:52:40Z,GOOG,2026-09-25,put,330.0,6.3,0.0,0.0,0.015634843750000002,108.0,0,False,337.7099914550781
2026-08-28T05:52:40Z,GOOG,2026-09-25,put,335.0,8.6,0.0,0.0,0.007822421875,117.0,0,False,337.7099914550781
2026-08-28T05:52:40Z,GOOG,2026-09-25,put,340.0,10.77,0.0,0.0,1.0000000000000003e-05,25.0,0,True,337.7099914550781
2026-08-28T05:52:40Z,GOOG,2026-09-25,put,345.0,13.68,0.0,0.0,1.0000000000000003e-05,13.0,0,True,337.7099914550781
2026-08-28T05:52:40Z,GOOG,2026-09-25,put,350.0,17.23,0.0,0.0,1.0000000000000003e-05,14.0,0,True,337.7099914550781
2026-08-28T05:52:40Z,GOOG,2026-09-25,put,355.0,20.64,0.0,0.0,1.0000000000000003e-05,2.0,0,True,337.7099914550781
2026-08-28T05:52:40Z,GOOG,2026-09-25,put,360.0,24.27,0.0,0.0,1.0000000000000003e-05,1.0,0,True,337.7099914550781
2026-08-28T05:52:40Z,GOOG,2026-09-25,put,365.0,27.2,0.0,0.0,1.0000000000000003e-05,5.0,0,True,337.7099914550781
2026-08-28T05:52:40Z,GOOG,2026-09-25,put,370.0,33.27,0.0,0.0,1.0000000000000003e-05,2.0,0,True,337.7099914550781
2026-08-28T05:52:40Z,GOOG,2026-09-25,put,375.0,28.12,0.0,0.0,1.0000000000000003e-05,,0,True,337.7099914550781
2026-08-28T05:52:40Z,GOOG,2026-09-25,put,380.0,34.8,0.0,0.0,1.0000000000000003e-05,4.0,0,True,337.7099914550781
2026-08-28T05:52:40Z,GOOG,2026-09-25,put,385.0,35.24,0.0,0.0,1.0000000000000003e-05,,0,True,337.7099914550781
2026-08-28T05:52:40Z,GOOG,2026-09-25,put,390.0,49.51,0.0,0.0,1.0000000000000003e-05,1.0,0,True,337.7099914550781
2026-08-28T05:52:40Z,GOOG,2026-09-25,put,395.0,44.0,0.0,0.0,1.0000000000000003e-05,,0,True,337.7099914550781
2026-08-28T05:52:40Z,GOOG,2026-09-25,put,400.0,59.17,0.0,0.0,1.0000000000000003e-05,1.0,0,True,337.7099914550781
2026-08-28T05:52:40Z,GOOG,2026-09-25,put,450.0,96.95,0.0,0.0,1.0000000000000003e-05,,0,True,337.7099914550781
2026-08-28T05:52:40Z,GOOG,2026-10-02,call,220.0,122.6,0.0,0.0,1.0000000000000003e-05,,0,True,337.7099914550781
2026-08-28T05:52:40Z,GOOG,2026-10-02,call,230.0,111.91,0.0,0.0,1.0000000000000003e-05,,0,True,337.7099914550781
2026-08-28T05:52:40Z,GOOG,2026-10-02,call,260.0,79.85,0.0,0.0,1.0000000000000003e-05,1.0,0,True,337.7099914550781
2026-08-28T05:52:40Z,GOOG,2026-10-02,call,270.0,69.21,0.0,0.0,1.0000000000000003e-05,1.0,0,True,337.7099914550781
2026-08-28T05:52:40Z,GOOG,2026-10-02,call,275.0,65.11,0.0,0.0,1.0000000000000003e-05,5.0,0,True,337.7099914550781
2026-08-28T05:52:40Z,GOOG,2026-10-02,call,290.0,49.78,0.0,0.0,1.0000000000000003e-05,,0,True,337.7099914550781
2026-08-28T05:52:40Z,GOOG,2026-10-02,call,300.0,42.0,0.0,0.0,1.0000000000000003e-05,1.0,0,True,337.7099914550781
2026-08-28T05:52:40Z,GOOG,2026-10-02,call,305.0,38.04,0.0,0.0,1.0000000000000003e-05,1.0,0,True,337.7099914550781
2026-08-28T05:52:40Z,GOOG,2026-10-02,call,310.0,31.81,0.0,0.0,1.0000000000000003e-05,4.0,0,True,337.7099914550781
2026-08-28T05:52:40Z,GOOG,2026-10-02,call,315.0,27.2,0.0,0.0,1.0000000000000003e-05,1.0,0,True,337.7099914550781
2026-08-28T05:52:40Z,GOOG,2026-10-02,call,320.0,23.52,0.0,0.0,1.0000000000000003e-05,30.0,0,True,337.7099914550781
2026-08-28T05:52:40Z,GOOG,2026-10-02,call,325.0,19.72,0.0,0.0,1.0000000000000003e-05,11.0,0,True,337.7099914550781
2026-08-28T05:52:40Z,GOOG,2026-10-02,call,330.0,16.35,0.0,0.0,1.0000000000000003e-05,14.0,0,True,337.7099914550781
2026-08-28T05:52:40Z,GOOG,2026-10-02,call,335.0,13.5,0.0,0.0,1.0000000000000003e-05,25.0,0,True,337.7099914550781
2026-08-28T05:52:40Z,GOOG,2026-10-02,call,340.0,10.85,0.0,0.0,0.007822421875,82.0,0,False,337.7099914550781
2026-08-28T05:52:40Z,GOOG,2026-10-02,call,345.0,8.78,0.0,0.0,0.015634843750000002,69.0,0,False,337.7099914550781
2026-08-28T05:52:40Z,GOOG,2026-10-02,call,350.0,6.95,0.0,0.0,0.0312596875,18.0,0,False,337.7099914550781
2026-08-28T05:52:40Z,GOOG,2026-10-02,call,355.0,5.4,0.0,0.0,0.0312596875,66.0,0,False,337.7099914550781
2026-08-28T05:52:40Z,GOOG,2026-10-02,call,360.0,4.42,0.0,0.0,0.0312596875,118.0,0,False,337.7099914550781
2026-08-28T05:52:40Z,GOOG,2026-10-02,call,365.0,3.4,0.0,0.0,0.062509375,26.0,0,False,337.7099914550781
2026-08-28T05:52:40Z,GOOG,2026-10-02,call,370.0,2.66,0.0,0.0,0.062509375,34.0,0,False,337.7099914550781
2026-08-28T05:52:40Z,GOOG,2026-10-02,call,375.0,2.08,0.0,0.0,0.062509375,65.0,0,False,337.7099914550781
2026-08-28T05:52:40Z,GOOG,2026-10-02,call,380.0,1.69,0.0,0.0,0.062509375,29.0,0,False,337.7099914550781
2026-08-28T05:52:40Z,GOOG,2026-10-02,call,385.0,1.3,0.0,0.0,0.062509375,19.0,0,False,337.7099914550781
2026-08-28T05:52:40Z,GOOG,2026-10-02,call,390.0,0.99,0.0,0.0,0.12500875,29.0,0,False,337.7099914550781
2026-08-28T05:52:40Z,GOOG,2026-10-02,call,395.0,0.78,0.0,0.0,0.12500875,8.0,0,False,337.7099914550781
2026-08-28T05:52:40Z,GOOG,2026-10-02,call,400.0,0.68,0.0,0.0,0.12500875,16.0,0,False,337.7099914550781
2026-08-28T05:52:40Z,GOOG,2026-10-02,call,405.0,0.54,0.0,0.0,0.12500875,4.0,0,False,337.7099914550781
2026-08-28T05:52:40Z,GOOG,2026-10-02,call,410.0,0.48,0.0,0.0,0.12500875,1.0,0,False,337.7099914550781
2026-08-28T05:52:40Z,GOOG,2026-10-02,call,415.0,0.41,0.0,0.0,0.12500875,1.0,0,False,337.7099914550781
2026-08-28T05:52:40Z,GOOG,2026-10-02,call,420.0,0.61,0.0,0.0,0.12500875,,0,False,337.7099914550781
2026-08-28T05:52:40Z,GOOG,2026-10-02,call,425.0,0.38,0.0,0.0,0.12500875,2.0,0,False,337.7099914550781
2026-08-28T05:52:40Z,GOOG,2026-10-02,call,440.0,0.14,0.0,0.0,0.12500875,4.0,0,False,337.7099914550781
2026-08-28T05:52:40Z,GOOG,2026-10-02,call,450.0,0.13,0.0,0.0,0.2500075,2.0,0,False,337.7099914550781
2026-08-28T05:52:40Z,GOOG,2026-10-02,call,480.0,0.2,0.0,0.0,0.2500075,1.0,0,False,337.7099914550781
2026-08-28T05:52:40Z,GOOG,2026-10-02,put,200.0,0.07,0.0,0.0,0.2500075,6.0,0,False,337.7099914550781
2026-08-28T05:52:40Z,GOOG,2026-10-02,put,205.0,0.05,0.0,0.0,0.2500075,2.0,0,False,337.7099914550781
2026-08-28T05:52:40Z,GOOG,2026-10-02,put,210.0,0.09,0.0,0.0,0.2500075,9.0,0,False,337.7099914550781
2026-08-28T05:52:40Z,GOOG,2026-10-02,put,215.0,0.06,0.0,0.0,0.2500075,3.0,0,False,337.7099914550781
2026-08-28T05:52:40Z,GOOG,2026-10-02,put,220.0,0.09,0.0,0.0,0.2500075,2.0,0,False,337.7099914550781
2026-08-28T05:52:40Z,GOOG,2026-10-02,put,225.0,0.09,0.0,0.0,0.2500075,2.0,0,False,337.7099914550781
2026-08-28T05:52:40Z,GOOG,2026-10-02,put,230.0,0.09,0.0,0.0,0.2500075,2.0,0,False,337.7099914550781
2026-08-28T05:52:40Z,GOOG,2026-10-02,put,235.0,0.02,0.0,0.0,0.2500075,3.0,0,False,337.7099914550781
2026-08-28T05:52:40Z,GOOG,2026-10-02,put,240.0,0.11,0.0,0.0,0.2500075,4.0,0,False,337.7099914550781
2026-08-28T05:52:40Z,GOOG,2026-10-02,put,245.0,0.11,0.0,0.0,0.2500075,12.0,0,False,337.7099914550781
2026-08-28T05:52:40Z,GOOG,2026-10-02,put,250.0,0.14,0.0,0.0,0.2500075,2.0,0,False,337.7099914550781
2026-08-28T05:52:40Z,GOOG,2026-10-02,put,255.0,0.18,0.0,0.0,0.2500075,2.0,0,False,337.7099914550781
2026-08-28T05:52:40Z,GOOG,2026-10-02,put,260.0,0.2,0.0,0.0,0.12500875,2.0,0,False,337.7099914550781
2026-08-28T05:52:40Z,GOOG,2026-10-02,put,265.0,0.27,0.0,0.0,0.12500875,1.0,0,False,337.7099914550781
2026-08-28T05:52:40Z,GOOG,2026-10-02,put,270.0,0.45,0.0,0.0,0.12500875,4.0,0,False,337.7099914550781
2026-08-28T05:52:40Z,GOOG,2026-10-02,put,275.0,0.32,0.0,0.0,0.12500875,2.0,0,False,337.7099914550781
2026-08-28T05:52:40Z,GOOG,2026-10-02,put,280.0,0.41,0.0,0.0,0.12500875,29.0,0,False,337.7099914550781
2026-08-28T05:52:40Z,GOOG,2026-10-02,put,285.0,0.58,0.0,0.0,0.12500875,12.0,0,False,337.7099914550781
2026-08-28T05:52:40Z,GOOG,2026-10-02,put,290.0,0.7,0.0,0.0,0.12500875,26.0,0,False,337.7099914550781
2026-08-28T05:52:40Z,GOOG,2026-10-02,put,295.0,1.0,0.0,0.0,0.12500875,18.0,0,False,337.7099914550781
2026-08-28T05:52:40Z,GOOG,2026-10-02,put,300.0,1.29,0.0,0.0,0.062509375,22.0,0,False,337.7099914550781
2026-08-28T05:52:40Z,GOOG,2026-10-02,put,305.0,1.75,0.0,0.0,0.062509375,12.0,0,False,337.7099914550781
2026-08-28T05:52:40Z,GOOG,2026-10-02,put,310.0,2.33,0.0,0.0,0.062509375,24.0,0,False,337.7099914550781
2026-08-28T05:52:40Z,GOOG,2026-10-02,put,315.0,3.26,0.0,0.0,0.062509375,56.0,0,False,337.7099914550781
2026-08-28T05:52:40Z,GOOG,2026-10-02,put,320.0,4.36,0.0,0.0,0.0312596875,87.0,0,False,337.7099914550781
2026-08-28T05:52:40Z,GOOG,2026-10-02,put,325.0,5.7,0.0,0.0,0.0312596875,30.0,0,False,337.7099914550781
2026-08-28T05:52:40Z,GOOG,2026-10-02,put,330.0,7.43,0.0,0.0,0.015634843750000002,35.0,0,False,337.7099914550781
2026-08-28T05:52:40Z,GOOG,2026-10-02,put,335.0,9.64,0.0,0.0,0.007822421875,27.0,0,False,337.7099914550781
2026-08-28T05:52:40Z,GOOG,2026-10-02,put,340.0,12.15,0.0,0.0,1.0000000000000003e-05,17.0,0,True,337.7099914550781
2026-08-28T05:52:40Z,GOOG,2026-10-02,put,345.0,14.66,0.0,0.0,1.0000000000000003e-05,11.0,0,True,337.7099914550781
2026-08-28T05:52:40Z,GOOG,2026-10-02,put,350.0,18.12,0.0,0.0,1.0000000000000003e-05,3.0,0,True,337.7099914550781
2026-08-28T05:52:40Z,GOOG,2026-10-02,put,355.0,21.13,0.0,0.0,1.0000000000000003e-05,1.0,0,True,337.7099914550781
2026-08-28T05:52:40Z,GOOG,2026-10-02,put,360.0,25.89,0.0,0.0,1.0000000000000003e-05,2.0,0,True,337.7099914550781
2026-08-28T05:52:40Z,GOOG,2026-10-02,put,365.0,24.06,0.0,0.0,1.0000000000000003e-05,1.0,0,True,337.7099914550781
2026-08-28T05:52:40Z,GOOG,2026-10-02,put,370.0,33.48,0.0,0.0,1.0000000000000003e-05,2.0,0,True,337.7099914550781
2026-08-28T05:52:40Z,GOOG,2026-10-02,put,380.0,42.73,0.0,0.0,1.0000000000000003e-05,3.0,0,True,337.7099914550781
2026-08-28T05:52:40Z,GOOG,2026-10-02,put,385.0,43.75,0.0,0.0,1.0000000000000003e-05,,0,True,337.7099914550781
2026-08-28T05:52:40Z,GOOG,2026-10-16,call,155.0,186.65,0.0,0.0,1.0000000000000003e-05,1.0,0,True,337.7099914550781
2026-08-28T05:52:40Z,GOOG,2026-10-16,call,160.0,180.68,0.0,0.0,1.0000000000000003e-05,1.0,0,True,337.7099914550781
2026-08-28T05:52:40Z,GOOG,2026-10-16,call,165.0,236.11,205.85,209.6,2.8870877432250976,,1,True,337.7099914550781
2026-08-28T05:52:40Z,GOOG,2026-10-16,call,170.0,172.1,0.0,0.0,1.0000000000000003e-05,5.0,0,True,337.7099914550781
2026-08-28T05:52:40Z,GOOG,2026-10-16,call,175.0,189.2,195.35,199.2,2.691409521484375,4.0,242,True,337.7099914550781
2026-08-28T05:52:40Z,GOOG,2026-10-16,call,180.0,161.99,0.0,0.0,1.0000000000000003e-05,6.0,0,True,337.7099914550781
2026-08-28T05:52:40Z,GOOG,2026-10-16,call,185.0,157.42,0.0,0.0,1.0000000000000003e-05,1.0,0,True,337.7099914550781
2026-08-28T05:52:40Z,GOOG,2026-10-16,call,190.0,149.68,0.0,0.0,1.0000000000000003e-05,4.0,0,True,337.7099914550781
2026-08-28T05:52:40Z,GOOG,2026-10-16,call,195.0,162.75,149.15,152.35,1.319827619628906,1.0,4,True,337.7099914550781
2026-08-28T05:52:40Z,GOOG,2026-10-16,call,200.0,140.88,0.0,0.0,1.0000000000000003e-05,1.0,0,True,337.7099914550781
2026-08-28T05:52:40Z,GOOG,2026-10-16,call,205.0,135.26,0.0,0.0,1.0000000000000003e-05,1.0,0,True,337.7099914550781
2026-08-28T05:52:40Z,GOOG,2026-10-16,call,210.0,132.56,0.0,0.0,1.0000000000000003e-05,10.0,0,True,337.7099914550781
2026-08-28T05:52:40Z,GOOG,2026-10-16,call,215.0,147.5,0.0,0.0,1.0000000000000003e-05,5.0,0,True,337.7099914550781
2026-08-28T05:52:40Z,GOOG,2026-10-16,call,220.0,124.7,0.0,0.0,1.0000000000000003e-05,2.0,0,True,337.7099914550781
2026-08-28T05:52:40Z,GOOG,2026-10-16,call,225.0,96.67,119.5,123.05,1.0703171484375003,2.0,112,True,337.7099914550781
2026-08-28T05:52:40Z,GOOG,2026-10-16,call,230.0,115.19,0.0,0.0,1.0000000000000003e-05,2.0,0,True,337.7099914550781
2026-08-28T05:52:40Z,GOOG,2026-10-16,call,235.0,104.89,0.0,0.0,1.0000000000000003e-05,2.0,0,True,337.7099914550781
2026-08-28T05:52:40Z,GOOG,2026-10-16,call,240.0,105.02,0.0,0.0,1.0000000000000003e-05,1.0,0,True,337.7099914550781
2026-08-28T05:52:40Z,GOOG,2026-10-16,call,245.0,94.55,0.0,0.0,1.0000000000000003e-05,5.0,0,True,337.7099914550781
2026-08-28T05:52:40Z,GOOG,2026-10-16,call,250.0,89.27,0.0,0.0,1.0000000000000003e-05,2.0,0,True,337.7099914550781
2026-08-28T05:52:40Z,GOOG,2026-10-16,call,255.0,85.02,0.0,0.0,1.0000000000000003e-05,1.0,0,True,337.7099914550781
2026-08-28T05:52:40Z,GOOG,2026-10-16,call,260.0,79.51,0.0,0.0,1.0000000000000003e-05,3.0,0,True,337.7099914550781
2026-08-28T05:52:40Z,GOOG,2026-10-16,call,265.0,79.95,0.0,0.0,1.0000000000000003e-05,1.0,0,True,337.7099914550781
2026-08-28T05:52:40Z,GOOG,2026-10-16,call,270.0,70.0,0.0,0.0,1.0000000000000003e-05,1.0,0,True,337.7099914550781
2026-08-28T05:52:40Z,GOOG,2026-10-16,call,275.0,75.05,0.0,0.0,1.0000000000000003e-05,1.0,0,True,337.7099914550781
2026-08-28T05:52:40Z,GOOG,2026-10-16,call,280.0,59.92,0.0,0.0,1.0000000000000003e-05,2.0,0,True,337.7099914550781
2026-08-28T05:52:40Z,GOOG,2026-10-16,call,285.0,64.2,0.0,0.0,1.0000000000000003e-05,2.0,0,True,337.7099914550781
2026-08-28T05:52:40Z,GOOG,2026-10-16,call,290.0,50.5,0.0,0.0,1.0000000000000003e-05,2.0,0,True,337.7099914550781
2026-08-28T05:52:40Z,GOOG,2026-10-16,call,295.0,46.2,0.0,0.0,1.0000000000000003e-05,30.0,0,True,337.7099914550781
2026-08-28T05:52:40Z,GOOG,2026-10-16,call,300.0,41.15,0.0,0.0,1.0000000000000003e-05,14.0,0,True,337.7099914550781
2026-08-28T05:52:40Z,GOOG,2026-10-16,call,305.0,36.85,0.0,0.0,1.0000000000000003e-05,10.0,0,True,337.7099914550781
2026-08-28T05:52:40Z,GOOG,2026-10-16,call,310.0,35.15,0.0,0.0,1.0000000000000003e-05,5.0,0,True,337.7099914550781
2026-08-28T05:52:40Z,GOOG,2026-10-16,call,315.0,30.4,0.0,0.0,1.0000000000000003e-05,2.0,0,True,337.7099914550781
2026-08-28T05:52:40Z,GOOG,2026-10-16,call,320.0,25.7,0.0,0.0,1.0000000000000003e-05,32.0,0,True,337.7099914550781
2026-08-28T05:52:40Z,GOOG,2026-10-16,call,325.0,22.2,0.0,0.0,1.0000000000000003e-05,16.0,0,True,337.7099914550781
2026-08-28T05:52:40Z,GOOG,2026-10-16,call,330.0,19.1,0.0,0.0,1.0000000000000003e-05,126.0,0,True,337.7099914550781
2026-08-28T05:52:40Z,GOOG,2026-10-16,call,335.0,16.3,0.0,0.0,1.0000000000000003e-05,91.0,0,True,337.7099914550781
2026-08-28T05:52:40Z,GOOG,2026-10-16,call,340.0,13.75,0.0,0.0,0.0039162109375,332.0,0,False,337.7099914550781
2026-08-28T05:52:40Z,GOOG,2026-10-16,call,345.0,11.45,0.0,0.0,0.015634843750000002,353.0,0,False,337.7099914550781
2026-08-28T05:52:40Z,GOOG,2026-10-16,call,350.0,9.65,0.0,0.0,0.015634843750000002,404.0,0,False,337.7099914550781
2026-08-28T05:52:40Z,GOOG,2026-10-16,call,355.0,8.12,0.0,0.0,0.0312596875,325.0,0,False,337.7099914550781
2026-08-28T05:52:40Z,GOOG,2026-10-16,call,360.0,6.65,0.0,0.0,0.0312596875,558.0,0,False,337.7099914550781
2026-08-28T05:52:40Z,GOOG,2026-10-16,call,365.0,5.45,0.0,0.0,0.062509375,782.0,0,False,337.7099914550781
2026-08-28T05:52:40Z,GOOG,2026-10-16,call,370.0,4.45,0.0,0.0,0.062509375,596.0,0,False,337.7099914550781
2026-08-28T05:52:40Z,GOOG,2026-10-16,call,375.0,3.65,0.0,0.0,0.062509375,1484.0,0,False,337.7099914550781
2026-08-28T05:52:40Z,GOOG,2026-10-16,call,380.0,2.98,0.0,0.0,0.062509375,1252.0,0,False,337.7099914550781
2026-08-28T05:52:40Z,GOOG,2026-10-16,call,385.0,2.49,0.0,0.0,0.062509375,227.0,0,False,337.7099914550781
2026-08-28T05:52:40Z,GOOG,2026-10-16,call,390.0,2.05,0.0,0.0,0.062509375,368.0,0,False,337.7099914550781
2026-08-28T05:52:40Z,GOOG,2026-10-16,call,395.0,1.72,0.0,0.0,0.062509375,254.0,0,False,337.7099914550781
2026-08-28T05:52:40Z,GOOG,2026-10-16,call,400.0,1.44,0.0,0.0,0.12500875,836.0,0,False,337.7099914550781
2026-08-28T05:52:40Z,GOOG,2026-10-16,call,405.0,1.24,0.0,0.0,0.12500875,1407.0,0,False,337.7099914550781
2026-08-28T05:52:40Z,GOOG,2026-10-16,call,410.0,0.98,0.0,0.0,0.12500875,169.0,0,False,337.7099914550781
2026-08-28T05:52:40Z,GOOG,2026-10-16,call,415.0,0.83,0.0,0.0,0.12500875,300.0,0,False,337.7099914550781
2026-08-28T05:52:40Z,GOOG,2026-10-16,call,420.0,0.73,0.0,0.0,0.12500875,239.0,0,False,337.7099914550781
2026-08-28T05:52:40Z,GOOG,2026-10-16,call,425.0,0.65,0.0,0.0,0.12500875,13.0,0,False,337.7099914550781
2026-08-28T05:52:40Z,GOOG,2026-10-16,call,430.0,0.58,0.0,0.0,0.12500875,2.0,0,False,337.7099914550781
2026-08-28T05:52:40Z,GOOG,2026-10-16,call,435.0,0.48,0.0,0.0,0.12500875,2.0,0,False,337.7099914550781
2026-08-28T05:52:40Z,GOOG,2026-10-16,call,440.0,0.49,0.0,0.0,0.12500875,1.0,0,False,337.7099914550781
2026-08-28T05:52:40Z,GOOG,2026-10-16,call,445.0,0.38,0.0,0.0,0.12500875,1.0,0,False,337.7099914550781
2026-08-28T05:52:40Z,GOOG,2026-10-16,call,450.0,0.34,0.0,0.0,0.12500875,38.0,0,False,337.7099914550781
2026-08-28T05:52:40Z,GOOG,2026-10-16,call,460.0,0.25,0.0,0.0,0.12500875,15.0,0,False,337.7099914550781
2026-08-28T05:52:40Z,GOOG,2026-10-16,call,470.0,0.12,0.0,0.0,0.12500875,5.0,0,False,337.7099914550781
2026-08-28T05:52:40Z,GOOG,2026-10-16,call,480.0,0.22,0.0,0.0,0.2500075,9.0,0,False,337.7099914550781
2026-08-28T05:52:40Z,GOOG,2026-10-16,call,490.0,0.17,0.0,0.0,0.2500075,2.0,0,False,337.7099914550781
2026-08-28T05:52:40Z,GOOG,2026-10-16,call,500.0,0.15,0.0,0.0,0.2500075,2.0,0,False,337.7099914550781
2026-08-28T05:52:40Z,GOOG,2026-10-16,call,520.0,0.15,0.0,0.0,0.2500075,2.0,0,False,337.7099914550781
2026-08-28T05:52:40Z,GOOG,2026-10-16,call,540.0,0.07,0.0,0.0,0.2500075,6.0,0,False,337.7099914550781
2026-08-28T05:52:40Z,GOOG,2026-10-16,call,560.0,0.14,0.0,0.0,0.2500075,2.0,0,False,337.7099914550781
2026-08-28T05:52:40Z,GOOG,2026-10-16,call,580.0,0.01,0.0,0.0,0.2500075,5.0,0,False,337.7099914550781
2026-08-28T05:52:40Z,GOOG,2026-10-16,put,155.0,0.2,0.0,0.0,0.500005,16.0,0,False,337.7099914550781
2026-08-28T05:52:40Z,GOOG,2026-10-16,put,160.0,0.17,0.0,0.0,0.500005,4.0,0,False,337.7099914550781
2026-08-28T05:52:40Z,GOOG,2026-10-16,put,165.0,0.06,0.0,0.0,0.500005,2.0,0,False,337.7099914550781
2026-08-28T05:52:40Z,GOOG,2026-10-16,put,170.0,0.05,0.0,0.0,0.2500075,1.0,0,False,337.7099914550781
2026-08-28T05:52:40Z,GOOG,2026-10-16,put,175.0,0.03,0.0,0.0,0.2500075,6.0,0,False,337.7099914550781
2026-08-28T05:52:40Z,GOOG,2026-10-16,put,180.0,0.05,0.0,0.0,0.2500075,2.0,0,False,337.7099914550781
2026-08-28T05:52:40Z,GOOG,2026-10-16,put,185.0,0.06,0.0,0.0,0.2500075,2.0,0,False,337.7099914550781
2026-08-28T05:52:40Z,GOOG,2026-10-16,put,190.0,0.07,0.0,0.0,0.2500075,2.0,0,False,337.7099914550781
2026-08-28T05:52:40Z,GOOG,2026-10-16,put,195.0,0.06,0.0,0.0,0.2500075,6.0,0,False,337.7099914550781
2026-08-28T05:52:40Z,GOOG,2026-10-16,put,200.0,0.07,0.0,0.0,0.2500075,2.0,0,False,337.7099914550781
2026-08-28T05:52:40Z,GOOG,2026-10-16,put,205.0,0.07,0.0,0.0,0.2500075,2.0,0,False,337.7099914550781
2026-08-28T05:52:40Z,GOOG,2026-10-16,put,210.0,0.1,0.0,0.0,0.2500075,6.0,0,False,337.7099914550781
2026-08-28T05:52:40Z,GOOG,2026-10-16,put,215.0,0.08,0.0,0.0,0.2500075,2.0,0,False,337.7099914550781
2026-08-28T05:52:40Z,GOOG,2026-10-16,put,220.0,0.14,0.0,0.0,0.2500075,3.0,0,False,337.7099914550781
2026-08-28T05:52:40Z,GOOG,2026-10-16,put,225.0,0.14,0.0,0.0,0.2500075,4.0,0,False,337.7099914550781
2026-08-28T05:52:40Z,GOOG,2026-10-16,put,230.0,0.15,0.0,0.0,0.2500075,2.0,0,False,337.7099914550781
2026-08-28T05:52:40Z,GOOG,2026-10-16,put,235.0,0.1,0.0,0.0,0.2500075,2.0,0,False,337.7099914550781
2026-08-28T05:52:40Z,GOOG,2026-10-16,put,240.0,0.16,0.0,0.0,0.2500075,3.0,0,False,337.7099914550781
2026-08-28T05:52:40Z,GOOG,2026-10-16,put,245.0,0.22,0.0,0.0,0.12500875,2.0,0,False,337.7099914550781
2026-08-28T05:52:40Z,GOOG,2026-10-16,put,250.0,0.28,0.0,0.0,0.12500875,4.0,0,False,337.7099914550781
2026-08-28T05:52:40Z,GOOG,2026-10-16,put,255.0,0.38,0.0,0.0,0.12500875,4.0,0,False,337.7099914550781
2026-08-28T05:52:40Z,GOOG,2026-10-16,put,260.0,0.36,0.0,0.0,0.12500875,18.0,0,False,337.7099914550781
2026-08-28T05:52:40Z,GOOG,2026-10-16,put,265.0,0.44,0.0,0.0,0.12500875,23.0,0,False,337.7099914550781
2026-08-28T05:52:40Z,GOOG,2026-10-16,put,270.0,0.54,0.0,0.0,0.12500875,45.0,0,False,337.7099914550781
2026-08-28T05:52:40Z,GOOG,2026-10-16,put,275.0,0.75,0.0,0.0,0.12500875,18.0,0,False,337.7099914550781
2026-08-28T05:52:40Z,GOOG,2026-10-16,put,280.0,0.86,0.0,0.0,0.12500875,43.0,0,False,337.7099914550781
2026-08-28T05:52:40Z,GOOG,2026-10-16,put,285.0,1.08,0.0,0.0,0.12500875,38.0,0,False,337.7099914550781
2026-08-28T05:52:40Z,GOOG,2026-10-16,put,290.0,1.4,0.0,0.0,0.062509375,28.0,0,False,337.7099914550781
2026-08-28T05:52:40Z,GOOG,2026-10-16,put,295.0,1.85,0.0,0.0,0.062509375,1445.0,0,False,337.7099914550781
2026-08-28T05:52:40Z,GOOG,2026-10-16,put,300.0,2.26,0.0,0.0,0.062509375,288.0,0,False,337.7099914550781
2026-08-28T05:52:40Z,GOOG,2026-10-16,put,305.0,3.08,0.0,0.0,0.062509375,418.0,0,False,337.7099914550781
2026-08-28T05:52:40Z,GOOG,2026-10-16,put,310.0,3.95,0.0,0.0,0.062509375,491.0,0,False,337.7099914550781
2026-08-28T05:52:40Z,GOOG,2026-10-16,put,315.0,5.1,0.0,0.0,0.0312596875,82.0,0,False,337.7099914550781
2026-08-28T05:52:40Z,GOOG,2026-10-16,put,320.0,6.4,0.0,0.0,0.0312596875,1436.0,0,False,337.7099914550781
2026-08-28T05:52:40Z,GOOG,2026-10-16,put,325.0,8.05,0.0,0.0,0.0312596875,47.0,0,False,337.7099914550781
2026-08-28T05:52:40Z,GOOG,2026-10-16,put,330.0,9.9,0.0,0.0,0.015634843750000002,122.0,0,False,337.7099914550781
2026-08-28T05:52:40Z,GOOG,2026-10-16,put,335.0,12.0,0.0,0.0,0.007822421875,100.0,0,False,337.7099914550781
2026-08-28T05:52:40Z,GOOG,2026-10-16,put,340.0,14.39,0.0,0.0,1.0000000000000003e-05,48.0,0,True,337.7099914550781
2026-08-28T05:52:40Z,GOOG,2026-10-16,put,345.0,17.2,0.0,0.0,1.0000000000000003e-05,4.0,0,True,337.7099914550781
2026-08-28T05:52:40Z,GOOG,2026-10-16,put,350.0,20.19,0.0,0.0,1.0000000000000003e-05,5.0,0,True,337.7099914550781
2026-08-28T05:52:40Z,GOOG,2026-10-16,put,355.0,23.79,0.0,0.0,1.0000000000000003e-05,3.0,0,True,337.7099914550781
2026-08-28T05:52:40Z,GOOG,2026-10-16,put,360.0,27.26,0.0,0.0,1.0000000000000003e-05,4.0,0,True,337.7099914550781
2026-08-28T05:52:40Z,GOOG,2026-10-16,put,365.0,30.95,0.0,0.0,1.0000000000000003e-05,5.0,0,True,337.7099914550781
2026-08-28T05:52:40Z,GOOG,2026-10-16,put,370.0,35.45,0.0,0.0,1.0000000000000003e-05,8.0,0,True,337.7099914550781
2026-08-28T05:52:40Z,GOOG,2026-10-16,put,375.0,36.28,0.0,0.0,1.0000000000000003e-05,5.0,0,True,337.7099914550781
2026-08-28T05:52:40Z,GOOG,2026-10-16,put,380.0,44.15,0.0,0.0,1.0000000000000003e-05,1.0,0,True,337.7099914550781
2026-08-28T05:52:40Z,GOOG,2026-10-16,put,385.0,44.42,0.0,0.0,1.0000000000000003e-05,20.0,0,True,337.7099914550781
2026-08-28T05:52:40Z,GOOG,2026-10-16,put,390.0,53.15,0.0,0.0,1.0000000000000003e-05,60.0,0,True,337.7099914550781
2026-08-28T05:52:40Z,GOOG,2026-10-16,put,395.0,58.47,0.0,0.0,1.0000000000000003e-05,1.0,0,True,337.7099914550781
2026-08-28T05:52:40Z,GOOG,2026-10-16,put,400.0,62.8,0.0,0.0,1.0000000000000003e-05,51.0,0,True,337.7099914550781
2026-08-28T05:52:40Z,GOOG,2026-10-16,put,405.0,62.0,0.0,0.0,1.0000000000000003e-05,10.0,0,True,337.7099914550781
2026-08-28T05:52:40Z,GOOG,2026-10-16,put,410.0,71.18,0.0,0.0,1.0000000000000003e-05,4.0,0,True,337.7099914550781
2026-08-28T05:52:40Z,GOOG,2026-10-16,put,415.0,71.75,0.0,0.0,1.0000000000000003e-05,2.0,0,True,337.7099914550781
2026-08-28T05:52:40Z,GOOG,2026-10-16,put,420.0,80.53,0.0,0.0,1.0000000000000003e-05,8.0,0,True,337.7099914550781
2026-08-28T05:52:40Z,GOOG,2026-10-16,put,425.0,85.52,0.0,0.0,1.0000000000000003e-05,4.0,0,True,337.7099914550781
2026-08-28T05:52:40Z,GOOG,2026-10-16,put,430.0,87.6,83.4,87.1,1.0000000000000003e-05,20.0,0,True,337.7099914550781
2026-08-28T05:52:40Z,GOOG,2026-10-16,put,435.0,95.91,0.0,0.0,1.0000000000000003e-05,1.0,0,True,337.7099914550781
2026-08-28T05:52:40Z,GOOG,2026-10-16,put,440.0,97.48,0.0,0.0,1.0000000000000003e-05,1.0,0,True,337.7099914550781
2026-08-28T05:52:40Z,GOOG,2026-10-16,put,445.0,70.7,0.0,0.0,1.0000000000000003e-05,,0,True,337.7099914550781
2026-08-28T05:52:40Z,GOOG,2026-10-16,put,450.0,89.79,0.0,0.0,1.0000000000000003e-05,4.0,0,True,337.7099914550781
2026-08-28T05:52:40Z,GOOG,2026-10-16,put,460.0,81.95,99.8,102.4,1.0000000000000003e-05,,1,True,337.7099914550781
2026-08-28T05:52:40Z,GOOG,2026-10-16,put,470.0,88.31,100.75,102.5,1.0000000000000003e-05,,3,True,337.7099914550781
2026-08-28T05:52:40Z,GOOG,2026-10-16,put,520.0,136.45,157.2,160.55,1.0000000000000003e-05,,1,True,337.7099914550781
2026-08-28T05:52:40Z,GOOG,2026-10-16,put,540.0,184.75,193.4,197.05,1.0000000000000003e-05,,0,True,337.7099914550781
2026-08-28T05:52:40Z,GOOG,2026-10-16,put,560.0,205.0,213.35,216.3,1.0000000000000003e-05,,0,True,337.7099914550781
2026-08-28T05:52:40Z,GOOG,2026-11-20,call,200.0,144.03,0.0,0.0,1.0000000000000003e-05,9.0,0,True,337.7099914550781
2026-08-28T05:52:40Z,GOOG,2026-11-20,call,210.0,134.43,0.0,0.0,1.0000000000000003e-05,2.0,0,True,337.7099914550781
2026-08-28T05:52:40Z,GOOG,2026-11-20,call,220.0,119.9,0.0,0.0,1.0000000000000003e-05,8.0,0,True,337.7099914550781
2026-08-28T05:52:40Z,GOOG,2026-11-20,call,230.0,110.62,0.0,0.0,1.0000000000000003e-05,3.0,0,True,337.7099914550781
2026-08-28T05:52:40Z,GOOG,2026-11-20,call,240.0,101.9,0.0,0.0,1.0000000000000003e-05,3.0,0,True,337.7099914550781
2026-08-28T05:52:40Z,GOOG,2026-11-20,call,250.0,93.55,0.0,0.0,1.0000000000000003e-05,1.0,0,True,337.7099914550781
2026-08-28T05:52:40Z,GOOG,2026-11-20,call,260.0,90.75,0.0,0.0,1.0000000000000003e-05,1.0,0,True,337.7099914550781
2026-08-28T05:52:40Z,GOOG,2026-11-20,call,270.0,78.5,0.0,0.0,1.0000000000000003e-05,1.0,0,True,337.7099914550781
2026-08-28T05:52:40Z,GOOG,2026-11-20,call,280.0,65.22,0.0,0.0,1.0000000000000003e-05,1.0,0,True,337.7099914550781
2026-08-28T05:52:40Z,GOOG,2026-11-20,call,290.0,56.27,0.0,0.0,1.0000000000000003e-05,2.0,0,True,337.7099914550781
2026-08-28T05:52:40Z,GOOG,2026-11-20,call,295.0,52.16,0.0,0.0,1.0000000000000003e-05,12.0,0,True,337.7099914550781
2026-08-28T05:52:40Z,GOOG,2026-11-20,call,300.0,46.8,0.0,0.0,1.0000000000000003e-05,34.0,0,True,337.7099914550781
2026-08-28T05:52:40Z,GOOG,2026-11-20,call,305.0,42.69,0.0,0.0,1.0000000000000003e-05,1.0,0,True,337.7099914550781
2026-08-28T05:52:40Z,GOOG,2026-11-20,call,310.0,39.56,0.0,0.0,1.0000000000000003e-05,1.0,0,True,337.7099914550781
2026-08-28T05:52:40Z,GOOG,2026-11-20,call,315.0,35.94,0.0,0.0,1.0000000000000003e-05,1.0,0,True,337.7099914550781
2026-08-28T05:52:40Z,GOOG,2026-11-20,call,320.0,32.7,0.0,0.0,1.0000000000000003e-05,26.0,0,True,337.7099914550781
2026-08-28T05:52:40Z,GOOG,2026-11-20,call,325.0,30.24,0.0,0.0,1.0000000000000003e-05,11.0,0,True,337.7099914550781
2026-08-28T05:52:40Z,GOOG,2026-11-20,call,330.0,26.7,0.0,0.0,1.0000000000000003e-05,30.0,0,True,337.7099914550781
2026-08-28T05:52:40Z,GOOG,2026-11-20,call,335.0,24.1,0.0,0.0,1.0000000000000003e-05,40.0,0,True,337.7099914550781
2026-08-28T05:52:40Z,GOOG,2026-11-20,call,340.0,21.56,0.0,0.0,0.0039162109375,244.0,0,False,337.7099914550781
2026-08-28T05:52:40Z,GOOG,2026-11-20,call,345.0,19.3,0.0,0.0,0.007822421875,25.0,0,False,337.7099914550781
2026-08-28T05:52:40Z,GOOG,2026-11-20,call,350.0,17.21,0.0,0.0,0.015634843750000002,126.0,0,False,337.7099914550781
2026-08-28T05:52:40Z,GOOG,2026-11-20,call,355.0,15.38,0.0,0.0,0.0312596875,42.0,0,False,337.7099914550781
2026-08-28T05:52:40Z,GOOG,2026-11-20,call,360.0,13.47,0.0,0.0,0.0312596875,111.0,0,False,337.7099914550781
2026-08-28T05:52:40Z,GOOG,2026-11-20,call,365.0,11.88,0.0,0.0,0.0312596875,18.0,0,False,337.7099914550781
2026-08-28T05:52:40Z,GOOG,2026-11-20,call,370.0,10.57,0.0,0.0,0.0312596875,84.0,0,False,337.7099914550781
2026-08-28T05:52:40Z,GOOG,2026-11-20,call,375.0,9.5,0.0,0.0,0.062509375,25.0,0,False,337.7099914550781
2026-08-28T05:52:40Z,GOOG,2026-11-20,call,380.0,8.3,0.0,0.0,0.062509375,218.0,0,False,337.7099914550781
2026-08-28T05:52:40Z,GOOG,2026-11-20,call,385.0,7.22,0.0,0.0,0.062509375,29.0,0,False,337.7099914550781
2026-08-28T05:52:40Z,GOOG,2026-11-20,call,390.0,6.4,0.0,0.0,0.062509375,44.0,0,False,337.7099914550781
2026-08-28T05:52:40Z,GOOG,2026-11-20,call,400.0,4.99,0.0,0.0,0.062509375,653.0,0,False,337.7099914550781
2026-08-28T05:52:40Z,GOOG,2026-11-20,call,410.0,3.81,0.0,0.0,0.062509375,262.0,0,False,337.7099914550781
2026-08-28T05:52:40Z,GOOG,2026-11-20,call,420.0,3.04,0.0,0.0,0.12500875,71.0,0,False,337.7099914550781
2026-08-28T05:52:40Z,GOOG,2026-11-20,call,430.0,2.29,0.0,0.0,0.12500875,80.0,0,False,337.7099914550781
2026-08-28T05:52:40Z,GOOG,2026-11-20,call,440.0,1.87,0.0,0.0,0.12500875,60.0,0,False,337.7099914550781
2026-08-28T05:52:40Z,GOOG,2026-11-20,call,450.0,1.49,0.0,0.0,0.12500875,7.0,0,False,337.7099914550781
2026-08-28T05:52:40Z,GOOG,2026-11-20,call,460.0,1.15,0.0,0.0,0.12500875,1.0,0,False,337.7099914550781
2026-08-28T05:52:40Z,GOOG,2026-11-20,call,470.0,0.94,0.0,0.0,0.12500875,2.0,0,False,337.7099914550781
2026-08-28T05:52:40Z,GOOG,2026-11-20,call,480.0,0.8,0.0,0.0,0.12500875,2.0,0,False,337.7099914550781
2026-08-28T05:52:40Z,GOOG,2026-11-20,call,490.0,0.46,0.0,0.0,0.12500875,1.0,0,False,337.7099914550781
2026-08-28T05:52:40Z,GOOG,2026-11-20,call,500.0,0.65,0.0,0.0,0.12500875,26.0,0,False,337.7099914550781
2026-08-28T05:52:40Z,GOOG,2026-11-20,call,510.0,0.35,0.0,0.0,0.12500875,2.0,0,False,337.7099914550781
2026-08-28T05:52:40Z,GOOG,2026-11-20,call,520.0,0.42,0.0,0.0,0.12500875,3.0,0,False,337.7099914550781
2026-08-28T05:52:40Z,GOOG,2026-11-20,call,530.0,0.41,0.0,0.0,0.12500875,1.0,0,False,337.7099914550781
2026-08-28T05:52:40Z,GOOG,2026-11-20,call,540.0,0.55,0.0,0.0,0.2500075,1.0,0,False,337.7099914550781
2026-08-28T05:52:40Z,GOOG,2026-11-20,call,550.0,0.22,0.0,0.0,0.2500075,1.0,0,False,337.7099914550781
2026-08-28T05:52:40Z,GOOG,2026-11-20,call,560.0,0.29,0.0,0.0,0.2500075,1.0,0,False,337.7099914550781
2026-08-28T05:52:40Z,GOOG,2026-11-20,call,570.0,0.15,0.0,0.0,0.2500075,2.0,0,False,337.7099914550781
2026-08-28T05:52:40Z,GOOG,2026-11-20,call,580.0,0.46,0.0,0.0,0.2500075,2.0,0,False,337.7099914550781
2026-08-28T05:52:40Z,GOOG,2026-11-20,call,590.0,0.12,0.0,0.0,0.2500075,4.0,0,False,337.7099914550781
2026-08-28T05:52:40Z,GOOG,2026-11-20,put,200.0,0.17,0.0,0.0,0.2500075,7.0,0,False,337.7099914550781
2026-08-28T05:52:40Z,GOOG,2026-11-20,put,210.0,0.25,0.0,0.0,0.2500075,2.0,0,False,337.7099914550781
2026-08-28T05:52:40Z,GOOG,2026-11-20,put,220.0,0.34,0.0,0.0,0.12500875,2.0,0,False,337.7099914550781
2026-08-28T05:52:40Z,GOOG,2026-11-20,put,230.0,0.43,0.0,0.0,0.12500875,20.0,0,False,337.7099914550781
2026-08-28T05:52:40Z,GOOG,2026-11-20,put,240.0,0.66,0.0,0.0,0.12500875,30.0,0,False,337.7099914550781
2026-08-28T05:52:40Z,GOOG,2026-11-20,put,250.0,0.95,0.0,0.0,0.12500875,6.0,0,False,337.7099914550781
2026-08-28T05:52:40Z,GOOG,2026-11-20,put,260.0,1.38,0.0,0.0,0.12500875,19.0,0,False,337.7099914550781
2026-08-28T05:52:40Z,GOOG,2026-11-20,put,270.0,2.08,0.0,0.0,0.12500875,46.0,0,False,337.7099914550781
2026-08-28T05:52:40Z,GOOG,2026-11-20,put,280.0,2.97,0.0,0.0,0.062509375,71.0,0,False,337.7099914550781
2026-08-28T05:52:40Z,GOOG,2026-11-20,put,290.0,4.4,0.0,0.0,0.062509375,53.0,0,False,337.7099914550781
2026-08-28T05:52:40Z,GOOG,2026-11-20,put,295.0,5.4,0.0,0.0,0.062509375,11.0,0,False,337.7099914550781
2026-08-28T05:52:40Z,GOOG,2026-11-20,put,300.0,6.05,0.0,0.0,0.062509375,37.0,0,False,337.7099914550781
2026-08-28T05:52:40Z,GOOG,2026-11-20,put,305.0,7.45,0.0,0.0,0.062509375,122.0,0,False,337.7099914550781
2026-08-28T05:52:40Z,GOOG,2026-11-20,put,310.0,8.9,0.0,0.0,0.0312596875,60.0,0,False,337.7099914550781
2026-08-28T05:52:40Z,GOOG,2026-11-20,put,315.0,10.36,0.0,0.0,0.0312596875,19.0,0,False,337.7099914550781
2026-08-28T05:52:40Z,GOOG,2026-11-20,put,320.0,12.02,0.0,0.0,0.0312596875,202.0,0,False,337.7099914550781
2026-08-28T05:52:40Z,GOOG,2026-11-20,put,325.0,14.15,0.0,0.0,0.015634843750000002,35.0,0,False,337.7099914550781
2026-08-28T05:52:40Z,GOOG,2026-11-20,put,330.0,15.7,0.0,0.0,0.015634843750000002,72.0,0,False,337.7099914550781
2026-08-28T05:52:40Z,GOOG,2026-11-20,put,335.0,18.44,0.0,0.0,0.0039162109375,71.0,0,False,337.7099914550781
2026-08-28T05:52:40Z,GOOG,2026-11-20,put,340.0,20.11,0.0,0.0,1.0000000000000003e-05,32.0,0,True,337.7099914550781
2026-08-28T05:52:40Z,GOOG,2026-11-20,put,345.0,23.55,0.0,0.0,1.0000000000000003e-05,47.0,0,True,337.7099914550781
2026-08-28T05:52:40Z,GOOG,2026-11-20,put,350.0,26.56,0.0,0.0,1.0000000000000003e-05,9.0,0,True,337.7099914550781
2026-08-28T05:52:40Z,GOOG,2026-11-20,put,355.0,30.02,0.0,0.0,1.0000000000000003e-05,1.0,0,True,337.7099914550781
2026-08-28T05:52:40Z,GOOG,2026-11-20,put,360.0,33.25,0.0,0.0,1.0000000000000003e-05,1.0,0,True,337.7099914550781
2026-08-28T05:52:40Z,GOOG,2026-11-20,put,370.0,39.2,0.0,0.0,1.0000000000000003e-05,3.0,0,True,337.7099914550781
2026-08-28T05:52:40Z,GOOG,2026-11-20,put,375.0,41.37,0.0,0.0,1.0000000000000003e-05,3.0,0,True,337.7099914550781
2026-08-28T05:52:40Z,GOOG,2026-11-20,put,380.0,46.88,0.0,0.0,1.0000000000000003e-05,2.0,0,True,337.7099914550781
2026-08-28T05:52:40Z,GOOG,2026-11-20,put,385.0,50.9,0.0,0.0,1.0000000000000003e-05,24.0,0,True,337.7099914550781
2026-08-28T05:52:40Z,GOOG,2026-11-20,put,390.0,54.95,0.0,0.0,1.0000000000000003e-05,10.0,0,True,337.7099914550781
2026-08-28T05:52:40Z,GOOG,2026-11-20,put,400.0,64.23,0.0,0.0,1.0000000000000003e-05,12.0,0,True,337.7099914550781
2026-08-28T05:52:40Z,GOOG,2026-11-20,put,410.0,70.65,0.0,0.0,1.0000000000000003e-05,12.0,0,True,337.7099914550781
2026-08-28T05:52:40Z,GOOG,2026-11-20,put,420.0,78.95,0.0,0.0,1.0000000000000003e-05,2.0,0,True,337.7099914550781
2026-08-28T05:52:40Z,GOOG,2026-11-20,put,430.0,87.85,0.0,0.0,1.0000000000000003e-05,4.0,0,True,337.7099914550781
2026-08-28T05:52:40Z,GOOG,2026-11-20,put,440.0,94.91,0.0,0.0,1.0000000000000003e-05,1.0,0,True,337.7099914550781
2026-08-28T05:52:40Z,GOOG,2026-11-20,put,450.0,107.79,0.0,0.0,1.0000000000000003e-05,2.0,0,True,337.7099914550781
2026-08-28T05:52:40Z,GOOG,2026-11-20,put,540.0,189.8,193.2,197.0,1.0000000000000003e-05,,0,True,337.7099914550781
2026-08-28T05:52:40Z,GOOG,2026-12-18,call,75.0,263.45,0.0,0.0,1.0000000000000003e-05,50.0,0,True,337.7099914550781
2026-08-28T05:52:40Z,GOOG,2026-12-18,call,80.0,292.23,264.15,267.65,2.044194342651367,3.0,139,True,337.7099914550781
2026-08-28T05:52:40Z,GOOG,2026-12-18,call,85.0,279.32,0.0,0.0,1.0000000000000003e-05,1.0,0,True,337.7099914550781
2026-08-28T05:52:40Z,GOOG,2026-12-18,call,90.0,254.0,0.0,0.0,1.0000000000000003e-05,1.0,0,True,337.7099914550781
2026-08-28T05:52:40Z,GOOG,2026-12-18,call,95.0,235.0,0.0,0.0,1.0000000000000003e-05,1.0,0,True,337.7099914550781
2026-08-28T05:52:40Z,GOOG,2026-12-18,call,100.0,242.88,0.0,0.0,1.0000000000000003e-05,1.0,0,True,337.7099914550781
2026-08-28T05:52:40Z,GOOG,2026-12-18,call,105.0,250.77,239.55,243.0,1.69690092956543,2.0,52,True,337.7099914550781
2026-08-28T05:52:40Z,GOOG,2026-12-18,call,110.0,240.5,0.0,0.0,1.0000000000000003e-05,1.0,0,True,337.7099914550781
2026-08-28T05:52:40Z,GOOG,2026-12-18,call,115.0,240.21,0.0,0.0,1.0000000000000003e-05,1.0,0,True,337.7099914550781
2026-08-28T05:52:40Z,GOOG,2026-12-18,call,120.0,223.07,0.0,0.0,1.0000000000000003e-05,1.0,0,True,337.7099914550781
2026-08-28T05:52:40Z,GOOG,2026-12-18,call,125.0,214.2,0.0,0.0,1.0000000000000003e-05,2.0,0,True,337.7099914550781
2026-08-28T05:52:40Z,GOOG,2026-12-18,call,130.0,213.16,0.0,0.0,1.0000000000000003e-05,1.0,0,True,337.7099914550781
2026-08-28T05:52:40Z,GOOG,2026-12-18,call,135.0,209.63,0.0,0.0,1.0000000000000003e-05,1.0,0,True,337.7099914550781
2026-08-28T05:52:40Z,GOOG,2026-12-18,call,140.0,203.92,0.0,0.0,1.0000000000000003e-05,1.0,0,True,337.7099914550781
2026-08-28T05:52:40Z,GOOG,2026-12-18,call,145.0,213.0,200.1,203.45,1.2957188534545896,20.0,465,True,337.7099914550781
2026-08-28T05:52:40Z,GOOG,2026-12-18,call,150.0,192.7,0.0,0.0,1.0000000000000003e-05,17.0,0,True,337.7099914550781
2026-08-28T05:52:40Z,GOOG,2026-12-18,call,155.0,205.77,0.0,0.0,1.0000000000000003e-05,1.0,0,True,337.7099914550781
2026-08-28T05:52:40Z,GOOG,2026-12-18,call,160.0,180.14,0.0,0.0,1.0000000000000003e-05,1.0,0,True,337.7099914550781
2026-08-28T05:52:40Z,GOOG,2026-12-18,call,165.0,187.05,180.45,183.85,1.1421551681518554,10.0,272,True,337.7099914550781
2026-08-28T05:52:40Z,GOOG,2026-12-18,call,170.0,172.69,0.0,0.0,1.0000000000000003e-05,2.0,0,True,337.7099914550781
2026-08-28T05:52:40Z,GOOG,2026-12-18,call,175.0,168.82,0.0,0.0,1.0000000000000003e-05,1.0,0,True,337.7099914550781
2026-08-28T05:52:40Z,GOOG,2026-12-18,call,180.0,160.6,0.0,0.0,1.0000000000000003e-05,1.0,0,True,337.7099914550781
2026-08-28T05:52:40Z,GOOG,2026-12-18,call,185.0,155.38,0.0,0.0,1.0000000000000003e-05,3.0,0,True,337.7099914550781
2026-08-28T05:52:40Z,GOOG,2026-12-18,call,190.0,156.48,0.0,0.0,1.0000000000000003e-05,2.0,0,True,337.7099914550781
2026-08-28T05:52:40Z,GOOG,2026-12-18,call,195.0,145.72,0.0,0.0,1.0000000000000003e-05,2.0,0,True,337.7099914550781
2026-08-28T05:52:40Z,GOOG,2026-12-18,call,200.0,141.6,0.0,0.0,1.0000000000000003e-05,7.0,0,True,337.7099914550781
2026-08-28T05:52:40Z,GOOG,2026-12-18,call,205.0,135.64,0.0,0.0,1.0000000000000003e-05,1.0,0,True,337.7099914550781
2026-08-28T05:52:40Z,GOOG,2026-12-18,call,210.0,132.66,0.0,0.0,1.0000000000000003e-05,1.0,0,True,337.7099914550781
2026-08-28T05:52:40Z,GOOG,2026-12-18,call,215.0,129.44,0.0,0.0,1.0000000000000003e-05,4.0,0,True,337.7099914550781
2026-08-28T05:52:40Z,GOOG,2026-12-18,call,220.0,130.6,0.0,0.0,1.0000000000000003e-05,1.0,0,True,337.7099914550781
2026-08-28T05:52:40Z,GOOG,2026-12-18,call,225.0,119.67,0.0,0.0,1.0000000000000003e-05,1.0,0,True,337.7099914550781
2026-08-28T05:52:40Z,GOOG,2026-12-18,call,230.0,114.8,0.0,0.0,1.0000000000000003e-05,1.0,0,True,337.7099914550781
2026-08-28T05:52:40Z,GOOG,2026-12-18,call,235.0,103.63,0.0,0.0,1.0000000000000003e-05,400.0,0,True,337.7099914550781
2026-08-28T05:52:40Z,GOOG,2026-12-18,call,240.0,102.5,0.0,0.0,1.0000000000000003e-05,50.0,0,True,337.7099914550781
2026-08-28T05:52:40Z,GOOG,2026-12-18,call,245.0,102.9,0.0,0.0,1.0000000000000003e-05,10.0,0,True,337.7099914550781
2026-08-28T05:52:40Z,GOOG,2026-12-18,call,250.0,91.13,0.0,0.0,1.0000000000000003e-05,1.0,0,True,337.7099914550781
2026-08-28T05:52:40Z,GOOG,2026-12-18,call,255.0,93.51,0.0,0.0,1.0000000000000003e-05,1.0,0,True,337.7099914550781
2026-08-28T05:52:40Z,GOOG,2026-12-18,call,260.0,82.92,0.0,0.0,1.0000000000000003e-05,2.0,0,True,337.7099914550781
2026-08-28T05:52:40Z,GOOG,2026-12-18,call,265.0,78.52,0.0,0.0,1.0000000000000003e-05,2.0,0,True,337.7099914550781
2026-08-28T05:52:40Z,GOOG,2026-12-18,call,270.0,73.5,0.0,0.0,1.0000000000000003e-05,6.0,0,True,337.7099914550781
2026-08-28T05:52:40Z,GOOG,2026-12-18,call,275.0,70.51,0.0,0.0,1.0000000000000003e-05,1.0,0,True,337.7099914550781
2026-08-28T05:52:40Z,GOOG,2026-12-18,call,280.0,70.78,0.0,0.0,1.0000000000000003e-05,2.0,0,True,337.7099914550781
2026-08-28T05:52:40Z,GOOG,2026-12-18,call,285.0,60.69,0.0,0.0,1.0000000000000003e-05,2.0,0,True,337.7099914550781
2026-08-28T05:52:40Z,GOOG,2026-12-18,call,290.0,57.6,0.0,0.0,1.0000000000000003e-05,14.0,0,True,337.7099914550781
2026-08-28T05:52:40Z,GOOG,2026-12-18,call,295.0,58.69,0.0,0.0,1.0000000000000003e-05,76.0,0,True,337.7099914550781
2026-08-28T05:52:40Z,GOOG,2026-12-18,call,300.0,49.2,0.0,0.0,1.0000000000000003e-05,6.0,0,True,337.7099914550781
2026-08-28T05:52:40Z,GOOG,2026-12-18,call,305.0,47.91,0.0,0.0,1.0000000000000003e-05,1.0,0,True,337.7099914550781
2026-08-28T05:52:40Z,GOOG,2026-12-18,call,310.0,42.0,0.0,0.0,1.0000000000000003e-05,5.0,0,True,337.7099914550781
2026-08-28T05:52:40Z,GOOG,2026-12-18,call,315.0,40.65,0.0,0.0,1.0000000000000003e-05,5.0,0,True,337.7099914550781
2026-08-28T05:52:40Z,GOOG,2026-12-18,call,320.0,35.99,0.0,0.0,1.0000000000000003e-05,6.0,0,True,337.7099914550781
2026-08-28T05:52:40Z,GOOG,2026-12-18,call,325.0,32.97,0.0,0.0,1.0000000000000003e-05,4.0,0,True,337.7099914550781
2026-08-28T05:52:40Z,GOOG,2026-12-18,call,330.0,30.0,0.0,0.0,1.0000000000000003e-05,4.0,0,True,337.7099914550781
2026-08-28T05:52:40Z,GOOG,2026-12-18,call,335.0,27.3,0.0,0.0,1.0000000000000003e-05,20.0,0,True,337.7099914550781
2026-08-28T05:52:40Z,GOOG,2026-12-18,call,340.0,24.85,0.0,0.0,0.0039162109375,63.0,0,False,337.7099914550781
2026-08-28T05:52:40Z,GOOG,2026-12-18,call,345.0,22.25,0.0,0.0,0.007822421875,16.0,0,False,337.7099914550781
2026-08-28T05:52:40Z,GOOG,2026-12-18,call,350.0,20.4,0.0,0.0,0.015634843750000002,273.0,0,False,337.7099914550781
2026-08-28T05:52:40Z,GOOG,2026-12-18,call,355.0,18.35,0.0,0.0,0.015634843750000002,18.0,0,False,337.7099914550781
2026-08-28T05:52:40Z,GOOG,2026-12-18,call,360.0,16.65,0.0,0.0,0.0312596875,187.0,0,False,337.7099914550781
2026-08-28T05:52:40Z,GOOG,2026-12-18,call,365.0,14.89,0.0,0.0,0.0312596875,39.0,0,False,337.7099914550781
2026-08-28T05:52:40Z,GOOG,2026-12-18,call,370.0,13.41,0.0,0.0,0.0312596875,84.0,0,False,337.7099914550781
2026-08-28T05:52:40Z,GOOG,2026-12-18,call,375.0,11.99,0.0,0.0,0.0312596875,312.0,0,False,337.7099914550781
2026-08-28T05:52:40Z,GOOG,2026-12-18,call,380.0,10.82,0.0,0.0,0.0312596875,22.0,0,False,337.7099914550781
2026-08-28T05:52:40Z,GOOG,2026-12-18,call,385.0,9.65,0.0,0.0,0.062509375,38.0,0,False,337.7099914550781
2026-08-28T05:52:40Z,GOOG,2026-12-18,call,390.0,8.7,0.0,0.0,0.062509375,102.0,0,False,337.7099914550781
2026-08-28T05:52:40Z,GOOG,2026-12-18,call,395.0,7.74,0.0,0.0,0.062509375,105.0,0,False,337.7099914550781
2026-08-28T05:52:40Z,GOOG,2026-12-18,call,400.0,6.9,0.0,0.0,0.062509375,101.0,0,False,337.7099914550781
2026-08-28T05:52:40Z,GOOG,2026-12-18,call,405.0,6.2,0.0,0.0,0.062509375,42.0,0,False,337.7099914550781
2026-08-28T05:52:40Z,GOOG,2026-12-18,call,410.0,5.6,0.0,0.0,0.062509375,22.0,0,False,337.7099914550781
2026-08-28T05:52:40Z,GOOG,2026-12-18,call,415.0,5.05,0.0,0.0,0.062509375,1.0,0,False,337.7099914550781
2026-08-28T05:52:40Z,GOOG,2026-12-18,call,420.0,4.5,0.0,0.0,0.062509375,106.0,0,False,337.7099914550781
2026-08-28T05:52:40Z,GOOG,2026-12-18,call,425.0,4.0,0.0,0.0,0.062509375,31.0,0,False,337.7099914550781
2026-08-28T05:52:40Z,GOOG,2026-12-18,call,430.0,3.6,0.0,0.0,0.062509375,14.0,0,False,337.7099914550781
2026-08-28T05:52:40Z,GOOG,2026-12-18,call,440.0,2.96,0.0,0.0,0.12500875,3.0,0,False,337.7099914550781
2026-08-28T05:52:40Z,GOOG,2026-12-18,call,450.0,2.36,0.0,0.0,0.12500875,103.0,0,False,337.7099914550781
2026-08-28T05:52:40Z,GOOG,2026-12-18,call,460.0,1.9,0.0,0.0,0.12500875,101.0,0,False,337.7099914550781
2026-08-28T05:52:40Z,GOOG,2026-12-18,call,470.0,1.64,0.0,0.0,0.12500875,10.0,0,False,337.7099914550781
2026-08-28T05:52:40Z,GOOG,2026-12-18,call,480.0,1.32,0.0,0.0,0.12500875,68.0,0,False,337.7099914550781
2026-08-28T05:52:40Z,GOOG,2026-12-18,call,490.0,1.1,0.0,0.0,0.12500875,14.0,0,False,337.7099914550781
2026-08-28T05:52:40Z,GOOG,2026-12-18,call,500.0,0.9,0.0,0.0,0.12500875,7.0,0,False,337.7099914550781
2026-08-28T05:52:40Z,GOOG,2026-12-18,call,520.0,0.71,0.0,0.0,0.12500875,1.0,0,False,337.7099914550781
2026-08-28T05:52:40Z,GOOG,2026-12-18,call,540.0,0.47,0.0,0.0,0.12500875,3.0,0,False,337.7099914550781
2026-08-28T05:52:40Z,GOOG,2026-12-18,call,560.0,0.42,0.0,0.0,0.12500875,2.0,0,False,337.7099914550781
2026-08-28T05:52:40Z,GOOG,2026-12-18,call,580.0,0.29,0.0,0.0,0.2500075,3.0,0,False,337.7099914550781
2026-08-28T05:52:40Z,GOOG,2026-12-18,put,75.0,0.01,0.0,0.0,0.500005,10.0,0,False,337.7099914550781
2026-08-28T05:52:40Z,GOOG,2026-12-18,put,80.0,0.07,0.0,0.31,1.015629921875,6.0,225,False,337.7099914550781
2026-08-28T05:52:40Z,GOOG,2026-12-18,put,85.0,0.08,0.0,0.3,0.9707034179687499,2.0,337,False,337.7099914550781
2026-08-28T05:52:40Z,GOOG,2026-12-18,put,90.0,0.08,0.0,0.0,0.500005,4.0,0,False,337.7099914550781
2026-08-28T05:52:40Z,GOOG,2026-12-18,put,95.0,0.16,0.0,0.0,0.500005,2.0,0,False,337.7099914550781
2026-08-28T05:52:40Z,GOOG,2026-12-18,put,100.0,0.07,0.0,0.0,0.500005,2.0,0,False,337.7099914550781
2026-08-28T05:52:40Z,GOOG,2026-12-18,put,105.0,0.05,0.0,0.0,0.500005,2.0,0,False,337.7099914550781
2026-08-28T05:52:40Z,GOOG,2026-12-18,put,110.0,0.03,0.0,0.0,0.500005,4.0,0,False,337.7099914550781
2026-08-28T05:52:40Z,GOOG,2026-12-18,put,115.0,0.08,0.0,0.0,0.500005,2.0,0,False,337.7099914550781
2026-08-28T05:52:40Z,GOOG,2026-12-18,put,120.0,0.07,0.0,0.0,0.2500075,2.0,0,False,337.7099914550781
2026-08-28T05:52:40Z,GOOG,2026-12-18,put,125.0,0.09,0.0,0.0,0.2500075,2.0,0,False,337.7099914550781
2026-08-28T05:52:40Z,GOOG,2026-12-18,put,130.0,0.08,0.0,0.0,0.2500075,2.0,0,False,337.7099914550781
2026-08-28T05:52:40Z,GOOG,2026-12-18,put,135.0,0.09,0.0,0.0,0.2500075,2.0,0,False,337.7099914550781
2026-08-28T05:52:40Z,GOOG,2026-12-18,put,140.0,0.08,0.0,0.0,0.2500075,2.0,0,False,337.7099914550781
2026-08-28T05:52:40Z,GOOG,2026-12-18,put,145.0,0.1,0.0,0.0,0.2500075,2.0,0,False,337.7099914550781
2026-08-28T05:52:40Z,GOOG,2026-12-18,put,150.0,0.1,0.0,0.0,0.2500075,2.0,0,False,337.7099914550781
2026-08-28T05:52:40Z,GOOG,2026-12-18,put,155.0,0.1,0.0,0.0,0.2500075,2.0,0,False,337.7099914550781
2026-08-28T05:52:40Z,GOOG,2026-12-18,put,160.0,0.1,0.0,0.0,0.2500075,4.0,0,False,337.7099914550781
2026-08-28T05:52:40Z,GOOG,2026-12-18,put,165.0,0.11,0.0,0.0,0.2500075,4.0,0,False,337.7099914550781
2026-08-28T05:52:40Z,GOOG,2026-12-18,put,170.0,0.11,0.0,0.0,0.2500075,5.0,0,False,337.7099914550781
2026-08-28T05:52:40Z,GOOG,2026-12-18,put,175.0,0.16,0.0,0.0,0.2500075,2.0,0,False,337.7099914550781
2026-08-28T05:52:40Z,GOOG,2026-12-18,put,180.0,0.18,0.0,0.0,0.2500075,18.0,0,False,337.7099914550781
2026-08-28T05:52:40Z,GOOG,2026-12-18,put,185.0,0.19,0.0,0.0,0.2500075,16.0,0,False,337.7099914550781
2026-08-28T05:52:40Z,GOOG,2026-12-18,put,190.0,0.26,0.0,0.0,0.2500075,54.0,0,False,337.7099914550781
2026-08-28T05:52:40Z,GOOG,2026-12-18,put,195.0,0.32,0.0,0.0,0.2500075,86.0,0,False,337.7099914550781
2026-08-28T05:52:40Z,GOOG,2026-12-18,put,200.0,0.42,0.0,0.0,0.2500075,37.0,0,False,337.7099914550781
2026-08-28T05:52:40Z,GOOG,2026-12-18,put,205.0,0.32,0.0,0.0,0.12500875,7.0,0,False,337.7099914550781
2026-08-28T05:52:40Z,GOOG,2026-12-18,put,210.0,0.49,0.0,0.0,0.12500875,1.0,0,False,337.7099914550781
2026-08-28T05:52:40Z,GOOG,2026-12-18,put,215.0,0.51,0.0,0.0,0.12500875,20.0,0,False,337.7099914550781
2026-08-28T05:52:40Z,GOOG,2026-12-18,put,220.0,0.51,0.0,0.0,0.12500875,2.0,0,False,337.7099914550781
2026-08-28T05:52:40Z,GOOG,2026-12-18,put,225.0,0.57,0.0,0.0,0.12500875,3.0,0,False,337.7099914550781
2026-08-28T05:52:40Z,GOOG,2026-12-18,put,230.0,0.87,0.0,0.0,0.12500875,13.0,0,False,337.7099914550781
2026-08-28T05:52:40Z,GOOG,2026-12-18,put,235.0,0.9,0.0,0.0,0.12500875,2.0,0,False,337.7099914550781
2026-08-28T05:52:40Z,GOOG,2026-12-18,put,240.0,1.03,0.0,0.0,0.12500875,2.0,0,False,337.7099914550781
2026-08-28T05:52:40Z,GOOG,2026-12-18,put,245.0,1.18,0.0,0.0,0.12500875,170.0,0,False,337.7099914550781
2026-08-28T05:52:40Z,GOOG,2026-12-18,put,250.0,1.44,0.0,0.0,0.12500875,7.0,0,False,337.7099914550781
2026-08-28T05:52:40Z,GOOG,2026-12-18,put,255.0,1.69,0.0,0.0,0.12500875,1.0,0,False,337.7099914550781
2026-08-28T05:52:40Z,GOOG,2026-12-18,put,260.0,2.0,0.0,0.0,0.12500875,5.0,0,False,337.7099914550781
2026-08-28T05:52:40Z,GOOG,2026-12-18,put,265.0,2.5,0.0,0.0,0.062509375,165.0,0,False,337.7099914550781
2026-08-28T05:52:40Z,GOOG,2026-12-18,put,270.0,2.97,0.0,0.0,0.062509375,183.0,0,False,337.7099914550781
2026-08-28T05:52:40Z,GOOG,2026-12-18,put,275.0,3.5,0.0,0.0,0.062509375,19.0,0,False,337.7099914550781
2026-08-28T05:52:40Z,GOOG,2026-12-18,put,280.0,4.25,0.0,0.0,0.062509375,33.0,0,False,337.7099914550781
2026-08-28T05:52:40Z,GOOG,2026-12-18,put,285.0,4.88,0.0,0.0,0.062509375,21.0,0,False,337.7099914550781
2026-08-28T05:52:40Z,GOOG,2026-12-18,put,290.0,5.75,0.0,0.0,0.062509375,12.0,0,False,337.7099914550781
2026-08-28T05:52:40Z,GOOG,2026-12-18,put,295.0,6.85,0.0,0.0,0.062509375,11.0,0,False,337.7099914550781
2026-08-28T05:52:40Z,GOOG,2026-12-18,put,300.0,8.0,0.0,0.0,0.062509375,37.0,0,False,337.7099914550781
2026-08-28T05:52:40Z,GOOG,2026-12-18,put,305.0,9.1,0.0,0.0,0.0312596875,56.0,0,False,337.7099914550781
2026-08-28T05:52:40Z,GOOG,2026-12-18,put,310.0,10.65,0.0,0.0,0.0312596875,14.0,0,False,337.7099914550781
2026-08-28T05:52:40Z,GOOG,2026-12-18,put,315.0,12.4,0.0,0.0,0.0312596875,22.0,0,False,337.7099914550781
2026-08-28T05:52:40Z,GOOG,2026-12-18,put,320.0,14.2,0.0,0.0,0.015634843750000002,131.0,0,False,337.7099914550781
2026-08-28T05:52:40Z,GOOG,2026-12-18,put,325.0,16.0,0.0,0.0,0.015634843750000002,14.0,0,False,337.7099914550781
2026-08-28T05:52:40Z,GOOG,2026-12-18,put,330.0,18.4,0.0,0.0,0.007822421875,31.0,0,False,337.7099914550781
2026-08-28T05:52:40Z,GOOG,2026-12-18,put,335.0,20.7,0.0,0.0,0.0039162109375,20.0,0,False,337.7099914550781
2026-08-28T05:52:40Z,GOOG,2026-12-18,put,340.0,23.15,0.0,0.0,1.0000000000000003e-05,12.0,0,True,337.7099914550781
2026-08-28T05:52:40Z,GOOG,2026-12-18,put,345.0,25.75,0.0,0.0,1.0000000000000003e-05,4.0,0,True,337.7099914550781
2026-08-28T05:52:40Z,GOOG,2026-12-18,put,350.0,28.8,0.0,0.0,1.0000000000000003e-05,19.0,0,True,337.7099914550781
2026-08-28T05:52:40Z,GOOG,2026-12-18,put,355.0,31.66,0.0,0.0,1.0000000000000003e-05,4.0,0,True,337.7099914550781
2026-08-28T05:52:40Z,GOOG,2026-12-18,put,360.0,34.75,0.0,0.0,1.0000000000000003e-05,1.0,0,True,337.7099914550781
2026-08-28T05:52:40Z,GOOG,2026-12-18,put,365.0,37.8,0.0,0.0,1.0000000000000003e-05,1.0,0,True,337.7099914550781
2026-08-28T05:52:40Z,GOOG,2026-12-18,put,370.0,38.0,0.0,0.0,1.0000000000000003e-05,1.0,0,True,337.7099914550781
2026-08-28T05:52:40Z,GOOG,2026-12-18,put,375.0,45.27,0.0,0.0,1.0000000000000003e-05,25.0,0,True,337.7099914550781
2026-08-28T05:52:40Z,GOOG,2026-12-18,put,380.0,49.15,0.0,0.0,1.0000000000000003e-05,2.0,0,True,337.7099914550781
2026-08-28T05:52:40Z,GOOG,2026-12-18,put,385.0,42.5,0.0,0.0,1.0000000000000003e-05,2.0,0,True,337.7099914550781
2026-08-28T05:52:40Z,GOOG,2026-12-18,put,390.0,56.0,0.0,0.0,1.0000000000000003e-05,1.0,0,True,337.7099914550781
2026-08-28T05:52:40Z,GOOG,2026-12-18,put,395.0,52.35,0.0,0.0,1.0000000000000003e-05,76.0,0,True,337.7099914550781
2026-08-28T05:52:40Z,GOOG,2026-12-18,put,400.0,66.0,0.0,0.0,1.0000000000000003e-05,3.0,0,True,337.7099914550781
2026-08-28T05:52:40Z,GOOG,2026-12-18,put,405.0,47.8,0.0,0.0,1.0000000000000003e-05,7.0,0,True,337.7099914550781
2026-08-28T05:52:40Z,GOOG,2026-12-18,put,410.0,63.35,0.0,0.0,1.0000000000000003e-05,3.0,0,True,337.7099914550781
2026-08-28T05:52:40Z,GOOG,2026-12-18,put,415.0,67.55,0.0,0.0,1.0000000000000003e-05,19.0,0,True,337.7099914550781
2026-08-28T05:52:40Z,GOOG,2026-12-18,put,420.0,79.85,0.0,0.0,1.0000000000000003e-05,20.0,0,True,337.7099914550781
2026-08-28T05:52:40Z,GOOG,2026-12-18,put,425.0,84.95,0.0,0.0,1.0000000000000003e-05,61.0,0,True,337.7099914550781
2026-08-28T05:52:40Z,GOOG,2026-12-18,put,430.0,87.45,0.0,0.0,1.0000000000000003e-05,2.0,0,True,337.7099914550781
2026-08-28T05:52:40Z,GOOG,2026-12-18,put,440.0,102.36,0.0,0.0,1.0000000000000003e-05,1.0,0,True,337.7099914550781
2026-08-28T05:52:40Z,GOOG,2026-12-18,put,450.0,112.36,0.0,0.0,1.0000000000000003e-05,2.0,0,True,337.7099914550781
2026-08-28T05:52:40Z,GOOG,2026-12-18,put,460.0,140.94,114.25,117.0,1.0000000000000003e-05,1.0,0,True,337.7099914550781
2026-08-28T05:52:40Z,GOOG,2026-12-18,put,470.0,129.15,0.0,0.0,1.0000000000000003e-05,1.0,0,True,337.7099914550781
2026-08-28T05:52:40Z,GOOG,2026-12-18,put,480.0,158.9,133.2,136.8,1.0000000000000003e-05,94.0,0,True,337.7099914550781
2026-08-28T05:52:40Z,GOOG,2026-12-18,put,490.0,189.25,0.0,0.0,1.0000000000000003e-05,1.0,0,True,337.7099914550781
2026-08-28T05:52:40Z,GOOG,2026-12-18,put,500.0,156.0,0.0,0.0,1.0000000000000003e-05,1.0,0,True,337.7099914550781
2026-08-28T05:52:40Z,GOOG,2026-12-18,put,560.0,169.25,188.15,190.95,1.0000000000000003e-05,,0,True,337.7099914550781
2026-08-28T05:52:40Z,GOOG,2027-01-15,call,75.0,282.6,0.0,0.0,1.0000000000000003e-05,5.0,0,True,337.7099914550781
2026-08-28T05:52:40Z,GOOG,2027-01-15,call,80.0,202.82,0.0,0.0,1.0000000000000003e-05,1.0,0,True,337.7099914550781
2026-08-28T05:52:40Z,GOOG,2027-01-15,call,85.0,273.67,259.6,263.15,1.7836924877929685,1.0,115,True,337.7099914550781
2026-08-28T05:52:40Z,GOOG,2027-01-15,call,90.0,284.5,0.0,0.0,1.0000000000000003e-05,2.0,0,True,337.7099914550781
2026-08-28T05:52:40Z,GOOG,2027-01-15,call,95.0,250.8,0.0,0.0,1.0000000000000003e-05,1.0,0,True,337.7099914550781
2026-08-28T05:52:40Z,GOOG,2027-01-15,call,100.0,239.2,0.0,0.0,1.0000000000000003e-05,2.0,0,True,337.7099914550781
2026-08-28T05:52:40Z,GOOG,2027-01-15,call,105.0,241.0,0.0,0.0,1.0000000000000003e-05,1.0,0,True,337.7099914550781
2026-08-28T05:52:40Z,GOOG,2027-01-15,call,110.0,232.17,235.1,238.5,1.489138296508789,1.0,156,True,337.7099914550781
2026-08-28T05:52:40Z,GOOG,2027-01-15,call,115.0,219.0,279.1,282.95,3.2686785861206054,3.0,87,True,337.7099914550781
2026-08-28T05:52:40Z,GOOG,2027-01-15,call,120.0,223.95,0.0,0.0,1.0000000000000003e-05,3.0,0,True,337.7099914550781
2026-08-28T05:52:40Z,GOOG,2027-01-15,call,125.0,233.35,220.35,223.95,1.3510164285278319,2.0,95,True,337.7099914550781
2026-08-28T05:52:40Z,GOOG,2027-01-15,call,130.0,221.35,0.0,0.0,1.0000000000000003e-05,1.0,0,True,337.7099914550781
2026-08-28T05:52:40Z,GOOG,2027-01-15,call,135.0,213.77,0.0,0.0,1.0000000000000003e-05,1.0,0,True,337.7099914550781
2026-08-28T05:52:40Z,GOOG,2027-01-15,call,140.0,215.0,0.0,0.0,1.0000000000000003e-05,1.0,0,True,337.7099914550781
2026-08-28T05:52:40Z,GOOG,2027-01-15,call,145.0,214.2,200.6,204.2,1.1837809365844727,1.0,139,True,337.7099914550781
2026-08-28T05:52:40Z,GOOG,2027-01-15,call,150.0,197.7,0.0,0.0,1.0000000000000003e-05,2.0,0,True,337.7099914550781
2026-08-28T05:52:40Z,GOOG,2027-01-15,call,155.0,194.17,0.0,0.0,1.0000000000000003e-05,1.0,0,True,337.7099914550781
2026-08-28T05:52:40Z,GOOG,2027-01-15,call,160.0,186.55,0.0,0.0,1.0000000000000003e-05,2.0,0,True,337.7099914550781
2026-08-28T05:52:40Z,GOOG,2027-01-15,call,165.0,176.4,0.0,0.0,1.0000000000000003e-05,1.0,0,True,337.7099914550781
2026-08-28T05:52:40Z,GOOG,2027-01-15,call,170.0,170.05,0.0,0.0,1.0000000000000003e-05,1.0,0,True,337.7099914550781
2026-08-28T05:52:40Z,GOOG,2027-01-15,call,175.0,173.95,0.0,0.0,1.0000000000000003e-05,9.0,0,True,337.7099914550781
2026-08-28T05:52:40Z,GOOG,2027-01-15,call,180.0,160.9,0.0,0.0,1.0000000000000003e-05,1.0,0,True,337.7099914550781
2026-08-28T05:52:40Z,GOOG,2027-01-15,call,185.0,164.2,0.0,0.0,1.0000000000000003e-05,9.0,0,True,337.7099914550781
2026-08-28T05:52:40Z,GOOG,2027-01-15,call,190.0,151.81,0.0,0.0,1.0000000000000003e-05,5.0,0,True,337.7099914550781
2026-08-28T05:52:40Z,GOOG,2027-01-15,call,195.0,152.0,0.0,0.0,1.0000000000000003e-05,1.0,0,True,337.7099914550781
2026-08-28T05:52:40Z,GOOG,2027-01-15,call,200.0,142.82,0.0,0.0,1.0000000000000003e-05,1.0,0,True,337.7099914550781
2026-08-28T05:52:40Z,GOOG,2027-01-15,call,205.0,141.2,0.0,0.0,1.0000000000000003e-05,1.0,0,True,337.7099914550781
2026-08-28T05:52:40Z,GOOG,2027-01-15,call,210.0,134.64,0.0,0.0,1.0000000000000003e-05,2.0,0,True,337.7099914550781
2026-08-28T05:52:40Z,GOOG,2027-01-15,call,215.0,132.7,0.0,0.0,1.0000000000000003e-05,2.0,0,True,337.7099914550781
2026-08-28T05:52:40Z,GOOG,2027-01-15,call,220.0,120.82,0.0,0.0,1.0000000000000003e-05,2.0,0,True,337.7099914550781
2026-08-28T05:52:40Z,GOOG,2027-01-15,call,225.0,129.0,0.0,0.0,1.0000000000000003e-05,1.0,0,True,337.7099914550781
2026-08-28T05:52:40Z,GOOG,2027-01-15,call,230.0,121.32,0.0,0.0,1.0000000000000003e-05,1.0,0,True,337.7099914550781
2026-08-28T05:52:40Z,GOOG,2027-01-15,call,235.0,108.0,0.0,0.0,1.0000000000000003e-05,13.0,0,True,337.7099914550781
2026-08-28T05:52:40Z,GOOG,2027-01-15,call,240.0,104.44,0.0,0.0,1.0000000000000003e-05,5.0,0,True,337.7099914550781
2026-08-28T05:52:40Z,GOOG,2027-01-15,call,245.0,107.88,0.0,0.0,1.0000000000000003e-05,1.0,0,True,337.7099914550781
2026-08-28T05:52:40Z,GOOG,2027-01-15,call,250.0,94.3,0.0,0.0,1.0000000000000003e-05,5.0,0,True,337.7099914550781
2026-08-28T05:52:40Z,GOOG,2027-01-15,call,255.0,96.75,0.0,0.0,1.0000000000000003e-05,3.0,0,True,337.7099914550781
2026-08-28T05:52:40Z,GOOG,2027-01-15,call,260.0,85.8,0.0,0.0,1.0000000000000003e-05,88.0,0,True,337.7099914550781
2026-08-28T05:52:40Z,GOOG,2027-01-15,call,265.0,85.45,0.0,0.0,1.0000000000000003e-05,11.0,0,True,337.7099914550781
2026-08-28T05:52:40Z,GOOG,2027-01-15,call,270.0,82.3,0.0,0.0,1.0000000000000003e-05,7.0,0,True,337.7099914550781
2026-08-28T05:52:40Z,GOOG,2027-01-15,call,275.0,77.6,0.0,0.0,1.0000000000000003e-05,2.0,0,True,337.7099914550781
2026-08-28T05:52:40Z,GOOG,2027-01-15,call,280.0,67.9,0.0,0.0,1.0000000000000003e-05,87.0,0,True,337.7099914550781
2026-08-28T05:52:40Z,GOOG,2027-01-15,call,285.0,63.99,0.0,0.0,1.0000000000000003e-05,1.0,0,True,337.7099914550781
2026-08-28T05:52:40Z,GOOG,2027-01-15,call,290.0,59.45,0.0,0.0,1.0000000000000003e-05,39.0,0,True,337.7099914550781
2026-08-28T05:52:40Z,GOOG,2027-01-15,call,295.0,60.63,0.0,0.0,1.0000000000000003e-05,1.0,0,True,337.7099914550781
2026-08-28T05:52:40Z,GOOG,2027-01-15,call,300.0,51.7,0.0,0.0,1.0000000000000003e-05,13.0,0,True,337.7099914550781
2026-08-28T05:52:40Z,GOOG,2027-01-15,call,305.0,48.45,0.0,0.0,1.0000000000000003e-05,18.0,0,True,337.7099914550781
2026-08-28T05:52:40Z,GOOG,2027-01-15,call,310.0,45.33,0.0,0.0,1.0000000000000003e-05,11.0,0,True,337.7099914550781
2026-08-28T05:52:40Z,GOOG,2027-01-15,call,315.0,42.96,0.0,0.0,1.0000000000000003e-05,26.0,0,True,337.7099914550781
2026-08-28T05:52:40Z,GOOG,2027-01-15,call,320.0,38.85,0.0,0.0,1.0000000000000003e-05,8.0,0,True,337.7099914550781
2026-08-28T05:52:40Z,GOOG,2027-01-15,call,325.0,36.1,0.0,0.0,1.0000000000000003e-05,11.0,0,True,337.7099914550781
2026-08-28T05:52:40Z,GOOG,2027-01-15,call,330.0,33.55,0.0,0.0,1.0000000000000003e-05,13.0,0,True,337.7099914550781
2026-08-28T05:52:40Z,GOOG,2027-01-15,call,335.0,30.5,0.0,0.0,1.0000000000000003e-05,33.0,0,True,337.7099914550781
2026-08-28T05:52:40Z,GOOG,2027-01-15,call,340.0,28.0,0.0,0.0,0.0039162109375,77.0,0,False,337.7099914550781
2026-08-28T05:52:40Z,GOOG,2027-01-15,call,345.0,25.55,0.0,0.0,0.007822421875,45.0,0,False,337.7099914550781
2026-08-28T05:52:40Z,GOOG,2027-01-15,call,350.0,23.6,0.0,0.0,0.015634843750000002,109.0,0,False,337.7099914550781
2026-08-28T05:52:40Z,GOOG,2027-01-15,call,355.0,21.57,0.0,0.0,0.015634843750000002,48.0,0,False,337.7099914550781
2026-08-28T05:52:40Z,GOOG,2027-01-15,call,360.0,19.84,0.0,0.0,0.0312596875,428.0,0,False,337.7099914550781
2026-08-28T05:52:40Z,GOOG,2027-01-15,call,365.0,17.7,0.0,0.0,0.0312596875,19.0,0,False,337.7099914550781
2026-08-28T05:52:40Z,GOOG,2027-01-15,call,370.0,16.28,0.0,0.0,0.0312596875,45.0,0,False,337.7099914550781
2026-08-28T05:52:40Z,GOOG,2027-01-15,call,375.0,14.8,0.0,0.0,0.0312596875,30.0,0,False,337.7099914550781
2026-08-28T05:52:40Z,GOOG,2027-01-15,call,380.0,13.46,0.0,0.0,0.0312596875,618.0,0,False,337.7099914550781
2026-08-28T05:52:40Z,GOOG,2027-01-15,call,385.0,12.16,0.0,0.0,0.0312596875,46.0,0,False,337.7099914550781
2026-08-28T05:52:40Z,GOOG,2027-01-15,call,390.0,10.85,0.0,0.0,0.062509375,19.0,0,False,337.7099914550781
2026-08-28T05:52:40Z,GOOG,2027-01-15,call,395.0,10.15,0.0,0.0,0.062509375,26.0,0,False,337.7099914550781
2026-08-28T05:52:40Z,GOOG,2027-01-15,call,400.0,9.05,0.0,0.0,0.062509375,1653.0,0,False,337.7099914550781
2026-08-28T05:52:40Z,GOOG,2027-01-15,call,405.0,8.44,0.0,0.0,0.062509375,23.0,0,False,337.7099914550781
2026-08-28T05:52:40Z,GOOG,2027-01-15,call,410.0,7.7,0.0,0.0,0.062509375,24.0,0,False,337.7099914550781
2026-08-28T05:52:40Z,GOOG,2027-01-15,call,420.0,6.2,0.0,0.0,0.062509375,62.0,0,False,337.7099914550781
2026-08-28T05:52:40Z,GOOG,2027-01-15,call,430.0,5.01,0.0,0.0,0.062509375,58.0,0,False,337.7099914550781
2026-08-28T05:52:40Z,GOOG,2027-01-15,call,440.0,4.18,0.0,0.0,0.062509375,45.0,0,False,337.7099914550781
2026-08-28T05:52:40Z,GOOG,2027-01-15,call,450.0,3.42,0.0,0.0,0.12500875,485.0,0,False,337.7099914550781
2026-08-28T05:52:40Z,GOOG,2027-01-15,call,460.0,2.86,0.0,0.0,0.12500875,246.0,0,False,337.7099914550781
2026-08-28T05:52:40Z,GOOG,2027-01-15,call,470.0,2.33,0.0,0.0,0.12500875,70.0,0,False,337.7099914550781
2026-08-28T05:52:40Z,GOOG,2027-01-15,call,480.0,2.01,0.0,0.0,0.12500875,22.0,0,False,337.7099914550781
2026-08-28T05:52:40Z,GOOG,2027-01-15,call,490.0,1.72,0.0,0.0,0.12500875,1.0,0,False,337.7099914550781
2026-08-28T05:52:40Z,GOOG,2027-01-15,call,500.0,1.45,0.0,0.0,0.12500875,118.0,0,False,337.7099914550781
2026-08-28T05:52:40Z,GOOG,2027-01-15,call,520.0,1.09,0.0,0.0,0.12500875,3.0,0,False,337.7099914550781
2026-08-28T05:52:40Z,GOOG,2027-01-15,call,530.0,1.02,0.0,0.0,0.12500875,1.0,0,False,337.7099914550781
2026-08-28T05:52:40Z,GOOG,2027-01-15,call,540.0,0.82,0.0,0.0,0.12500875,3.0,0,False,337.7099914550781
2026-08-28T05:52:40Z,GOOG,2027-01-15,call,550.0,0.7,0.0,0.0,0.12500875,34.0,0,False,337.7099914550781
2026-08-28T05:52:40Z,GOOG,2027-01-15,call,560.0,0.75,0.0,0.0,0.12500875,2.0,0,False,337.7099914550781
2026-08-28T05:52:40Z,GOOG,2027-01-15,call,580.0,0.5,0.0,0.0,0.12500875,13.0,0,False,337.7099914550781
2026-08-28T05:52:40Z,GOOG,2027-01-15,put,75.0,0.01,0.0,0.0,0.500005,2.0,0,False,337.7099914550781
2026-08-28T05:52:40Z,GOOG,2027-01-15,put,80.0,0.02,0.0,0.0,0.500005,6.0,0,False,337.7099914550781
2026-08-28T05:52:40Z,GOOG,2027-01-15,put,85.0,0.17,0.0,0.0,0.500005,1.0,0,False,337.7099914550781
2026-08-28T05:52:40Z,GOOG,2027-01-15,put,90.0,0.02,0.0,0.0,0.500005,2.0,0,False,337.7099914550781
2026-08-28T05:52:40Z,GOOG,2027-01-15,put,95.0,0.09,0.0,0.0,0.500005,2.0,0,False,337.7099914550781
2026-08-28T05:52:40Z,GOOG,2027-01-15,put,100.0,0.05,0.0,0.0,0.500005,1.0,0,False,337.7099914550781
2026-08-28T05:52:40Z,GOOG,2027-01-15,put,105.0,0.05,0.0,0.0,0.2500075,2.0,0,False,337.7099914550781
2026-08-28T05:52:40Z,GOOG,2027-01-15,put,110.0,0.09,0.0,0.0,0.2500075,2.0,0,False,337.7099914550781
2026-08-28T05:52:40Z,GOOG,2027-01-15,put,115.0,0.08,0.0,0.0,0.2500075,2.0,0,False,337.7099914550781
2026-08-28T05:52:40Z,GOOG,2027-01-15,put,120.0,0.07,0.0,0.0,0.2500075,2.0,0,False,337.7099914550781
2026-08-28T05:52:40Z,GOOG,2027-01-15,put,125.0,0.1,0.0,0.0,0.2500075,2.0,0,False,337.7099914550781
2026-08-28T05:52:40Z,GOOG,2027-01-15,put,130.0,0.1,0.0,0.0,0.2500075,2.0,0,False,337.7099914550781
2026-08-28T05:52:40Z,GOOG,2027-01-15,put,135.0,0.1,0.0,0.0,0.2500075,2.0,0,False,337.7099914550781
2026-08-28T05:52:40Z,GOOG,2027-01-15,put,140.0,0.09,0.0,0.0,0.2500075,2.0,0,False,337.7099914550781
2026-08-28T05:52:40Z,GOOG,2027-01-15,put,145.0,0.1,0.0,0.0,0.2500075,2.0,0,False,337.7099914550781
2026-08-28T05:52:40Z,GOOG,2027-01-15,put,150.0,0.14,0.0,0.0,0.2500075,2.0,0,False,337.7099914550781
2026-08-28T05:52:40Z,GOOG,2027-01-15,put,155.0,0.15,0.0,0.0,0.2500075,2.0,0,False,337.7099914550781
2026-08-28T05:52:40Z,GOOG,2027-01-15,put,160.0,0.12,0.0,0.0,0.2500075,8.0,0,False,337.7099914550781
2026-08-28T05:52:40Z,GOOG,2027-01-15,put,165.0,0.26,0.0,0.0,0.2500075,1.0,0,False,337.7099914550781
2026-08-28T05:52:40Z,GOOG,2027-01-15,put,170.0,0.15,0.0,0.0,0.2500075,7.0,0,False,337.7099914550781
2026-08-28T05:52:40Z,GOOG,2027-01-15,put,175.0,0.2,0.0,0.0,0.2500075,11.0,0,False,337.7099914550781
2026-08-28T05:52:40Z,GOOG,2027-01-15,put,180.0,0.25,0.0,0.0,0.2500075,3.0,0,False,337.7099914550781
2026-08-28T05:52:40Z,GOOG,2027-01-15,put,185.0,0.39,0.0,0.0,0.2500075,1.0,0,False,337.7099914550781
2026-08-28T05:52:40Z,GOOG,2027-01-15,put,190.0,0.3,0.0,0.0,0.12500875,2.0,0,False,337.7099914550781
2026-08-28T05:52:40Z,GOOG,2027-01-15,put,195.0,0.52,0.0,0.0,0.12500875,20.0,0,False,337.7099914550781
2026-08-28T05:52:40Z,GOOG,2027-01-15,put,200.0,0.47,0.0,0.0,0.12500875,3.0,0,False,337.7099914550781
2026-08-28T05:52:40Z,GOOG,2027-01-15,put,205.0,0.53,0.0,0.0,0.12500875,8.0,0,False,337.7099914550781
2026-08-28T05:52:40Z,GOOG,2027-01-15,put,210.0,0.65,0.0,0.0,0.12500875,3.0,0,False,337.7099914550781
2026-08-28T05:52:40Z,GOOG,2027-01-15,put,215.0,0.72,0.0,0.0,0.12500875,2.0,0,False,337.7099914550781
2026-08-28T05:52:40Z,GOOG,2027-01-15,put,220.0,0.87,0.0,0.0,0.12500875,3.0,0,False,337.7099914550781
2026-08-28T05:52:40Z,GOOG,2027-01-15,put,225.0,0.94,0.0,0.0,0.12500875,1.0,0,False,337.7099914550781
2026-08-28T05:52:40Z,GOOG,2027-01-15,put,230.0,1.14,0.0,0.0,0.12500875,1.0,0,False,337.7099914550781
2026-08-28T05:52:40Z,GOOG,2027-01-15,put,235.0,1.18,0.0,0.0,0.12500875,1.0,0,False,337.7099914550781
2026-08-28T05:52:40Z,GOOG,2027-01-15,put,240.0,1.43,0.0,0.0,0.12500875,1.0,0,False,337.7099914550781
2026-08-28T05:52:40Z,GOOG,2027-01-15,put,245.0,1.8,0.0,0.0,0.12500875,32.0,0,False,337.7099914550781
2026-08-28T05:52:40Z,GOOG,2027-01-15,put,250.0,2.19,0.0,0.0,0.12500875,5.0,0,False,337.7099914550781
2026-08-28T05:52:40Z,GOOG,2027-01-15,put,255.0,2.4,0.0,0.0,0.12500875,45.0,0,False,337.7099914550781
2026-08-28T05:52:40Z,GOOG,2027-01-15,put,260.0,2.8,0.0,0.0,0.062509375,31.0,0,False,337.7099914550781
2026-08-28T05:52:40Z,GOOG,2027-01-15,put,265.0,3.55,0.0,0.0,0.062509375,1.0,0,False,337.7099914550781
2026-08-28T05:52:40Z,GOOG,2027-01-15,put,270.0,3.86,0.0,0.0,0.062509375,5.0,0,False,337.7099914550781
2026-08-28T05:52:40Z,GOOG,2027-01-15,put,275.0,4.9,0.0,0.0,0.062509375,1.0,0,False,337.7099914550781
2026-08-28T05:52:40Z,GOOG,2027-01-15,put,280.0,5.35,0.0,0.0,0.062509375,64.0,0,False,337.7099914550781
2026-08-28T05:52:40Z,GOOG,2027-01-15,put,285.0,6.4,0.0,0.0,0.062509375,5.0,0,False,337.7099914550781
2026-08-28T05:52:40Z,GOOG,2027-01-15,put,290.0,7.1,0.0,0.0,0.062509375,69.0,0,False,337.7099914550781
2026-08-28T05:52:40Z,GOOG,2027-01-15,put,295.0,8.35,0.0,0.0,0.062509375,16.0,0,False,337.7099914550781
2026-08-28T05:52:40Z,GOOG,2027-01-15,put,300.0,9.7,0.0,0.0,0.0312596875,22.0,0,False,337.7099914550781
2026-08-28T05:52:40Z,GOOG,2027-01-15,put,305.0,10.99,0.0,0.0,0.0312596875,357.0,0,False,337.7099914550781
2026-08-28T05:52:40Z,GOOG,2027-01-15,put,310.0,12.42,0.0,0.0,0.0312596875,8.0,0,False,337.7099914550781
2026-08-28T05:52:40Z,GOOG,2027-01-15,put,315.0,14.24,0.0,0.0,0.0312596875,71.0,0,False,337.7099914550781
2026-08-28T05:52:40Z,GOOG,2027-01-15,put,320.0,15.98,0.0,0.0,0.015634843750000002,30.0,0,False,337.7099914550781
2026-08-28T05:52:40Z,GOOG,2027-01-15,put,325.0,17.61,0.0,0.0,0.015634843750000002,30.0,0,False,337.7099914550781
2026-08-28T05:52:40Z,GOOG,2027-01-15,put,330.0,20.35,0.0,0.0,0.007822421875,17.0,0,False,337.7099914550781
2026-08-28T05:52:40Z,GOOG,2027-01-15,put,335.0,22.63,0.0,0.0,0.0039162109375,21.0,0,False,337.7099914550781
2026-08-28T05:52:40Z,GOOG,2027-01-15,put,340.0,24.8,0.0,0.0,1.0000000000000003e-05,3.0,0,True,337.7099914550781
2026-08-28T05:52:40Z,GOOG,2027-01-15,put,345.0,27.65,0.0,0.0,1.0000000000000003e-05,4.0,0,True,337.7099914550781
2026-08-28T05:52:40Z,GOOG,2027-01-15,put,350.0,30.75,0.0,0.0,1.0000000000000003e-05,16.0,0,True,337.7099914550781
2026-08-28T05:52:40Z,GOOG,2027-01-15,put,355.0,34.2,0.0,0.0,1.0000000000000003e-05,1.0,0,True,337.7099914550781
2026-08-28T05:52:40Z,GOOG,2027-01-15,put,360.0,37.15,0.0,0.0,1.0000000000000003e-05,1.0,0,True,337.7099914550781
2026-08-28T05:52:40Z,GOOG,2027-01-15,put,365.0,41.23,0.0,0.0,1.0000000000000003e-05,4.0,0,True,337.7099914550781
2026-08-28T05:52:40Z,GOOG,2027-01-15,put,370.0,42.95,0.0,0.0,1.0000000000000003e-05,43.0,0,True,337.7099914550781
2026-08-28T05:52:40Z,GOOG,2027-01-15,put,375.0,46.92,0.0,0.0,1.0000000000000003e-05,20.0,0,True,337.7099914550781
2026-08-28T05:52:40Z,GOOG,2027-01-15,put,380.0,51.15,0.0,0.0,1.0000000000000003e-05,2.0,0,True,337.7099914550781
2026-08-28T05:52:40Z,GOOG,2027-01-15,put,385.0,51.15,0.0,0.0,1.0000000000000003e-05,1.0,0,True,337.7099914550781
2026-08-28T05:52:40Z,GOOG,2027-01-15,put,390.0,55.25,0.0,0.0,1.0000000000000003e-05,1.0,0,True,337.7099914550781
2026-08-28T05:52:40Z,GOOG,2027-01-15,put,395.0,58.05,0.0,0.0,1.0000000000000003e-05,4.0,0,True,337.7099914550781
2026-08-28T05:52:40Z,GOOG,2027-01-15,put,400.0,66.59,0.0,0.0,1.0000000000000003e-05,4.0,0,True,337.7099914550781
2026-08-28T05:52:40Z,GOOG,2027-01-15,put,405.0,71.65,0.0,0.0,1.0000000000000003e-05,27.0,0,True,337.7099914550781
2026-08-28T05:52:40Z,GOOG,2027-01-15,put,410.0,72.95,0.0,0.0,1.0000000000000003e-05,56.0,0,True,337.7099914550781
2026-08-28T05:52:40Z,GOOG,2027-01-15,put,420.0,81.5,0.0,0.0,1.0000000000000003e-05,5.0,0,True,337.7099914550781
2026-08-28T05:52:40Z,GOOG,2027-01-15,put,430.0,89.15,0.0,0.0,1.0000000000000003e-05,1.0,0,True,337.7099914550781
2026-08-28T05:52:40Z,GOOG,2027-01-15,put,440.0,101.43,0.0,0.0,1.0000000000000003e-05,1.0,0,True,337.7099914550781
2026-08-28T05:52:40Z,GOOG,2027-01-15,put,450.0,107.4,0.0,0.0,1.0000000000000003e-05,1.0,0,True,337.7099914550781
2026-08-28T05:52:40Z,GOOG,2027-01-15,put,460.0,116.4,0.0,0.0,1.0000000000000003e-05,775.0,0,True,337.7099914550781
2026-08-28T05:52:40Z,GOOG,2027-01-15,put,470.0,115.7,0.0,0.0,1.0000000000000003e-05,1.0,0,True,337.7099914550781
2026-08-28T05:52:40Z,GOOG,2027-01-15,put,480.0,142.85,0.0,0.0,1.0000000000000003e-05,3260.0,0,True,337.7099914550781
2026-08-28T05:52:40Z,GOOG,2027-01-15,put,490.0,152.25,0.0,0.0,1.0000000000000003e-05,10.0,0,True,337.7099914550781
2026-08-28T05:52:40Z,GOOG,2027-01-15,put,500.0,158.0,0.0,0.0,1.0000000000000003e-05,5.0,0,True,337.7099914550781
2026-08-28T05:52:40Z,GOOG,2027-01-15,put,520.0,129.5,148.9,151.95,1.0000000000000003e-05,,1,True,337.7099914550781
2026-08-28T05:52:40Z,GOOG,2027-01-15,put,550.0,185.6,203.2,207.05,1.0000000000000003e-05,1.0,0,True,337.7099914550781
